time_s,m28,m28_sigma,m32,m32_sigma,m44,m44_sigma
0.0000,5.445715e-12,2.653486e-13,4.115848e-11,5.292678e-13,1.354552e-13,2.027091e-13
0.0500,5.534726e-12,2.664167e-13,4.173827e-11,5.339061e-13,4.479810e-15,2.000896e-13
0.1000,5.214919e-12,2.625790e-13,4.224839e-11,5.379871e-13,-5.547870e-14,2.011096e-13
0.1500,5.504216e-12,2.660506e-13,4.145958e-11,5.316767e-13,-1.704335e-13,2.034087e-13
0.2000,5.376040e-12,2.645125e-13,4.108040e-11,5.286432e-13,-1.334174e-13,2.026683e-13
0.2500,5.553661e-12,2.666439e-13,4.265278e-11,5.412222e-13,-8.968258e-14,2.017937e-13
0.3000,5.383464e-12,2.646016e-13,4.179773e-11,5.343819e-13,5.532830e-13,2.110657e-13
0.3500,5.647678e-12,2.677721e-13,4.222476e-11,5.377981e-13,1.618903e-13,2.032378e-13
0.4000,5.129386e-12,2.615526e-13,4.175541e-11,5.340433e-13,2.520676e-13,2.050414e-13
0.4500,5.373537e-12,2.644824e-13,4.189891e-11,5.351913e-13,2.837470e-13,2.056749e-13
0.5000,5.258409e-12,2.631009e-13,4.219183e-11,5.375346e-13,3.602209e-14,2.007204e-13
0.5500,5.313452e-12,2.637614e-13,4.180902e-11,5.344721e-13,4.552422e-13,2.091048e-13
0.6000,5.537893e-12,2.664547e-13,4.210841e-11,5.368673e-13,7.113030e-14,2.014226e-13
0.6500,5.649249e-12,2.677910e-13,4.141057e-11,5.312846e-13,2.782410e-13,2.055648e-13
0.7000,5.293066e-12,2.635168e-13,4.166802e-11,5.333441e-13,1.887103e-14,2.003774e-13
0.7500,5.628257e-12,2.675391e-13,4.159421e-11,5.327537e-13,5.815055e-14,2.011630e-13
0.8000,5.460249e-12,2.655230e-13,4.202673e-11,5.362139e-13,4.549470e-14,2.009099e-13
0.8500,5.848088e-12,2.701771e-13,4.179869e-11,5.343895e-13,3.648247e-13,2.072965e-13
0.9000,5.552822e-12,2.666339e-13,4.168019e-11,5.334415e-13,6.073360e-13,2.121467e-13
0.9500,5.327981e-12,2.639358e-13,4.201087e-11,5.360870e-13,6.475827e-13,2.129517e-13
1.0000,5.345950e-12,2.641514e-13,4.195344e-11,5.356275e-13,-3.022782e-15,2.000605e-13
1.0500,5.309809e-12,2.637177e-13,4.239747e-11,5.391797e-13,4.050640e-13,2.081013e-13
1.1000,5.673027e-12,2.680763e-13,4.180407e-11,5.344326e-13,2.068664e-13,2.041373e-13
1.1500,5.736899e-12,2.688428e-13,4.198980e-11,5.359184e-13,4.211735e-13,2.084235e-13
1.2000,5.388698e-12,2.646644e-13,4.182589e-11,5.346071e-13,6.508447e-13,2.130169e-13
1.2500,5.652738e-12,2.678329e-13,4.170586e-11,5.336469e-13,8.547872e-13,2.170957e-13
1.3000,5.522272e-12,2.662673e-13,4.209678e-11,5.367743e-13,-9.178181e-15,2.001836e-13
1.3500,5.693725e-12,2.683247e-13,4.178198e-11,5.342558e-13,7.900036e-13,2.158001e-13
1.4000,5.707783e-12,2.684934e-13,4.184683e-11,5.347747e-13,5.109257e-13,2.102185e-13
1.4500,5.365000e-12,2.643800e-13,4.166356e-11,5.333085e-13,6.734215e-13,2.134684e-13
1.5000,5.277277e-12,2.633273e-13,4.161119e-11,5.328895e-13,5.595890e-13,2.111918e-13
1.5500,5.498470e-12,2.659816e-13,4.197386e-11,5.357909e-13,5.387742e-13,2.107755e-13
1.6000,5.247694e-12,2.629723e-13,4.179326e-11,5.343461e-13,1.693165e-13,2.033863e-13
1.6500,5.262634e-12,2.631516e-13,4.165370e-11,5.332296e-13,7.109714e-13,2.142194e-13
1.7000,5.364575e-12,2.643749e-13,4.153308e-11,5.322646e-13,1.775002e-13,2.035500e-13
1.7500,5.553628e-12,2.666435e-13,4.156639e-11,5.325311e-13,5.864107e-13,2.117282e-13
1.8000,5.178829e-12,2.621459e-13,4.177131e-11,5.341705e-13,5.805414e-13,2.116108e-13
1.8500,5.331661e-12,2.639799e-13,4.161555e-11,5.329244e-13,5.015647e-13,2.100313e-13
1.9000,5.668980e-12,2.680278e-13,4.143546e-11,5.314837e-13,4.876885e-13,2.097538e-13
1.9500,5.484333e-12,2.658120e-13,4.064404e-11,5.251523e-13,6.078794e-13,2.121576e-13
2.0000,5.466581e-12,2.655990e-13,4.232101e-11,5.385681e-13,2.773169e-13,2.055463e-13
2.0500,5.266693e-12,2.632003e-13,4.153573e-11,5.322859e-13,5.179567e-13,2.103591e-13
2.1000,5.554701e-12,2.666564e-13,4.129943e-11,5.303955e-13,4.979514e-13,2.099590e-13
2.1500,5.274973e-12,2.632997e-13,4.156786e-11,5.325429e-13,5.132711e-13,2.102654e-13
2.2000,5.248160e-12,2.629779e-13,4.168262e-11,5.334610e-13,8.899620e-13,2.177992e-13
2.2500,5.270955e-12,2.632515e-13,4.199746e-11,5.359797e-13,7.072987e-13,2.141460e-13
2.3000,5.262458e-12,2.631495e-13,4.170745e-11,5.336596e-13,8.925172e-13,2.178503e-13
2.3500,5.653441e-12,2.678413e-13,4.167073e-11,5.333658e-13,6.025414e-13,2.120508e-13
2.4000,5.560951e-12,2.667314e-13,4.205229e-11,5.364183e-13,6.794703e-13,2.135894e-13
2.4500,5.566953e-12,2.668034e-13,4.151986e-11,5.321589e-13,6.210311e-13,2.124206e-13
2.5000,5.368163e-12,2.644180e-13,4.224821e-11,5.379857e-13,5.589033e-13,2.111781e-13
2.5500,6.128181e-12,2.735382e-13,4.175120e-11,5.340096e-13,4.255880e-13,2.085118e-13
2.6000,5.512900e-12,2.661548e-13,4.149720e-11,5.319776e-13,9.735497e-13,2.194710e-13
2.6500,5.394445e-12,2.647333e-13,4.153126e-11,5.322501e-13,9.145540e-13,2.182911e-13
2.7000,5.670999e-12,2.680520e-13,4.147107e-11,5.317686e-13,4.951474e-13,2.099029e-13
2.7500,5.430430e-12,2.651652e-13,4.111977e-11,5.289582e-13,7.923787e-13,2.158476e-13
2.8000,5.091848e-12,2.611022e-13,4.259781e-11,5.407824e-13,7.673728e-13,2.153475e-13
2.8500,5.454464e-12,2.654536e-13,4.118904e-11,5.295123e-13,5.943347e-13,2.118867e-13
2.9000,5.437071e-12,2.652449e-13,4.108715e-11,5.286972e-13,3.722827e-13,2.074457e-13
2.9500,5.507511e-12,2.660901e-13,4.155870e-11,5.324696e-13,8.936061e-13,2.178721e-13
3.0000,5.869861e-12,2.704383e-13,4.183873e-11,5.347099e-13,7.321591e-13,2.146432e-13
3.0500,5.340582e-12,2.640870e-13,4.192674e-11,5.354139e-13,7.590768e-13,2.151815e-13
3.1000,5.424351e-12,2.650922e-13,4.246708e-11,5.397366e-13,7.376286e-13,2.147526e-13
3.1500,5.619070e-12,2.674288e-13,4.177643e-11,5.342114e-13,8.084290e-13,2.161686e-13
3.2000,5.487259e-12,2.658471e-13,4.183152e-11,5.346522e-13,9.186661e-13,2.183733e-13
3.2500,5.241303e-12,2.628956e-13,4.168889e-11,5.335111e-13,7.837761e-13,2.156755e-13
3.3000,5.277203e-12,2.633264e-13,4.104043e-11,5.283234e-13,6.450521e-13,2.129010e-13
3.3500,5.258564e-12,2.631028e-13,4.189477e-11,5.351582e-13,1.085816e-12,2.217163e-13
3.4000,5.663151e-12,2.679578e-13,4.170221e-11,5.336177e-13,6.656850e-13,2.133137e-13
3.4500,5.274652e-12,2.632958e-13,4.138209e-11,5.310567e-13,9.066998e-13,2.181340e-13
3.5000,5.416321e-12,2.649959e-13,4.177374e-11,5.341899e-13,1.134514e-12,2.226903e-13
3.5500,5.489910e-12,2.658789e-13,4.254327e-11,5.403462e-13,6.252200e-13,2.125044e-13
3.6000,5.589344e-12,2.670721e-13,4.176948e-11,5.341559e-13,7.902442e-13,2.158049e-13
3.6500,5.595141e-12,2.671417e-13,4.178065e-11,5.342452e-13,9.361248e-13,2.187225e-13
3.7000,5.294418e-12,2.635330e-13,4.131513e-11,5.305211e-13,6.792770e-13,2.135855e-13
3.7500,5.645090e-12,2.677411e-13,4.111722e-11,5.289378e-13,8.630591e-13,2.172612e-13
3.8000,5.412300e-12,2.649476e-13,4.190168e-11,5.352134e-13,7.547372e-13,2.150947e-13
3.8500,5.585027e-12,2.670203e-13,4.211828e-11,5.369463e-13,1.136764e-12,2.227353e-13
3.9000,5.448663e-12,2.653840e-13,4.132453e-11,5.305962e-13,9.945103e-13,2.198902e-13
3.9500,5.930255e-12,2.711631e-13,4.169322e-11,5.335458e-13,1.184944e-12,2.236989e-13
4.0000,4.850637e-12,2.582076e-13,4.181733e-11,5.345387e-13,8.278736e-13,2.165575e-13
4.0500,5.824167e-12,2.698900e-13,4.172426e-11,5.337940e-13,1.081125e-12,2.216225e-13
4.1000,5.813303e-12,2.697596e-13,4.220276e-11,5.376221e-13,8.862717e-13,2.177254e-13
4.1500,5.557191e-12,2.666863e-13,4.195348e-11,5.356279e-13,8.434723e-13,2.168694e-13
4.2000,5.748401e-12,2.689808e-13,4.194086e-11,5.355269e-13,1.106445e-12,2.221289e-13
4.2500,5.415076e-12,2.649809e-13,4.154763e-11,5.323810e-13,8.028195e-13,2.160564e-13
4.3000,5.301170e-12,2.636140e-13,4.146123e-11,5.316898e-13,9.911991e-13,2.198240e-13
4.3500,5.708825e-12,2.685059e-13,4.167051e-11,5.333641e-13,1.196758e-12,2.239352e-13
4.4000,5.671542e-12,2.680585e-13,4.208779e-11,5.367023e-13,8.841435e-13,2.176829e-13
4.4500,5.508987e-12,2.661078e-13,4.182503e-11,5.346003e-13,8.682322e-13,2.173646e-13
4.5000,5.680383e-12,2.681646e-13,4.219278e-11,5.375422e-13,8.722902e-13,2.174458e-13
4.5500,5.591998e-12,2.671040e-13,4.174231e-11,5.339385e-13,1.145498e-12,2.229100e-13
4.6000,5.259333e-12,2.631120e-13,4.179912e-11,5.343930e-13,8.192043e-13,2.163841e-13
4.6500,5.742160e-12,2.689059e-13,4.160370e-11,5.328296e-13,1.190255e-12,2.238051e-13
4.7000,5.690751e-12,2.682890e-13,4.169168e-11,5.335335e-13,8.515316e-13,2.170306e-13
4.7500,5.503934e-12,2.660472e-13,4.201438e-11,5.361151e-13,6.714973e-13,2.134299e-13
4.8000,5.234351e-12,2.628122e-13,4.203050e-11,5.362440e-13,6.772262e-13,2.135445e-13
4.8500,5.397279e-12,2.647673e-13,4.189952e-11,5.351962e-13,1.281553e-12,2.256311e-13
4.9000,4.955068e-12,2.594608e-13,4.217143e-11,5.373715e-13,9.565381e-13,2.191308e-13
4.9500,5.553174e-12,2.666381e-13,4.125869e-11,5.300695e-13,8.899440e-13,2.177989e-13
5.0000,5.269973e-12,2.632397e-13,4.147130e-11,5.317704e-13,1.209411e-12,2.241882e-13
5.0500,5.431811e-12,2.651817e-13,4.172668e-11,5.338134e-13,1.028738e-12,2.205748e-13
5.1000,5.408026e-12,2.648963e-13,4.122726e-11,5.298181e-13,8.003485e-13,2.160070e-13
5.1500,5.491848e-12,2.659022e-13,4.204469e-11,5.363576e-13,5.647269e-13,2.112945e-13
5.2000,5.351931e-12,2.642232e-13,4.129385e-11,5.303508e-13,5.891869e-13,2.117837e-13
5.2500,5.691261e-12,2.682951e-13,4.182620e-11,5.346096e-13,7.010680e-13,2.140214e-13
5.3000,5.045632e-12,2.605476e-13,4.207896e-11,5.366317e-13,1.089919e-12,2.217984e-13
5.3500,5.458727e-12,2.655047e-13,4.115768e-11,5.292614e-13,7.463368e-13,2.149267e-13
5.4000,5.496496e-12,2.659579e-13,4.183072e-11,5.346458e-13,8.167447e-13,2.163349e-13
5.4500,5.612929e-12,2.673551e-13,4.158572e-11,5.326857e-13,1.128552e-12,2.225710e-13
5.5000,5.500939e-12,2.660113e-13,4.173793e-11,5.339034e-13,9.770104e-13,2.195402e-13
5.5500,5.389862e-12,2.646783e-13,4.155838e-11,5.324670e-13,1.079619e-12,2.215924e-13
5.6000,5.275014e-12,2.633002e-13,4.174606e-11,5.339684e-13,1.175162e-12,2.235032e-13
5.6500,5.680642e-12,2.681677e-13,4.190420e-11,5.352336e-13,1.379475e-12,2.275895e-13
5.7000,6.101349e-12,2.732162e-13,4.190255e-11,5.352204e-13,7.895069e-13,2.157901e-13
5.7500,5.418852e-12,2.650262e-13,4.168487e-11,5.334789e-13,1.297131e-12,2.259426e-13
5.8000,5.380035e-12,2.645604e-13,4.176696e-11,5.341357e-13,1.231587e-12,2.246317e-13
5.8500,5.631095e-12,2.675731e-13,4.170023e-11,5.336018e-13,1.430890e-12,2.286178e-13
5.9000,5.422272e-12,2.650673e-13,4.158254e-11,5.326603e-13,1.101982e-12,2.220396e-13
5.9500,5.163144e-12,2.619577e-13,4.159094e-11,5.327275e-13,1.033815e-12,2.206763e-13
6.0000,5.480019e-12,2.657602e-13,4.214387e-11,5.371510e-13,9.545475e-13,2.190910e-13
6.0500,5.819834e-12,2.698380e-13,4.156210e-11,5.324968e-13,7.317727e-13,2.146355e-13
6.1000,5.208241e-12,2.624989e-13,4.189769e-11,5.351815e-13,9.985824e-13,2.199716e-13
6.1500,5.294406e-12,2.635329e-13,4.158267e-11,5.326613e-13,1.225984e-12,2.245197e-13
6.2000,5.693724e-12,2.683247e-13,4.100475e-11,5.280380e-13,1.081128e-12,2.216226e-13
6.2500,5.778903e-12,2.693468e-13,4.221436e-11,5.377149e-13,8.553794e-13,2.171076e-13
6.3000,5.350814e-12,2.642098e-13,4.163355e-11,5.330684e-13,1.055604e-12,2.211121e-13
6.3500,5.437003e-12,2.652440e-13,4.154177e-11,5.323342e-13,1.010125e-12,2.202025e-13
6.4000,5.843641e-12,2.701237e-13,4.171705e-11,5.337364e-13,1.042364e-12,2.208473e-13
6.4500,5.198143e-12,2.623777e-13,4.187528e-11,5.350022e-13,8.530686e-13,2.170614e-13
6.5000,5.590553e-12,2.670866e-13,4.147616e-11,5.318093e-13,7.921361e-13,2.158427e-13
6.5500,5.687814e-12,2.682538e-13,4.205352e-11,5.364282e-13,9.164299e-13,2.183286e-13
6.6000,5.265325e-12,2.631839e-13,4.152395e-11,5.321916e-13,9.666350e-13,2.193327e-13
6.6500,5.495108e-12,2.659413e-13,4.174627e-11,5.339701e-13,6.478782e-13,2.129576e-13
6.7000,5.536309e-12,2.664357e-13,4.137915e-11,5.310332e-13,1.229842e-12,2.245968e-13
6.7500,5.070415e-12,2.608450e-13,4.191511e-11,5.353209e-13,1.137324e-12,2.227465e-13
6.8000,5.260025e-12,2.631203e-13,4.192842e-11,5.354274e-13,1.211122e-12,2.242224e-13
6.8500,5.417203e-12,2.650064e-13,4.150439e-11,5.320351e-13,1.203196e-12,2.240639e-13
6.9000,5.599995e-12,2.671999e-13,4.215636e-11,5.372509e-13,1.058477e-12,2.211695e-13
6.9500,5.701258e-12,2.684151e-13,4.263493e-11,5.410794e-13,1.079162e-12,2.215832e-13
7.0000,5.404220e-12,2.648506e-13,4.183072e-11,5.346458e-13,1.025576e-12,2.205115e-13
7.0500,5.259058e-12,2.631087e-13,4.159405e-11,5.327524e-13,1.013926e-12,2.202785e-13
7.1000,5.469120e-12,2.656294e-13,4.173987e-11,5.339190e-13,1.228284e-12,2.245657e-13
7.1500,5.344050e-12,2.641286e-13,4.199030e-11,5.359224e-13,1.190863e-12,2.238173e-13
7.2000,5.352640e-12,2.642317e-13,4.219788e-11,5.375830e-13,1.290732e-12,2.258146e-13
7.2500,5.612081e-12,2.673450e-13,4.172766e-11,5.338213e-13,1.057286e-12,2.211457e-13
7.3000,5.294542e-12,2.635345e-13,4.208147e-11,5.366518e-13,1.059876e-12,2.211975e-13
7.3500,5.801504e-12,2.696180e-13,4.206602e-11,5.365282e-13,1.110650e-12,2.222130e-13
7.4000,5.737853e-12,2.688542e-13,4.160008e-11,5.328007e-13,1.407148e-12,2.281430e-13
7.4500,5.240323e-12,2.628839e-13,4.168162e-11,5.334530e-13,1.066545e-12,2.213309e-13
7.5000,5.682940e-12,2.681953e-13,4.198133e-11,5.358506e-13,6.926027e-13,2.138521e-13
7.5500,5.628814e-12,2.675458e-13,4.213397e-11,5.370717e-13,1.182755e-12,2.236551e-13
7.6000,5.196333e-12,2.623560e-13,4.151358e-11,5.321086e-13,1.440346e-12,2.288069e-13
7.6500,5.619340e-12,2.674321e-13,4.169214e-11,5.335371e-13,1.113554e-12,2.222711e-13
7.7000,5.147388e-12,2.617687e-13,4.082463e-11,5.265970e-13,1.546605e-12,2.309321e-13
7.7500,5.342830e-12,2.641140e-13,4.163681e-11,5.330945e-13,1.174957e-12,2.234991e-13
7.8000,5.250598e-12,2.630072e-13,4.099658e-11,5.279726e-13,1.178150e-12,2.235630e-13
7.8500,5.644678e-12,2.677361e-13,4.175615e-11,5.340492e-13,8.727825e-13,2.174556e-13
7.9000,5.491227e-12,2.658947e-13,4.194791e-11,5.355833e-13,1.505597e-12,2.301119e-13
7.9500,5.544506e-12,2.665341e-13,4.140770e-11,5.312616e-13,1.197437e-12,2.239487e-13
8.0000,5.396026e-12,2.647523e-13,4.150308e-11,5.320246e-13,1.050293e-12,2.210059e-13
8.0500,5.623400e-12,2.674808e-13,4.143781e-11,5.315025e-13,1.036427e-12,2.207285e-13
8.1000,5.933691e-12,2.712043e-13,4.197319e-11,5.357856e-13,1.177702e-12,2.235540e-13
8.1500,5.596043e-12,2.671525e-13,4.181329e-11,5.345063e-13,9.860478e-13,2.197210e-13
8.2000,5.339150e-12,2.640698e-13,4.168476e-11,5.334781e-13,9.827025e-13,2.196541e-13
8.2500,5.681455e-12,2.681775e-13,4.166048e-11,5.332838e-13,1.607998e-12,2.321600e-13
8.3000,5.266062e-12,2.631927e-13,4.159104e-11,5.327283e-13,1.357814e-12,2.271563e-13
8.3500,5.314066e-12,2.637688e-13,4.156139e-11,5.324912e-13,8.714100e-13,2.174282e-13
8.4000,5.749587e-12,2.689950e-13,4.154598e-11,5.323678e-13,1.179953e-12,2.235991e-13
8.4500,5.512008e-12,2.661441e-13,4.174739e-11,5.339791e-13,1.113719e-12,2.222744e-13
8.5000,5.333210e-12,2.639985e-13,4.246554e-11,5.397243e-13,1.010999e-12,2.202200e-13
8.5500,5.864150e-12,2.703698e-13,4.226242e-11,5.380994e-13,1.275888e-12,2.255178e-13
8.6000,5.636489e-12,2.676379e-13,4.101982e-11,5.281586e-13,1.104488e-12,2.220898e-13
8.6500,5.387233e-12,2.646468e-13,4.192928e-11,5.354342e-13,1.527805e-12,2.305561e-13
8.7000,5.629968e-12,2.675596e-13,4.147528e-11,5.318022e-13,1.129864e-12,2.225973e-13
8.7500,5.826319e-12,2.699158e-13,4.198957e-11,5.359165e-13,1.125482e-12,2.225096e-13
8.8000,5.421166e-12,2.650540e-13,4.130568e-11,5.304454e-13,9.995401e-13,2.199908e-13
8.8500,5.518794e-12,2.662255e-13,4.132089e-11,5.305671e-13,8.465895e-13,2.169318e-13
8.9000,5.686780e-12,2.682414e-13,4.108239e-11,5.286591e-13,1.520745e-12,2.304149e-13
8.9500,5.282310e-12,2.633877e-13,4.154279e-11,5.323424e-13,1.349651e-12,2.269930e-13
9.0000,5.345416e-12,2.641450e-13,4.136800e-11,5.309440e-13,1.336077e-12,2.267215e-13
9.0500,5.564165e-12,2.667700e-13,4.117108e-11,5.293687e-13,1.245185e-12,2.249037e-13
9.1000,5.484230e-12,2.658108e-13,4.152673e-11,5.322138e-13,1.336438e-12,2.267288e-13
9.1500,5.493426e-12,2.659211e-13,4.147648e-11,5.318118e-13,1.135895e-12,2.227179e-13
9.2000,5.299716e-12,2.635966e-13,4.113845e-11,5.291076e-13,1.383736e-12,2.276747e-13
9.2500,5.732178e-12,2.687861e-13,4.158368e-11,5.326695e-13,8.550115e-13,2.171002e-13
9.3000,5.617087e-12,2.674050e-13,4.175881e-11,5.340705e-13,1.469669e-12,2.293934e-13
9.3500,5.361355e-12,2.643363e-13,4.121275e-11,5.297020e-13,1.592504e-12,2.318501e-13
9.4000,5.647112e-12,2.677653e-13,4.222824e-11,5.378259e-13,1.049956e-12,2.209991e-13
9.4500,5.615030e-12,2.673804e-13,4.137410e-11,5.309928e-13,1.181430e-12,2.236286e-13
9.5000,5.347301e-12,2.641676e-13,4.169699e-11,5.335759e-13,1.380823e-12,2.276165e-13
9.5500,5.704749e-12,2.684570e-13,4.152394e-11,5.321915e-13,8.813928e-13,2.176279e-13
9.6000,5.481145e-12,2.657737e-13,4.163848e-11,5.331079e-13,1.392601e-12,2.278520e-13
9.6500,5.424157e-12,2.650899e-13,4.185281e-11,5.348225e-13,7.311213e-13,2.146224e-13
9.7000,5.391961e-12,2.647035e-13,4.183663e-11,5.346930e-13,1.065696e-12,2.213139e-13
9.7500,5.363827e-12,2.643659e-13,4.150058e-11,5.320046e-13,1.229105e-12,2.245821e-13
9.8000,5.181522e-12,2.621783e-13,4.168485e-11,5.334788e-13,1.270024e-12,2.254005e-13
9.8500,5.244563e-12,2.629348e-13,4.209219e-11,5.367375e-13,9.997336e-13,2.199947e-13
9.9000,5.650096e-12,2.678011e-13,4.201577e-11,5.361261e-13,1.382168e-12,2.276434e-13
9.9500,5.270556e-12,2.632467e-13,4.153313e-11,5.322650e-13,1.149393e-12,2.229879e-13
10.0000,5.714786e-12,2.685774e-13,4.182869e-11,5.346295e-13,9.760667e-13,2.195213e-13
10.0500,5.800824e-12,2.696099e-13,4.139753e-11,5.311803e-13,8.383276e-13,2.167666e-13
10.1000,5.670833e-12,2.680500e-13,4.204099e-11,5.363279e-13,1.086407e-12,2.217281e-13
10.1500,5.683557e-12,2.682027e-13,4.150830e-11,5.320664e-13,7.713296e-13,2.154266e-13
10.2000,5.540865e-12,2.664904e-13,4.150958e-11,5.320767e-13,1.518464e-12,2.303693e-13
10.2500,5.429285e-12,2.651514e-13,4.184405e-11,5.347524e-13,1.559872e-12,2.311974e-13
10.3000,5.744997e-12,2.689400e-13,4.111121e-11,5.288897e-13,1.447803e-12,2.289561e-13
10.3500,5.627695e-12,2.675323e-13,4.231654e-11,5.385323e-13,1.034070e-12,2.206814e-13
10.4000,5.491992e-12,2.659039e-13,4.191234e-11,5.352987e-13,9.096771e-13,2.181935e-13
10.4500,5.448746e-12,2.653850e-13,4.165340e-11,5.332272e-13,1.278786e-12,2.255757e-13
10.5000,5.404324e-12,2.648519e-13,4.119100e-11,5.295280e-13,1.271667e-12,2.254333e-13
10.5500,5.471035e-12,2.656524e-13,4.153128e-11,5.322502e-13,1.539104e-12,2.307821e-13
10.6000,5.732457e-12,2.687895e-13,4.128707e-11,5.302966e-13,9.336990e-13,2.186740e-13
10.6500,5.246924e-12,2.629631e-13,4.134329e-11,5.307464e-13,1.405472e-12,2.281094e-13
10.7000,5.381044e-12,2.645725e-13,4.133136e-11,5.306509e-13,7.050454e-13,2.141009e-13
10.7500,5.464176e-12,2.655701e-13,4.120337e-11,5.296269e-13,1.213145e-12,2.242629e-13
10.8000,5.121737e-12,2.614608e-13,4.121706e-11,5.297365e-13,1.364368e-12,2.272874e-13
10.8500,5.350821e-12,2.642099e-13,4.197213e-11,5.357770e-13,1.211993e-12,2.242399e-13
10.9000,5.125602e-12,2.615072e-13,4.139145e-11,5.311316e-13,1.521771e-12,2.304354e-13
10.9500,5.425883e-12,2.651106e-13,4.140699e-11,5.312560e-13,1.187664e-12,2.237533e-13
11.0000,5.428832e-12,2.651460e-13,4.169454e-11,5.335563e-13,1.150520e-12,2.230104e-13
11.0500,5.862607e-12,2.703513e-13,4.198903e-11,5.359122e-13,1.314419e-12,2.262884e-13
11.1000,5.707640e-12,2.684917e-13,4.154158e-11,5.323327e-13,1.397659e-12,2.279532e-13
11.1500,5.300294e-12,2.636035e-13,4.169014e-11,5.335211e-13,7.660064e-13,2.153201e-13
11.2000,5.722201e-12,2.686664e-13,4.184287e-11,5.347430e-13,1.165281e-12,2.233056e-13
11.2500,5.643079e-12,2.677169e-13,4.203059e-11,5.362448e-13,9.582715e-13,2.191654e-13
11.3000,5.616363e-12,2.673964e-13,4.173403e-11,5.338722e-13,1.340537e-12,2.268107e-13
11.3500,5.642334e-12,2.677080e-13,4.102191e-11,5.281753e-13,1.478358e-12,2.295672e-13
11.4000,5.573005e-12,2.668761e-13,4.201012e-11,5.360810e-13,1.259726e-12,2.251945e-13
11.4500,5.918893e-12,2.710267e-13,4.193508e-11,5.354806e-13,1.125250e-12,2.225050e-13
11.5000,5.758243e-12,2.690989e-13,4.149113e-11,5.319291e-13,1.100516e-12,2.220103e-13
11.5500,5.486815e-12,2.658418e-13,4.176682e-11,5.341346e-13,1.107739e-12,2.221548e-13
11.6000,5.272172e-12,2.632661e-13,4.181151e-11,5.344921e-13,1.051977e-12,2.210395e-13
11.6500,5.324726e-12,2.638967e-13,4.154670e-11,5.323736e-13,6.868258e-13,2.137365e-13
11.7000,5.706611e-12,2.684793e-13,4.095427e-11,5.276342e-13,1.063616e-12,2.212723e-13
11.7500,5.600768e-12,2.672092e-13,4.220417e-11,5.376334e-13,7.474011e-13,2.149480e-13
11.8000,5.929132e-12,2.711496e-13,4.107503e-11,5.286002e-13,8.050816e-13,2.161016e-13
11.8500,5.463509e-12,2.655621e-13,4.103765e-11,5.283012e-13,1.275803e-12,2.255161e-13
11.9000,5.922735e-12,2.710728e-13,4.130141e-11,5.304113e-13,1.491637e-12,2.298327e-13
11.9500,5.411513e-12,2.649382e-13,4.175335e-11,5.340268e-13,1.242504e-12,2.248501e-13
12.0000,6.185902e-12,2.742308e-13,4.081134e-11,5.264907e-13,1.442622e-12,2.288524e-13
12.0500,6.501919e-12,2.780230e-13,4.124758e-11,5.299806e-13,9.752151e-13,2.195043e-13
12.1000,7.440322e-12,2.892839e-13,4.105838e-11,5.284670e-13,1.391467e-12,2.278293e-13
12.1500,7.556680e-12,2.906802e-13,4.078133e-11,5.262506e-13,9.526952e-13,2.190539e-13
12.2000,8.403263e-12,3.008392e-13,4.125684e-11,5.300547e-13,1.214341e-12,2.242868e-13
12.2500,8.992735e-12,3.079128e-13,4.123323e-11,5.298658e-13,1.211047e-12,2.242209e-13
12.3000,9.266229e-12,3.111947e-13,4.159261e-11,5.327409e-13,1.612584e-12,2.322517e-13
12.3500,9.834786e-12,3.180174e-13,4.218166e-11,5.374533e-13,1.227443e-12,2.245489e-13
12.4000,1.035665e-11,3.242798e-13,4.224479e-11,5.379583e-13,1.541883e-12,2.308377e-13
12.4500,1.029505e-11,3.235406e-13,4.146644e-11,5.317315e-13,1.042267e-12,2.208453e-13
12.5000,1.127349e-11,3.352818e-13,4.155765e-11,5.324612e-13,1.300704e-12,2.260141e-13
12.5500,1.162022e-11,3.394427e-13,4.148583e-11,5.318866e-13,1.638250e-12,2.327650e-13
12.6000,1.136470e-11,3.363763e-13,4.142605e-11,5.314084e-13,1.302760e-12,2.260552e-13
12.6500,1.230201e-11,3.476241e-13,4.205921e-11,5.364737e-13,1.463393e-12,2.292679e-13
12.7000,1.224499e-11,3.469399e-13,4.140255e-11,5.312204e-13,1.351668e-12,2.270334e-13
12.7500,1.266947e-11,3.520337e-13,4.126919e-11,5.301535e-13,1.407575e-12,2.281515e-13
12.8000,1.258235e-11,3.509882e-13,4.157434e-11,5.325948e-13,1.641329e-12,2.328266e-13
12.8500,1.327638e-11,3.593166e-13,4.183002e-11,5.346401e-13,1.832871e-12,2.366574e-13
12.9000,1.353914e-11,3.624696e-13,4.238780e-11,5.391024e-13,1.731653e-12,2.346331e-13
12.9500,1.435463e-11,3.722556e-13,4.206446e-11,5.365157e-13,1.542917e-12,2.308583e-13
13.0000,1.512325e-11,3.814791e-13,4.128854e-11,5.303084e-13,1.612015e-12,2.322403e-13
13.0500,1.506587e-11,3.807905e-13,4.165343e-11,5.332274e-13,2.040713e-12,2.408143e-13
13.1000,1.477520e-11,3.773024e-13,4.148150e-11,5.318520e-13,1.785079e-12,2.357016e-13
13.1500,1.531164e-11,3.837397e-13,4.161613e-11,5.329290e-13,1.663320e-12,2.332664e-13
13.2000,1.559016e-11,3.870820e-13,4.121959e-11,5.297567e-13,2.003061e-12,2.400612e-13
13.2500,1.528602e-11,3.834323e-13,4.140563e-11,5.312451e-13,2.062509e-12,2.412502e-13
13.3000,1.621307e-11,3.945569e-13,4.163047e-11,5.330438e-13,2.124470e-12,2.424894e-13
13.3500,1.599762e-11,3.919714e-13,4.171217e-11,5.336973e-13,2.283747e-12,2.456749e-13
13.4000,1.611595e-11,3.933914e-13,4.118216e-11,5.294573e-13,2.353320e-12,2.470664e-13
13.4500,1.609793e-11,3.931752e-13,4.120409e-11,5.296328e-13,1.978126e-12,2.395625e-13
13.5000,1.635184e-11,3.962221e-13,4.186796e-11,5.349437e-13,2.274512e-12,2.454902e-13
13.5500,1.703597e-11,4.044316e-13,4.198932e-11,5.359146e-13,2.000973e-12,2.400195e-13
13.6000,1.712818e-11,4.055382e-13,4.129029e-11,5.303223e-13,2.186726e-12,2.437345e-13
13.6500,1.676106e-11,4.011328e-13,4.155571e-11,5.324456e-13,2.342751e-12,2.468550e-13
13.7000,1.749236e-11,4.099084e-13,4.127601e-11,5.302080e-13,2.501012e-12,2.500202e-13
13.7500,1.779445e-11,4.135334e-13,4.135804e-11,5.308643e-13,1.833425e-12,2.366685e-13
13.8000,1.771385e-11,4.125662e-13,4.128003e-11,5.302402e-13,2.622310e-12,2.524462e-13
13.8500,1.780094e-11,4.136113e-13,4.084367e-11,5.267494e-13,2.664538e-12,2.532908e-13
13.9000,1.793452e-11,4.152143e-13,4.054922e-11,5.243938e-13,2.645263e-12,2.529053e-13
13.9500,1.791404e-11,4.149685e-13,4.067107e-11,5.253686e-13,2.917300e-12,2.583460e-13
14.0000,1.747990e-11,4.097588e-13,4.092974e-11,5.274379e-13,2.841528e-12,2.568306e-13
14.0500,1.744506e-11,4.093407e-13,4.069573e-11,5.255659e-13,2.755402e-12,2.551080e-13
14.1000,1.725139e-11,4.070166e-13,4.096735e-11,5.277388e-13,2.535861e-12,2.507172e-13
14.1500,1.623934e-11,3.948721e-13,4.064338e-11,5.251471e-13,2.887487e-12,2.577497e-13
14.2000,1.615199e-11,3.938239e-13,4.039087e-11,5.231270e-13,2.660905e-12,2.532181e-13
14.2500,1.549731e-11,3.859677e-13,4.113071e-11,5.290457e-13,2.574386e-12,2.514877e-13
14.3000,1.518607e-11,3.822329e-13,4.068973e-11,5.255179e-13,2.766812e-12,2.553362e-13
14.3500,1.502413e-11,3.802895e-13,4.083893e-11,5.267115e-13,2.892006e-12,2.578401e-13
14.4000,1.469936e-11,3.763923e-13,4.096233e-11,5.276987e-13,2.807955e-12,2.561591e-13
14.4500,1.388363e-11,3.666035e-13,4.109383e-11,5.287507e-13,3.095896e-12,2.619179e-13
14.5000,1.409191e-11,3.691030e-13,4.079217e-11,5.263373e-13,2.772468e-12,2.554494e-13
14.5500,1.332216e-11,3.598659e-13,4.136917e-11,5.309533e-13,2.790243e-12,2.558049e-13
14.6000,1.349501e-11,3.619401e-13,4.084741e-11,5.267792e-13,3.469170e-12,2.693834e-13
14.6500,1.351509e-11,3.621811e-13,4.077017e-11,5.261614e-13,3.457510e-12,2.691502e-13
14.7000,1.296392e-11,3.555671e-13,4.073813e-11,5.259050e-13,3.196655e-12,2.639331e-13
14.7500,1.272380e-11,3.526857e-13,4.128276e-11,5.302621e-13,3.529097e-12,2.705819e-13
14.8000,1.208916e-11,3.450700e-13,4.170980e-11,5.336784e-13,3.260306e-12,2.652061e-13
14.8500,1.220339e-11,3.464407e-13,4.049976e-11,5.239981e-13,3.105866e-12,2.621173e-13
14.9000,1.176764e-11,3.412117e-13,4.067599e-11,5.254080e-13,3.219144e-12,2.643829e-13
14.9500,1.168522e-11,3.402227e-13,4.072399e-11,5.257919e-13,3.136963e-12,2.627393e-13
15.0000,1.160848e-11,3.393017e-13,4.172221e-11,5.337777e-13,3.022305e-12,2.604461e-13
15.0500,1.104941e-11,3.325929e-13,4.024932e-11,5.219946e-13,3.483820e-12,2.696764e-13
15.1000,1.115546e-11,3.338655e-13,4.123954e-11,5.299163e-13,2.755600e-12,2.551120e-13
15.1500,1.044269e-11,3.253122e-13,4.059293e-11,5.247434e-13,3.248646e-12,2.649729e-13
15.2000,1.031420e-11,3.237704e-13,4.039037e-11,5.231229e-13,3.397833e-12,2.679567e-13
15.2500,1.050348e-11,3.260418e-13,4.062202e-11,5.249762e-13,2.980332e-12,2.596066e-13
15.3000,1.022494e-11,3.226993e-13,4.120863e-11,5.296690e-13,3.241385e-12,2.648277e-13
15.3500,9.980358e-12,3.197643e-13,4.154244e-11,5.323395e-13,2.968950e-12,2.593790e-13
15.4000,9.848363e-12,3.181804e-13,4.139711e-11,5.311769e-13,2.905223e-12,2.581045e-13
15.4500,9.952576e-12,3.194309e-13,4.033980e-11,5.227184e-13,3.282661e-12,2.656532e-13
15.5000,9.352836e-12,3.122340e-13,4.115106e-11,5.292085e-13,3.341963e-12,2.668393e-13
15.5500,9.805277e-12,3.176633e-13,4.144711e-11,5.315769e-13,2.917396e-12,2.583479e-13
15.6000,9.326747e-12,3.119210e-13,4.044157e-11,5.235326e-13,2.951991e-12,2.590398e-13
15.6500,9.176232e-12,3.101148e-13,4.082457e-11,5.265966e-13,3.056681e-12,2.611336e-13
15.7000,8.978540e-12,3.077425e-13,4.152963e-11,5.322371e-13,2.895556e-12,2.579111e-13
15.7500,8.605813e-12,3.032698e-13,4.088521e-11,5.270817e-13,2.920563e-12,2.584113e-13
15.8000,8.919804e-12,3.070376e-13,4.034420e-11,5.227536e-13,3.139906e-12,2.627981e-13
15.8500,8.693243e-12,3.043189e-13,4.152117e-11,5.321693e-13,3.002629e-12,2.600526e-13
15.9000,8.529208e-12,3.023505e-13,4.084292e-11,5.267434e-13,2.906650e-12,2.581330e-13
15.9500,8.581548e-12,3.029786e-13,4.131687e-11,5.305349e-13,3.194510e-12,2.638902e-13
16.0000,8.671370e-12,3.040564e-13,4.159357e-11,5.327486e-13,2.935473e-12,2.587095e-13
16.0500,7.994152e-12,2.959298e-13,4.103492e-11,5.282793e-13,2.919712e-12,2.583942e-13
16.1000,8.091861e-12,2.971023e-13,4.044533e-11,5.235626e-13,2.961727e-12,2.592345e-13
16.1500,7.844846e-12,2.941382e-13,4.075983e-11,5.260786e-13,2.864251e-12,2.572850e-13
16.2000,7.352578e-12,2.882309e-13,4.075910e-11,5.260728e-13,3.032443e-12,2.606489e-13
16.2500,8.030089e-12,2.963611e-13,4.066944e-11,5.253555e-13,2.914296e-12,2.582859e-13
16.3000,7.642545e-12,2.917105e-13,4.114250e-11,5.291400e-13,2.750270e-12,2.550054e-13
16.3500,7.552261e-12,2.906271e-13,4.111447e-11,5.289158e-13,2.574463e-12,2.514893e-13
16.4000,7.435268e-12,2.892232e-13,4.070361e-11,5.256289e-13,2.943972e-12,2.588794e-13
16.4500,7.581151e-12,2.909738e-13,4.081755e-11,5.265404e-13,3.025497e-12,2.605099e-13
16.5000,7.772439e-12,2.932693e-13,4.118919e-11,5.295135e-13,2.922541e-12,2.584508e-13
16.5500,7.793075e-12,2.935169e-13,4.108970e-11,5.287176e-13,2.755542e-12,2.551108e-13
16.6000,7.716856e-12,2.926023e-13,4.188607e-11,5.350886e-13,2.674439e-12,2.534888e-13
16.6500,7.318794e-12,2.878255e-13,4.067389e-11,5.253911e-13,2.793271e-12,2.558654e-13
16.7000,7.136975e-12,2.856437e-13,4.125211e-11,5.300168e-13,2.834947e-12,2.566989e-13
16.7500,7.471590e-12,2.896591e-13,4.158711e-11,5.326969e-13,3.242078e-12,2.648416e-13
16.8000,7.185690e-12,2.862283e-13,4.110897e-11,5.288718e-13,3.184223e-12,2.636845e-13
16.8500,7.239304e-12,2.868717e-13,4.191474e-11,5.353180e-13,2.476052e-12,2.495210e-13
16.9000,7.230074e-12,2.867609e-13,4.053514e-11,5.242812e-13,2.679989e-12,2.535998e-13
16.9500,6.883423e-12,2.826011e-13,4.120316e-11,5.296253e-13,2.747364e-12,2.549473e-13
17.0000,6.611322e-12,2.793359e-13,4.104492e-11,5.283594e-13,2.698306e-12,2.539661e-13
17.0500,6.862880e-12,2.823546e-13,4.080706e-11,5.264564e-13,3.084872e-12,2.616974e-13
17.1000,6.570488e-12,2.788459e-13,4.124094e-11,5.299276e-13,2.795160e-12,2.559032e-13
17.1500,6.898148e-12,2.827778e-13,4.035903e-11,5.228722e-13,2.585595e-12,2.517119e-13
17.2000,6.531686e-12,2.783802e-13,4.136541e-11,5.309233e-13,2.615507e-12,2.523101e-13
17.2500,6.687342e-12,2.802481e-13,4.126934e-11,5.301547e-13,2.261820e-12,2.452364e-13
17.3000,6.481942e-12,2.777833e-13,4.156322e-11,5.325058e-13,2.790857e-12,2.558171e-13
17.3500,6.746588e-12,2.809591e-13,4.187934e-11,5.350347e-13,2.920788e-12,2.584158e-13
17.4000,6.581469e-12,2.789776e-13,4.186966e-11,5.349573e-13,2.295403e-12,2.459081e-13
17.4500,6.398800e-12,2.767856e-13,4.138301e-11,5.310641e-13,2.568103e-12,2.513621e-13
17.5000,6.540283e-12,2.784834e-13,4.102607e-11,5.282085e-13,2.746897e-12,2.549379e-13
17.5500,6.113261e-12,2.733591e-13,4.156608e-11,5.325287e-13,2.166111e-12,2.433222e-13
17.6000,6.241675e-12,2.749001e-13,4.115419e-11,5.292335e-13,2.684723e-12,2.536945e-13
17.6500,6.363408e-12,2.763609e-13,4.121112e-11,5.296890e-13,2.696272e-12,2.539254e-13
17.7000,6.570535e-12,2.788464e-13,4.106246e-11,5.284997e-13,2.452200e-12,2.490440e-13
17.7500,6.139532e-12,2.736744e-13,4.101637e-11,5.281310e-13,2.496206e-12,2.499241e-13
17.8000,6.491359e-12,2.778963e-13,4.060671e-11,5.248537e-13,2.328233e-12,2.465647e-13
17.8500,5.994455e-12,2.719335e-13,4.096583e-11,5.277266e-13,2.461678e-12,2.492336e-13
17.9000,6.227520e-12,2.747302e-13,4.159852e-11,5.327882e-13,2.523666e-12,2.504733e-13
17.9500,6.385023e-12,2.766203e-13,4.147991e-11,5.318393e-13,2.382667e-12,2.476533e-13
18.0000,6.235117e-12,2.748214e-13,4.097365e-11,5.277892e-13,2.589226e-12,2.517845e-13
18.0500,5.664445e-12,2.679733e-13,4.154603e-11,5.323682e-13,2.654148e-12,2.530830e-13
18.1000,6.065840e-12,2.727901e-13,4.139873e-11,5.311898e-13,1.973700e-12,2.394740e-13
18.1500,5.718331e-12,2.686200e-13,4.109490e-11,5.287592e-13,2.260234e-12,2.452047e-13
18.2000,5.858077e-12,2.702969e-13,4.082221e-11,5.265777e-13,2.599646e-12,2.519929e-13
18.2500,5.945328e-12,2.713439e-13,4.109068e-11,5.287254e-13,2.133128e-12,2.426626e-13
18.3000,6.106857e-12,2.732823e-13,4.107311e-11,5.285849e-13,2.117572e-12,2.423514e-13
18.3500,6.133693e-12,2.736043e-13,4.159749e-11,5.327799e-13,2.274594e-12,2.454919e-13
18.4000,6.080132e-12,2.729616e-13,4.101530e-11,5.281224e-13,1.901180e-12,2.380236e-13
18.4500,6.230586e-12,2.747670e-13,4.098096e-11,5.278477e-13,2.482185e-12,2.496437e-13
18.5000,5.806390e-12,2.696767e-13,4.176593e-11,5.341274e-13,2.236993e-12,2.447399e-13
18.5500,6.093749e-12,2.731250e-13,4.051033e-11,5.240826e-13,2.324799e-12,2.464960e-13
18.6000,6.018818e-12,2.722258e-13,4.205601e-11,5.364481e-13,2.189472e-12,2.437894e-13
18.6500,5.687929e-12,2.682552e-13,4.152200e-11,5.321760e-13,2.190091e-12,2.438018e-13
18.7000,5.842661e-12,2.701119e-13,4.103482e-11,5.282786e-13,2.247160e-12,2.449432e-13
18.7500,6.013514e-12,2.721622e-13,4.099035e-11,5.279228e-13,2.291689e-12,2.458338e-13
18.8000,5.742031e-12,2.689044e-13,4.116578e-11,5.293262e-13,2.197001e-12,2.439400e-13
18.8500,5.722506e-12,2.686701e-13,4.156150e-11,5.324920e-13,1.788667e-12,2.357733e-13
18.9000,5.677430e-12,2.681292e-13,4.141494e-11,5.313195e-13,2.343483e-12,2.468697e-13
18.9500,5.884312e-12,2.706117e-13,4.158577e-11,5.326861e-13,2.167204e-12,2.433441e-13
19.0000,6.046124e-12,2.725535e-13,4.135818e-11,5.308654e-13,2.376222e-12,2.475244e-13
19.0500,5.792898e-12,2.695148e-13,4.138088e-11,5.310471e-13,2.073876e-12,2.414775e-13
19.1000,5.815302e-12,2.697836e-13,4.048434e-11,5.238747e-13,2.148978e-12,2.429796e-13
19.1500,5.864872e-12,2.703785e-13,4.152870e-11,5.322296e-13,2.241739e-12,2.448348e-13
19.2000,5.486646e-12,2.658398e-13,4.123478e-11,5.298782e-13,2.031350e-12,2.406270e-13
19.2500,5.629842e-12,2.675581e-13,4.156891e-11,5.325513e-13,1.468750e-12,2.293750e-13
19.3000,5.846938e-12,2.701633e-13,4.131488e-11,5.305190e-13,1.799776e-12,2.359955e-13
19.3500,5.921669e-12,2.710600e-13,4.074734e-11,5.259787e-13,1.804005e-12,2.360801e-13
19.4000,5.684630e-12,2.682156e-13,4.165881e-11,5.332705e-13,2.100223e-12,2.420045e-13
19.4500,5.640233e-12,2.676828e-13,4.135253e-11,5.308202e-13,1.694811e-12,2.338962e-13
19.5000,5.949891e-12,2.713987e-13,4.096395e-11,5.277116e-13,2.152174e-12,2.430435e-13
19.5500,5.600598e-12,2.672072e-13,4.123324e-11,5.298659e-13,1.919143e-12,2.383829e-13
19.6000,5.108255e-12,2.612991e-13,4.131207e-11,5.304966e-13,1.762454e-12,2.352491e-13
19.6500,5.809863e-12,2.697184e-13,4.193862e-11,5.355090e-13,2.118128e-12,2.423626e-13
19.7000,5.701515e-12,2.684182e-13,4.162582e-11,5.330065e-13,1.913631e-12,2.382726e-13
19.7500,5.466482e-12,2.655978e-13,4.073864e-11,5.259091e-13,2.172819e-12,2.434564e-13
19.8000,5.618148e-12,2.674178e-13,4.095880e-11,5.276704e-13,1.925192e-12,2.385038e-13
19.8500,5.751058e-12,2.690127e-13,4.146377e-11,5.317101e-13,2.012979e-12,2.402596e-13
19.9000,5.962432e-12,2.715492e-13,4.194857e-11,5.355886e-13,1.808377e-12,2.361675e-13
19.9500,6.177347e-12,2.741282e-13,4.155458e-11,5.324367e-13,1.797556e-12,2.359511e-13
20.0000,5.312758e-12,2.637531e-13,4.150980e-11,5.320784e-13,1.521205e-12,2.304241e-13
20.0500,5.621874e-12,2.674625e-13,4.135274e-11,5.308219e-13,1.985330e-12,2.397066e-13
20.1000,5.762047e-12,2.691446e-13,4.212463e-11,5.369971e-13,1.647032e-12,2.329406e-13
20.1500,5.190482e-12,2.622858e-13,4.131147e-11,5.304918e-13,1.759640e-12,2.351928e-13
20.2000,5.673990e-12,2.680879e-13,4.050383e-11,5.240306e-13,1.785658e-12,2.357132e-13
20.2500,5.628201e-12,2.675384e-13,4.095358e-11,5.276286e-13,2.189451e-12,2.437890e-13
20.3000,5.802834e-12,2.696340e-13,4.116907e-11,5.293525e-13,1.999890e-12,2.399978e-13
20.3500,5.342913e-12,2.641150e-13,4.126477e-11,5.301182e-13,1.407804e-12,2.281561e-13
20.4000,6.127248e-12,2.735270e-13,4.107537e-11,5.286030e-13,1.703247e-12,2.340649e-13
20.4500,5.709013e-12,2.685082e-13,4.163652e-11,5.330921e-13,1.443554e-12,2.288711e-13
20.5000,5.250761e-12,2.630091e-13,4.106106e-11,5.284884e-13,1.409689e-12,2.281938e-13
20.5500,5.538844e-12,2.664661e-13,4.154826e-11,5.323861e-13,1.683643e-12,2.336729e-13
20.6000,5.631689e-12,2.675803e-13,4.119078e-11,5.295263e-13,1.949942e-12,2.389988e-13
20.6500,5.746243e-12,2.689549e-13,4.142911e-11,5.314328e-13,1.673103e-12,2.334621e-13
20.7000,5.891027e-12,2.706923e-13,4.102270e-11,5.281816e-13,1.636755e-12,2.327351e-13
20.7500,5.794672e-12,2.695361e-13,4.156329e-11,5.325063e-13,1.841149e-12,2.368230e-13
20.8000,5.757019e-12,2.690842e-13,4.116281e-11,5.293025e-13,1.611870e-12,2.322374e-13
20.8500,6.031973e-12,2.723837e-13,4.099027e-11,5.279221e-13,1.927632e-12,2.385526e-13
20.9000,5.540058e-12,2.664807e-13,4.222236e-11,5.377789e-13,1.778891e-12,2.355778e-13
20.9500,5.311329e-12,2.637359e-13,4.199118e-11,5.359294e-13,2.002786e-12,2.400557e-13
21.0000,5.884151e-12,2.706098e-13,4.222818e-11,5.378254e-13,1.716765e-12,2.343353e-13
21.0500,5.531166e-12,2.663740e-13,4.147155e-11,5.317724e-13,1.927271e-12,2.385454e-13
21.1000,5.603647e-12,2.672438e-13,4.267539e-11,5.414031e-13,1.457802e-12,2.291560e-13
21.1500,5.780246e-12,2.693630e-13,4.159256e-11,5.327405e-13,1.666396e-12,2.333279e-13
21.2000,5.610804e-12,2.673296e-13,4.093589e-11,5.274871e-13,1.861757e-12,2.372351e-13
21.2500,5.811014e-12,2.697322e-13,4.136047e-11,5.308838e-13,1.654055e-12,2.330811e-13
21.3000,5.419146e-12,2.650298e-13,4.183254e-11,5.346603e-13,1.677285e-12,2.335457e-13
21.3500,5.523335e-12,2.662800e-13,4.207040e-11,5.365632e-13,1.616608e-12,2.323322e-13
21.4000,5.261762e-12,2.631411e-13,4.050757e-11,5.240606e-13,1.216701e-12,2.243340e-13
21.4500,5.469189e-12,2.656303e-13,4.135905e-11,5.308724e-13,1.784051e-12,2.356810e-13
21.5000,5.502470e-12,2.660296e-13,4.129171e-11,5.303336e-13,1.602862e-12,2.320572e-13
21.5500,5.917854e-12,2.710142e-13,4.174340e-11,5.339472e-13,1.963945e-12,2.392789e-13
21.6000,5.732614e-12,2.687914e-13,4.137488e-11,5.309991e-13,1.235696e-12,2.247139e-13
21.6500,5.413839e-12,2.649661e-13,4.083742e-11,5.266994e-13,1.862005e-12,2.372401e-13
21.7000,5.906715e-12,2.708806e-13,4.155904e-11,5.324724e-13,1.200578e-12,2.240116e-13
21.7500,5.329121e-12,2.639494e-13,4.098576e-11,5.278861e-13,1.577705e-12,2.315541e-13
21.8000,5.587988e-12,2.670559e-13,4.059919e-11,5.247935e-13,1.684886e-12,2.336977e-13
21.8500,5.735911e-12,2.688309e-13,4.148286e-11,5.318629e-13,1.526118e-12,2.305224e-13
21.9000,5.446819e-12,2.653618e-13,4.170401e-11,5.336321e-13,1.380834e-12,2.276167e-13
21.9500,5.046143e-12,2.605537e-13,4.166652e-11,5.333321e-13,1.669454e-12,2.333891e-13
22.0000,5.115081e-12,2.613810e-13,4.132688e-11,5.306150e-13,1.951742e-12,2.390348e-13
22.0500,5.180731e-12,2.621688e-13,4.085120e-11,5.268096e-13,1.561740e-12,2.312348e-13
22.1000,5.413929e-12,2.649672e-13,4.161937e-11,5.329550e-13,1.773280e-12,2.354656e-13
22.1500,5.670308e-12,2.680437e-13,4.182908e-11,5.346327e-13,1.261366e-12,2.252273e-13
22.2000,5.221610e-12,2.626593e-13,4.153670e-11,5.322936e-13,1.113434e-12,2.222687e-13
22.2500,5.591236e-12,2.670948e-13,4.208491e-11,5.366792e-13,1.900617e-12,2.380123e-13
22.3000,5.163195e-12,2.619583e-13,4.169135e-11,5.335308e-13,1.587290e-12,2.317458e-13
22.3500,5.756326e-12,2.690759e-13,4.195515e-11,5.356412e-13,1.770553e-12,2.354111e-13
22.4000,5.521994e-12,2.662639e-13,4.156104e-11,5.324884e-13,1.489577e-12,2.297915e-13
22.4500,5.706653e-12,2.684798e-13,4.129876e-11,5.303900e-13,1.694318e-12,2.338864e-13
22.5000,5.546466e-12,2.665576e-13,4.061540e-11,5.249232e-13,1.464891e-12,2.292978e-13
22.5500,5.595341e-12,2.671441e-13,4.179172e-11,5.343337e-13,1.764323e-12,2.352865e-13
22.6000,5.404527e-12,2.648543e-13,4.177695e-11,5.342156e-13,1.457810e-12,2.291562e-13
22.6500,5.283436e-12,2.634012e-13,4.101763e-11,5.281411e-13,1.150648e-12,2.230130e-13
22.7000,5.241048e-12,2.628926e-13,4.146213e-11,5.316970e-13,1.703291e-12,2.340658e-13
22.7500,5.535327e-12,2.664239e-13,4.118362e-11,5.294690e-13,1.721550e-12,2.344310e-13
22.8000,5.549493e-12,2.665939e-13,4.138756e-11,5.311004e-13,1.543755e-12,2.308751e-13
22.8500,5.434350e-12,2.652122e-13,4.078391e-11,5.262713e-13,1.059043e-12,2.211809e-13
22.9000,5.542133e-12,2.665056e-13,4.151817e-11,5.321453e-13,1.401141e-12,2.280228e-13
22.9500,5.717856e-12,2.686143e-13,4.147719e-11,5.318175e-13,1.564225e-12,2.312845e-13
23.0000,5.655660e-12,2.678679e-13,4.136569e-11,5.309255e-13,1.229060e-12,2.245812e-13
23.0500,5.818339e-12,2.698201e-13,4.061788e-11,5.249430e-13,1.549269e-12,2.309854e-13
23.1000,5.483019e-12,2.657962e-13,4.098233e-11,5.278587e-13,1.167308e-12,2.233462e-13
23.1500,5.811812e-12,2.697417e-13,4.140138e-11,5.312110e-13,1.876019e-12,2.375204e-13
23.2000,5.795042e-12,2.695405e-13,4.125607e-11,5.300486e-13,1.403014e-12,2.280603e-13
23.2500,5.185285e-12,2.622234e-13,4.099798e-11,5.279838e-13,1.693091e-12,2.338618e-13
23.3000,5.583859e-12,2.670063e-13,4.139774e-11,5.311819e-13,1.621762e-12,2.324352e-13
23.3500,5.246004e-12,2.629521e-13,4.186355e-11,5.349084e-13,1.669738e-12,2.333948e-13
23.4000,5.325759e-12,2.639091e-13,4.112010e-11,5.289608e-13,1.084477e-12,2.216895e-13
23.4500,5.720822e-12,2.686499e-13,4.131273e-11,5.305019e-13,1.101307e-12,2.220261e-13
23.5000,5.542197e-12,2.665064e-13,4.105724e-11,5.284580e-13,1.254681e-12,2.250936e-13
23.5500,5.611745e-12,2.673409e-13,4.137508e-11,5.310006e-13,1.998752e-12,2.399750e-13
23.6000,5.705980e-12,2.684718e-13,4.141524e-11,5.313219e-13,1.579492e-12,2.315898e-13
23.6500,5.402594e-12,2.648311e-13,4.125489e-11,5.300391e-13,1.103011e-12,2.220602e-13
23.7000,5.344727e-12,2.641367e-13,4.179950e-11,5.343960e-13,1.607204e-12,2.321441e-13
23.7500,5.261680e-12,2.631402e-13,4.124817e-11,5.299853e-13,1.309073e-12,2.261815e-13
23.8000,5.265400e-12,2.631848e-13,4.188723e-11,5.350978e-13,1.761646e-12,2.352329e-13
23.8500,5.417854e-12,2.650142e-13,4.197225e-11,5.357780e-13,1.602026e-12,2.320405e-13
23.9000,5.761221e-12,2.691346e-13,4.110270e-11,5.288216e-13,1.200426e-12,2.240085e-13
23.9500,5.408672e-12,2.649041e-13,4.109904e-11,5.287923e-13,9.990796e-13,2.199816e-13
24.0000,5.810477e-12,2.697257e-13,4.210722e-11,5.368577e-13,1.530672e-12,2.306134e-13
24.0500,6.479492e-12,2.777539e-13,4.106369e-11,5.285095e-13,1.615920e-12,2.323184e-13
24.1000,7.387356e-12,2.886483e-13,4.199138e-11,5.359310e-13,1.472334e-12,2.294467e-13
24.1500,7.900089e-12,2.948011e-13,4.199885e-11,5.359908e-13,1.359106e-12,2.271821e-13
24.2000,8.377681e-12,3.005322e-13,4.143911e-11,5.315129e-13,1.510705e-12,2.302141e-13
24.2500,8.477630e-12,3.017316e-13,4.245654e-11,5.396523e-13,1.587175e-12,2.317435e-13
24.3000,9.411721e-12,3.129407e-13,4.129221e-11,5.303377e-13,1.542076e-12,2.308415e-13
24.3500,9.387042e-12,3.126445e-13,4.181836e-11,5.345469e-13,1.111158e-12,2.222232e-13
24.4000,9.745018e-12,3.169402e-13,4.198105e-11,5.358484e-13,1.427543e-12,2.285509e-13
24.4500,1.038301e-11,3.245961e-13,4.138541e-11,5.310833e-13,1.882758e-12,2.376552e-13
24.5000,1.148584e-11,3.378301e-13,4.055126e-11,5.244101e-13,1.701776e-12,2.340355e-13
24.5500,1.128464e-11,3.354157e-13,4.151373e-11,5.321098e-13,1.520826e-12,2.304165e-13
24.6000,1.127769e-11,3.353322e-13,4.119269e-11,5.295415e-13,1.706400e-12,2.341280e-13
24.6500,1.231751e-11,3.478101e-13,4.209526e-11,5.367621e-13,1.514323e-12,2.302865e-13
24.7000,1.255847e-11,3.507016e-13,4.154089e-11,5.323271e-13,1.563654e-12,2.312731e-13
24.7500,1.312223e-11,3.574667e-13,4.144162e-11,5.315329e-13,1.428090e-12,2.285618e-13
24.8000,1.367454e-11,3.640945e-13,4.111047e-11,5.288838e-13,2.091888e-12,2.418378e-13
24.8500,1.364818e-11,3.637782e-13,4.162351e-11,5.329881e-13,1.217067e-12,2.243413e-13
24.9000,1.370805e-11,3.644966e-13,4.090536e-11,5.272428e-13,1.825448e-12,2.365090e-13
24.9500,1.376270e-11,3.651524e-13,4.178750e-11,5.343000e-13,1.976511e-12,2.395302e-13
25.0000,1.462790e-11,3.755348e-13,4.100567e-11,5.280454e-13,1.419599e-12,2.283920e-13
25.0500,1.463300e-11,3.755959e-13,4.045807e-11,5.236646e-13,2.162253e-12,2.432451e-13
25.1000,1.470124e-11,3.764149e-13,4.136285e-11,5.309028e-13,1.784764e-12,2.356953e-13
25.1500,1.506028e-11,3.807234e-13,4.202419e-11,5.361936e-13,1.674665e-12,2.334933e-13
25.2000,1.527053e-11,3.832464e-13,4.129586e-11,5.303669e-13,2.304632e-12,2.460926e-13
25.2500,1.547942e-11,3.857531e-13,4.068617e-11,5.254894e-13,1.885900e-12,2.377180e-13
25.3000,1.613813e-11,3.936576e-13,4.173699e-11,5.338959e-13,2.171667e-12,2.434333e-13
25.3500,1.599528e-11,3.919433e-13,4.048713e-11,5.238970e-13,1.881973e-12,2.376395e-13
25.4000,1.616105e-11,3.939326e-13,4.104531e-11,5.283625e-13,2.113162e-12,2.422632e-13
25.4500,1.665886e-11,3.999063e-13,4.087549e-11,5.270039e-13,2.094165e-12,2.418833e-13
25.5000,1.687322e-11,4.024787e-13,4.077196e-11,5.261756e-13,2.511805e-12,2.502361e-13
25.5500,1.682035e-11,4.018441e-13,4.107713e-11,5.286171e-13,2.136502e-12,2.427300e-13
25.6000,1.697205e-11,4.036646e-13,4.090711e-11,5.272569e-13,2.587479e-12,2.517496e-13
25.6500,1.700036e-11,4.040043e-13,4.084263e-11,5.267410e-13,2.312375e-12,2.462475e-13
25.7000,1.753158e-11,4.103789e-13,4.176597e-11,5.341277e-13,2.152151e-12,2.430430e-13
25.7500,1.773735e-11,4.128482e-13,4.161042e-11,5.328833e-13,2.499579e-12,2.499916e-13
25.8000,1.830521e-11,4.196625e-13,4.108048e-11,5.286438e-13,2.179956e-12,2.435991e-13
25.8500,1.799439e-11,4.159327e-13,4.108565e-11,5.286852e-13,2.874918e-12,2.574984e-13
25.9000,1.782626e-11,4.139151e-13,4.096504e-11,5.277203e-13,2.503266e-12,2.500653e-13
25.9500,1.803073e-11,4.163688e-13,4.121367e-11,5.297094e-13,2.685595e-12,2.537119e-13
26.0000,1.778273e-11,4.133928e-13,4.131119e-11,5.304895e-13,2.700088e-12,2.540018e-13
26.0500,1.875756e-11,4.250907e-13,4.090006e-11,5.272005e-13,2.463828e-12,2.492766e-13
26.1000,1.878153e-11,4.253784e-13,4.106783e-11,5.285427e-13,3.250817e-12,2.650163e-13
26.1500,1.866051e-11,4.239262e-13,4.117627e-11,5.294101e-13,2.810950e-12,2.562190e-13
26.2000,1.894191e-11,4.273029e-13,4.089039e-11,5.271231e-13,2.960480e-12,2.592096e-13
26.2500,1.846592e-11,4.215911e-13,4.111593e-11,5.289275e-13,2.895733e-12,2.579147e-13
26.3000,1.899419e-11,4.279303e-13,4.071127e-11,5.256902e-13,3.217361e-12,2.643472e-13
26.3500,1.872274e-11,4.246728e-13,4.110243e-11,5.288194e-13,3.087855e-12,2.617571e-13
26.4000,1.854573e-11,4.225487e-13,4.038405e-11,5.230724e-13,3.330910e-12,2.666182e-13
26.4500,1.938237e-11,4.325885e-13,4.139310e-11,5.311448e-13,3.384609e-12,2.676922e-13
26.5000,1.922530e-11,4.307036e-13,4.093572e-11,5.274858e-13,3.106509e-12,2.621302e-13
26.5500,1.939565e-11,4.327478e-13,4.004014e-11,5.203211e-13,3.447572e-12,2.689514e-13
26.6000,1.962013e-11,4.354416e-13,4.032574e-11,5.226059e-13,3.010587e-12,2.602117e-13
26.6500,1.956937e-11,4.348324e-13,4.101527e-11,5.281222e-13,3.360252e-12,2.672050e-13
26.7000,1.913285e-11,4.295942e-13,4.053199e-11,5.242559e-13,3.420661e-12,2.684132e-13
26.7500,1.942882e-11,4.331459e-13,4.026202e-11,5.220962e-13,3.174526e-12,2.634905e-13
26.8000,2.006653e-11,4.407984e-13,4.092076e-11,5.273661e-13,3.583621e-12,2.716724e-13
26.8500,2.001078e-11,4.401293e-13,4.065898e-11,5.252718e-13,3.587343e-12,2.717469e-13
26.9000,2.000392e-11,4.400471e-13,4.054196e-11,5.243357e-13,3.334505e-12,2.666901e-13
26.9500,2.011582e-11,4.413899e-13,4.075085e-11,5.260068e-13,3.474519e-12,2.694904e-13
27.0000,2.052230e-11,4.462676e-13,4.001740e-11,5.201392e-13,3.681842e-12,2.736368e-13
27.0500,2.027703e-11,4.433244e-13,4.058112e-11,5.246490e-13,4.055041e-12,2.811008e-13
27.1000,2.005609e-11,4.406731e-13,4.079477e-11,5.263582e-13,3.900206e-12,2.780041e-13
27.1500,2.018733e-11,4.422480e-13,4.050583e-11,5.240467e-13,3.934560e-12,2.786912e-13
27.2000,2.043090e-11,4.451708e-13,4.092246e-11,5.273797e-13,3.873130e-12,2.774626e-13
27.2500,2.083136e-11,4.499763e-13,4.045787e-11,5.236629e-13,3.755029e-12,2.751006e-13
27.3000,2.017166e-11,4.420599e-13,4.100535e-11,5.280428e-13,3.650323e-12,2.730065e-13
27.3500,2.008357e-11,4.410028e-13,4.070012e-11,5.256010e-13,4.274256e-12,2.854851e-13
27.4000,2.051713e-11,4.462055e-13,4.101649e-11,5.281319e-13,3.987588e-12,2.797518e-13
27.4500,2.081684e-11,4.498021e-13,4.072628e-11,5.258103e-13,3.841765e-12,2.768353e-13
27.5000,2.096837e-11,4.516205e-13,4.046790e-11,5.237432e-13,4.171068e-12,2.834214e-13
27.5500,2.052190e-11,4.462628e-13,3.971278e-11,5.177022e-13,4.346574e-12,2.869315e-13
27.6000,2.061540e-11,4.473848e-13,4.033135e-11,5.226508e-13,4.220218e-12,2.844044e-13
27.6500,2.083356e-11,4.500027e-13,4.052685e-11,5.242148e-13,4.498542e-12,2.899708e-13
27.7000,2.088842e-11,4.506610e-13,4.066761e-11,5.253409e-13,4.734083e-12,2.946817e-13
27.7500,2.068059e-11,4.481670e-13,4.053317e-11,5.242653e-13,4.616514e-12,2.923303e-13
27.8000,2.060760e-11,4.472911e-13,4.050812e-11,5.240649e-13,4.625818e-12,2.925164e-13
27.8500,2.113624e-11,4.536348e-13,4.059319e-11,5.247455e-13,4.807558e-12,2.961512e-13
27.9000,2.049643e-11,4.459572e-13,4.032375e-11,5.225900e-13,4.492956e-12,2.898591e-13
27.9500,2.098079e-11,4.517695e-13,4.073608e-11,5.258886e-13,4.116980e-12,2.823396e-13
28.0000,2.016114e-11,4.419336e-13,4.058994e-11,5.247195e-13,4.788162e-12,2.957632e-13
28.0500,1.992601e-11,4.391121e-13,4.017537e-11,5.214029e-13,4.701825e-12,2.940365e-13
28.1000,1.976790e-11,4.372148e-13,4.016210e-11,5.212968e-13,4.683773e-12,2.936755e-13
28.1500,1.861016e-11,4.233219e-13,4.030603e-11,5.224482e-13,4.654819e-12,2.930964e-13
28.2000,1.838708e-11,4.206450e-13,3.978492e-11,5.182793e-13,4.662432e-12,2.932486e-13
28.2500,1.757965e-11,4.109558e-13,3.999818e-11,5.199854e-13,4.588547e-12,2.917709e-13
28.3000,1.803532e-11,4.164239e-13,4.105003e-11,5.284002e-13,4.633604e-12,2.926721e-13
28.3500,1.695657e-11,4.034788e-13,4.022634e-11,5.218108e-13,4.444037e-12,2.888807e-13
28.4000,1.660423e-11,3.992508e-13,4.053321e-11,5.242657e-13,4.379858e-12,2.875972e-13
28.4500,1.632586e-11,3.959103e-13,3.998864e-11,5.199091e-13,5.093432e-12,3.018686e-13
28.5000,1.561858e-11,3.874229e-13,4.103891e-11,5.283113e-13,4.944572e-12,2.988914e-13
28.5500,1.546356e-11,3.855627e-13,3.991278e-11,5.193023e-13,4.515267e-12,2.903053e-13
28.6000,1.539928e-11,3.847914e-13,4.035300e-11,5.228240e-13,4.284099e-12,2.856820e-13
28.6500,1.472923e-11,3.767508e-13,4.100671e-11,5.280537e-13,4.596951e-12,2.919390e-13
28.7000,1.493808e-11,3.792570e-13,4.035499e-11,5.228400e-13,4.658365e-12,2.931673e-13
28.7500,1.422612e-11,3.707134e-13,4.034700e-11,5.227760e-13,4.753216e-12,2.950643e-13
28.8000,1.398760e-11,3.678512e-13,4.035532e-11,5.228426e-13,4.712227e-12,2.942445e-13
28.8500,1.336952e-11,3.604342e-13,4.079052e-11,5.263242e-13,5.015392e-12,3.003078e-13
28.9000,1.292662e-11,3.551194e-13,4.028729e-11,5.222983e-13,4.548268e-12,2.909654e-13
28.9500,1.326169e-11,3.591403e-13,4.022003e-11,5.217602e-13,4.850643e-12,2.970129e-13
29.0000,1.277404e-11,3.532885e-13,4.032599e-11,5.226079e-13,4.568879e-12,2.913776e-13
29.0500,1.288957e-11,3.546748e-13,4.058395e-11,5.246716e-13,4.832581e-12,2.966516e-13
29.1000,1.270749e-11,3.524899e-13,4.064821e-11,5.251856e-13,4.626198e-12,2.925240e-13
29.1500,1.194384e-11,3.433261e-13,4.047797e-11,5.238238e-13,4.677271e-12,2.935454e-13
29.2000,1.179447e-11,3.415336e-13,4.055482e-11,5.244386e-13,4.976578e-12,2.995316e-13
29.2500,1.156889e-11,3.388266e-13,4.013828e-11,5.211062e-13,4.648607e-12,2.929721e-13
29.3000,1.167274e-11,3.400729e-13,4.031670e-11,5.225336e-13,4.780957e-12,2.956191e-13
29.3500,1.100205e-11,3.320246e-13,4.024751e-11,5.219801e-13,4.497403e-12,2.899481e-13
29.4000,1.086262e-11,3.303515e-13,4.068068e-11,5.254454e-13,4.039417e-12,2.807883e-13
29.4500,1.039421e-11,3.247305e-13,4.093654e-11,5.274923e-13,4.476942e-12,2.895388e-13
29.5000,1.061789e-11,3.274147e-13,4.059745e-11,5.247796e-13,4.698435e-12,2.939687e-13
29.5500,1.043512e-11,3.252214e-13,4.064524e-11,5.251619e-13,4.443130e-12,2.888626e-13
29.6000,1.017769e-11,3.221323e-13,4.042534e-11,5.234027e-13,4.263469e-12,2.852694e-13
29.6500,1.008044e-11,3.209653e-13,4.033334e-11,5.226667e-13,4.208584e-12,2.841717e-13
29.7000,9.815155e-12,3.177819e-13,4.086426e-11,5.269141e-13,4.224511e-12,2.844902e-13
29.7500,9.726573e-12,3.167189e-13,4.027899e-11,5.222319e-13,4.233022e-12,2.846604e-13
29.8000,9.571987e-12,3.148638e-13,4.064608e-11,5.251687e-13,4.799083e-12,2.959817e-13
29.8500,9.017331e-12,3.082080e-13,4.006765e-11,5.205412e-13,4.531522e-12,2.906304e-13
29.9000,9.159566e-12,3.099148e-13,4.080353e-11,5.264282e-13,4.548372e-12,2.909674e-13
29.9500,9.057151e-12,3.086858e-13,4.044128e-11,5.235303e-13,4.118136e-12,2.823627e-13
30.0000,9.203699e-12,3.104444e-13,4.060521e-11,5.248417e-13,3.877254e-12,2.775451e-13
30.0500,8.477389e-12,3.017287e-13,4.076096e-11,5.260877e-13,4.105610e-12,2.821122e-13
30.1000,8.798292e-12,3.055795e-13,3.994404e-11,5.195523e-13,4.123678e-12,2.824736e-13
30.1500,8.448882e-12,3.013866e-13,4.093863e-11,5.275090e-13,4.218735e-12,2.843747e-13
30.2000,8.496394e-12,3.019567e-13,4.086328e-11,5.269063e-13,3.846315e-12,2.769263e-13
30.2500,8.482548e-12,3.017906e-13,4.070447e-11,5.256358e-13,3.594532e-12,2.718906e-13
30.3000,8.031665e-12,2.963800e-13,3.973928e-11,5.179143e-13,4.000895e-12,2.800179e-13
30.3500,8.225912e-12,2.987109e-13,4.079778e-11,5.263822e-13,4.127710e-12,2.825542e-13
30.4000,7.891134e-12,2.946936e-13,4.062020e-11,5.249616e-13,4.064746e-12,2.812949e-13
30.4500,8.089828e-12,2.970779e-13,4.088709e-11,5.270967e-13,3.729688e-12,2.745938e-13
30.5000,7.903514e-12,2.948422e-13,4.112321e-11,5.289857e-13,3.727756e-12,2.745551e-13
30.5500,7.376442e-12,2.885173e-13,4.045740e-11,5.236592e-13,3.607461e-12,2.721492e-13
30.6000,8.018473e-12,2.962217e-13,4.081266e-11,5.265013e-13,3.939245e-12,2.787849e-13
30.6500,7.604352e-12,2.912522e-13,4.027708e-11,5.222166e-13,4.072690e-12,2.814538e-13
30.7000,7.602972e-12,2.912357e-13,4.068889e-11,5.255112e-13,3.520404e-12,2.704081e-13
30.7500,7.120950e-12,2.854514e-13,4.123319e-11,5.298655e-13,3.694681e-12,2.738936e-13
30.8000,7.119446e-12,2.854333e-13,4.052492e-11,5.241993e-13,3.695364e-12,2.739073e-13
30.8500,7.025246e-12,2.843030e-13,4.042064e-11,5.233651e-13,3.540238e-12,2.708048e-13
30.9000,7.262236e-12,2.871468e-13,3.996567e-11,5.197253e-13,3.858999e-12,2.771800e-13
30.9500,7.403408e-12,2.888409e-13,4.099709e-11,5.279767e-13,3.575040e-12,2.715008e-13
31.0000,6.781060e-12,2.813727e-13,4.080000e-11,5.264000e-13,3.463685e-12,2.692737e-13
31.0500,7.206167e-12,2.864740e-13,4.043898e-11,5.235119e-13,3.658424e-12,2.731685e-13
31.1000,6.997458e-12,2.839695e-13,4.069955e-11,5.255964e-13,3.439780e-12,2.687956e-13
31.1500,7.240888e-12,2.868907e-13,4.097087e-11,5.277669e-13,3.196719e-12,2.639344e-13
31.2000,6.876183e-12,2.825142e-13,4.002795e-11,5.202236e-13,2.974321e-12,2.594864e-13
31.2500,6.981459e-12,2.837775e-13,4.015138e-11,5.212110e-13,3.605482e-12,2.721096e-13
31.3000,7.089797e-12,2.850776e-13,4.077818e-11,5.262254e-13,3.559536e-12,2.711907e-13
31.3500,6.639185e-12,2.796702e-13,4.080728e-11,5.264582e-13,3.488074e-12,2.697615e-13
31.4000,6.553417e-12,2.786410e-13,4.086218e-11,5.268974e-13,3.195886e-12,2.639177e-13
31.4500,7.009715e-12,2.841166e-13,4.103778e-11,5.283022e-13,3.139689e-12,2.627938e-13
31.5000,6.546360e-12,2.785563e-13,4.077298e-11,5.261838e-13,2.973818e-12,2.594764e-13
31.5500,6.888817e-12,2.826658e-13,4.075532e-11,5.260426e-13,2.808611e-12,2.561722e-13
31.6000,6.812981e-12,2.817558e-13,4.051324e-11,5.241059e-13,3.093084e-12,2.618617e-13
31.6500,6.424179e-12,2.770902e-13,4.188433e-11,5.350747e-13,3.301465e-12,2.660293e-13
31.7000,6.420235e-12,2.770428e-13,4.119422e-11,5.295538e-13,3.163494e-12,2.632699e-13
31.7500,6.333237e-12,2.759988e-13,4.026242e-11,5.220994e-13,3.364725e-12,2.672945e-13
31.8000,6.691127e-12,2.802935e-13,4.133248e-11,5.306598e-13,3.301313e-12,2.660263e-13
31.8500,6.738733e-12,2.808648e-13,4.089333e-11,5.271467e-13,3.206633e-12,2.641327e-13
31.9000,6.360698e-12,2.763284e-13,4.143073e-11,5.314458e-13,3.122771e-12,2.624554e-13
31.9500,6.398582e-12,2.767830e-13,4.069285e-11,5.255428e-13,3.338892e-12,2.667778e-13
32.0000,6.616170e-12,2.793940e-13,4.069747e-11,5.255797e-13,3.205982e-12,2.641196e-13
32.0500,5.967695e-12,2.716123e-13,4.137293e-11,5.309834e-13,3.083888e-12,2.616778e-13
32.1000,6.485112e-12,2.778213e-13,4.137747e-11,5.310197e-13,2.998262e-12,2.599652e-13
32.1500,6.234804e-12,2.748176e-13,4.107650e-11,5.286120e-13,3.153945e-12,2.630789e-13
32.2000,6.149183e-12,2.737902e-13,4.119670e-11,5.295736e-13,2.876979e-12,2.575396e-13
32.2500,6.579431e-12,2.789532e-13,4.087339e-11,5.269871e-13,2.754546e-12,2.550909e-13
32.3000,5.820108e-12,2.698413e-13,4.135979e-11,5.308784e-13,2.796561e-12,2.559312e-13
32.3500,6.492649e-12,2.779118e-13,4.098413e-11,5.278730e-13,2.967973e-12,2.593595e-13
32.4000,5.890672e-12,2.706881e-13,4.113184e-11,5.290547e-13,2.742609e-12,2.548522e-13
32.4500,6.340716e-12,2.760886e-13,4.140188e-11,5.312151e-13,2.688062e-12,2.537612e-13
32.5000,5.953725e-12,2.714447e-13,4.101633e-11,5.281306e-13,3.058034e-12,2.611607e-13
32.5500,5.964576e-12,2.715749e-13,4.134267e-11,5.307414e-13,2.824166e-12,2.564833e-13
32.6000,5.705844e-12,2.684701e-13,4.142535e-11,5.314028e-13,2.637698e-12,2.527540e-13
32.6500,6.017000e-12,2.722040e-13,4.037353e-11,5.229882e-13,2.659206e-12,2.531841e-13
32.7000,5.735854e-12,2.688302e-13,4.062366e-11,5.249893e-13,2.594767e-12,2.518953e-13
32.7500,5.768460e-12,2.692215e-13,4.082195e-11,5.265756e-13,2.531566e-12,2.506313e-13
32.8000,5.854336e-12,2.702520e-13,4.123239e-11,5.298591e-13,2.776633e-12,2.555327e-13
32.8500,6.154962e-12,2.738595e-13,4.048601e-11,5.238881e-13,2.486176e-12,2.497235e-13
32.9000,6.355839e-12,2.762701e-13,4.147482e-11,5.317985e-13,2.412498e-12,2.482500e-13
32.9500,5.625353e-12,2.675042e-13,4.099336e-11,5.279469e-13,2.717263e-12,2.543453e-13
33.0000,5.372851e-12,2.644742e-13,4.192179e-11,5.353743e-13,2.633679e-12,2.526736e-13
33.0500,5.910799e-12,2.709296e-13,4.106309e-11,5.285047e-13,2.589523e-12,2.517905e-13
33.1000,5.795724e-12,2.695487e-13,4.223890e-11,5.379112e-13,2.627810e-12,2.525562e-13
33.1500,5.891169e-12,2.706940e-13,4.109097e-11,5.287278e-13,2.598161e-12,2.519632e-13
33.2000,5.877567e-12,2.705308e-13,4.156837e-11,5.325470e-13,2.347491e-12,2.469498e-13
33.2500,5.921722e-12,2.710607e-13,4.073678e-11,5.258943e-13,2.582352e-12,2.516470e-13
33.3000,5.864981e-12,2.703798e-13,4.122690e-11,5.298152e-13,2.524697e-12,2.504939e-13
33.3500,5.709559e-12,2.685147e-13,4.137730e-11,5.310184e-13,2.633072e-12,2.526614e-13
33.4000,5.739835e-12,2.688780e-13,4.043468e-11,5.234774e-13,2.333397e-12,2.466679e-13
33.4500,5.858282e-12,2.702994e-13,4.092356e-11,5.273885e-13,2.853774e-12,2.570755e-13
33.5000,5.913039e-12,2.709565e-13,4.110401e-11,5.288321e-13,2.462935e-12,2.492587e-13
33.5500,5.803888e-12,2.696467e-13,4.073171e-11,5.258537e-13,2.297599e-12,2.459520e-13
33.6000,5.892352e-12,2.707082e-13,4.124158e-11,5.299327e-13,1.810833e-12,2.362167e-13
33.6500,5.620551e-12,2.674466e-13,4.136914e-11,5.309532e-13,2.475207e-12,2.495041e-13
33.7000,6.204279e-12,2.744513e-13,4.093008e-11,5.274407e-13,2.299867e-12,2.459973e-13
33.7500,5.802957e-12,2.696355e-13,4.070391e-11,5.256313e-13,2.394404e-12,2.478881e-13
33.8000,5.922282e-12,2.710674e-13,4.114450e-11,5.291560e-13,1.873749e-12,2.374750e-13
33.8500,5.684351e-12,2.682122e-13,4.120806e-11,5.296645e-13,2.523985e-12,2.504797e-13
33.9000,5.719174e-12,2.686301e-13,4.158656e-11,5.326925e-13,2.492530e-12,2.498506e-13
33.9500,5.568662e-12,2.668239e-13,4.118572e-11,5.294858e-13,1.945308e-12,2.389062e-13
34.0000,5.463318e-12,2.655598e-13,4.148782e-11,5.319026e-13,2.199351e-12,2.439870e-13
34.0500,5.621485e-12,2.674578e-13,4.061265e-11,5.249012e-13,2.305082e-12,2.461016e-13
34.1000,5.228123e-12,2.627375e-13,4.075418e-11,5.260334e-13,1.877294e-12,2.375459e-13
34.1500,5.846250e-12,2.701550e-13,4.166083e-11,5.332867e-13,2.091569e-12,2.418314e-13
34.2000,5.775301e-12,2.693036e-13,4.041625e-11,5.233300e-13,2.493485e-12,2.498697e-13
34.2500,5.419476e-12,2.650337e-13,4.141694e-11,5.313355e-13,2.215432e-12,2.443086e-13
34.3000,5.627949e-12,2.675354e-13,4.135959e-11,5.308767e-13,2.578142e-12,2.515628e-13
34.3500,6.076336e-12,2.729160e-13,4.173619e-11,5.338896e-13,1.877938e-12,2.375588e-13
34.4000,5.704583e-12,2.684550e-13,4.140389e-11,5.312311e-13,2.322769e-12,2.464554e-13
34.4500,5.468418e-12,2.656210e-13,4.083356e-11,5.266685e-13,2.273025e-12,2.454605e-13
34.5000,5.525791e-12,2.663095e-13,4.091670e-11,5.273336e-13,1.810639e-12,2.362128e-13
34.5500,5.510343e-12,2.661241e-13,4.104320e-11,5.283456e-13,2.467458e-12,2.493492e-13
34.6000,6.212400e-12,2.745488e-13,4.101631e-11,5.281305e-13,2.103740e-12,2.420748e-13
34.6500,5.769260e-12,2.692311e-13,4.189578e-11,5.351663e-13,2.277861e-12,2.455572e-13
34.7000,5.524898e-12,2.662988e-13,4.110305e-11,5.288244e-13,2.077326e-12,2.415465e-13
34.7500,6.026688e-12,2.723203e-13,4.130066e-11,5.304053e-13,1.955830e-12,2.391166e-13
34.8000,5.646406e-12,2.677569e-13,4.137015e-11,5.309612e-13,1.951213e-12,2.390243e-13
34.8500,5.574767e-12,2.668972e-13,4.175607e-11,5.340485e-13,2.026979e-12,2.405396e-13
34.9000,5.940158e-12,2.712819e-13,4.129265e-11,5.303412e-13,1.807667e-12,2.361533e-13
34.9500,5.774415e-12,2.692930e-13,4.185273e-11,5.348218e-13,2.226494e-12,2.445299e-13
35.0000,5.761438e-12,2.691373e-13,4.078105e-11,5.262484e-13,1.994875e-12,2.398975e-13
35.0500,5.482316e-12,2.657878e-13,4.097122e-11,5.277697e-13,2.138762e-12,2.427752e-13
35.1000,5.893481e-12,2.707218e-13,4.204484e-11,5.363587e-13,1.978494e-12,2.395699e-13
35.1500,5.541662e-12,2.664999e-13,4.125364e-11,5.300291e-13,2.047797e-12,2.409559e-13
35.2000,5.261044e-12,2.631325e-13,4.180443e-11,5.344354e-13,1.749564e-12,2.349913e-13
35.2500,5.864374e-12,2.703725e-13,4.142468e-11,5.313974e-13,2.101429e-12,2.420286e-13
35.3000,5.545165e-12,2.665420e-13,4.134074e-11,5.307259e-13,1.817642e-12,2.363528e-13
35.3500,5.672963e-12,2.680756e-13,4.127788e-11,5.302230e-13,2.029101e-12,2.405820e-13
35.4000,5.872890e-12,2.704747e-13,4.153520e-11,5.322816e-13,2.136667e-12,2.427333e-13
35.4500,5.487790e-12,2.658535e-13,4.152137e-11,5.321710e-13,1.909619e-12,2.381924e-13
35.5000,5.359641e-12,2.643157e-13,4.141711e-11,5.313369e-13,1.906067e-12,2.381213e-13
35.5500,5.785889e-12,2.694307e-13,4.135400e-11,5.308320e-13,1.771072e-12,2.354214e-13
35.6000,5.316472e-12,2.637977e-13,4.127114e-11,5.301691e-13,1.476127e-12,2.295225e-13
35.6500,5.378445e-12,2.645413e-13,4.180324e-11,5.344259e-13,1.864361e-12,2.372872e-13
35.7000,5.213549e-12,2.625626e-13,4.188860e-11,5.351088e-13,2.056147e-12,2.411229e-13
35.7500,5.714648e-12,2.685758e-13,4.152549e-11,5.322039e-13,1.981453e-12,2.396291e-13
35.8000,5.391735e-12,2.647008e-13,4.172484e-11,5.337987e-13,1.821157e-12,2.364231e-13
35.8500,5.561216e-12,2.667346e-13,4.166114e-11,5.332891e-13,1.567320e-12,2.313464e-13
35.9000,5.527590e-12,2.663311e-13,4.135777e-11,5.308622e-13,1.881872e-12,2.376374e-13
35.9500,5.410530e-12,2.649264e-13,4.043974e-11,5.235179e-13,1.706289e-12,2.341258e-13
36.0000,6.372579e-12,2.764709e-13,4.131353e-11,5.305082e-13,1.796116e-12,2.359223e-13
36.0500,6.515116e-12,2.781814e-13,4.040199e-11,5.232160e-13,1.908662e-12,2.381732e-13
36.1000,7.305534e-12,2.876664e-13,4.146213e-11,5.316970e-13,1.802960e-12,2.360592e-13
36.1500,7.622179e-12,2.914661e-13,4.185657e-11,5.348525e-13,1.797728e-12,2.359546e-13
36.2000,8.125757e-12,2.975091e-13,4.139090e-11,5.311272e-13,1.768114e-12,2.353623e-13
36.2500,8.899355e-12,3.067923e-13,4.110414e-11,5.288331e-13,1.765231e-12,2.353046e-13
36.3000,9.044988e-12,3.085399e-13,4.110669e-11,5.288535e-13,1.383893e-12,2.276779e-13
36.3500,9.615691e-12,3.153883e-13,4.097803e-11,5.278242e-13,1.537518e-12,2.307504e-13
36.4000,9.952682e-12,3.194322e-13,4.109804e-11,5.287843e-13,1.835660e-12,2.367132e-13
36.4500,1.077200e-11,3.292640e-13,4.206921e-11,5.365537e-13,1.730535e-12,2.346107e-13
36.5000,1.120517e-11,3.344620e-13,4.190171e-11,5.352137e-13,2.060966e-12,2.412193e-13
36.5500,1.155222e-11,3.386266e-13,4.169487e-11,5.335590e-13,1.785218e-12,2.357044e-13
36.6000,1.169192e-11,3.403031e-13,4.098416e-11,5.278733e-13,1.939915e-12,2.387983e-13
36.6500,1.236316e-11,3.483580e-13,4.169470e-11,5.335576e-13,1.542391e-12,2.308478e-13
36.7000,1.222340e-11,3.466808e-13,4.195769e-11,5.356615e-13,2.155050e-12,2.431010e-13
36.7500,1.307187e-11,3.568625e-13,4.079155e-11,5.263324e-13,2.063243e-12,2.412649e-13
36.8000,1.325208e-11,3.590249e-13,4.141839e-11,5.313472e-13,2.034544e-12,2.406909e-13
36.8500,1.351033e-11,3.621239e-13,4.201573e-11,5.361258e-13,1.814845e-12,2.362969e-13
36.9000,1.383463e-11,3.660155e-13,4.181291e-11,5.345032e-13,1.767569e-12,2.353514e-13
36.9500,1.386338e-11,3.663606e-13,4.064694e-11,5.251755e-13,2.107497e-12,2.421499e-13
37.0000,1.402038e-11,3.682445e-13,4.114031e-11,5.291225e-13,1.961144e-12,2.392229e-13
37.0500,1.449623e-11,3.739548e-13,4.089996e-11,5.271996e-13,2.065227e-12,2.413045e-13
37.1000,1.471858e-11,3.766229e-13,4.145642e-11,5.316514e-13,2.586763e-12,2.517353e-13
37.1500,1.488553e-11,3.786264e-13,4.099230e-11,5.279384e-13,2.206001e-12,2.441200e-13
37.2000,1.586949e-11,3.904339e-13,4.142445e-11,5.313956e-13,2.144989e-12,2.428998e-13
37.2500,1.567596e-11,3.881115e-13,4.028403e-11,5.222723e-13,2.217453e-12,2.443491e-13
37.3000,1.592314e-11,3.910777e-13,4.024995e-11,5.219996e-13,2.525031e-12,2.505006e-13
37.3500,1.616347e-11,3.939617e-13,4.177665e-11,5.342132e-13,2.268628e-12,2.453726e-13
37.4000,1.657809e-11,3.989370e-13,4.156056e-11,5.324845e-13,2.812618e-12,2.562524e-13
37.4500,1.621642e-11,3.945970e-13,4.058736e-11,5.246989e-13,2.165938e-12,2.433188e-13
37.5000,1.650970e-11,3.981164e-13,4.145000e-11,5.316000e-13,2.726967e-12,2.545393e-13
37.5500,1.726172e-11,4.071406e-13,4.043674e-11,5.234939e-13,2.516493e-12,2.503299e-13
37.6000,1.668246e-11,4.001896e-13,4.099963e-11,5.279970e-13,2.617907e-12,2.523581e-13
37.6500,1.712367e-11,4.054841e-13,4.080297e-11,5.264237e-13,2.443706e-12,2.488741e-13
37.7000,1.727483e-11,4.072980e-13,4.166784e-11,5.333427e-13,2.871472e-12,2.574294e-13
37.7500,1.713764e-11,4.056516e-13,4.123971e-11,5.299177e-13,2.931662e-12,2.586332e-13
37.8000,1.748532e-11,4.098238e-13,4.105577e-11,5.284462e-13,2.764282e-12,2.552856e-13
37.8500,1.872914e-11,4.247497e-13,4.046525e-11,5.237220e-13,3.034728e-12,2.606946e-13
37.9000,1.822652e-11,4.187183e-13,4.147068e-11,5.317655e-13,2.723058e-12,2.544612e-13
37.9500,1.806979e-11,4.168374e-13,4.084988e-11,5.267990e-13,2.906618e-12,2.581324e-13
38.0000,1.772892e-11,4.127471e-13,4.122106e-11,5.297685e-13,2.859702e-12,2.571940e-13
38.0500,1.719975e-11,4.063970e-13,4.099602e-11,5.279682e-13,2.986393e-12,2.597279e-13
38.1000,1.676408e-11,4.011689e-13,4.102327e-11,5.281862e-13,3.314239e-12,2.662848e-13
38.1500,1.653595e-11,3.984314e-13,4.101613e-11,5.281290e-13,2.884104e-12,2.576821e-13
38.2000,1.560458e-11,3.872549e-13,4.075376e-11,5.260301e-13,2.781603e-12,2.556321e-13
38.2500,1.590773e-11,3.908928e-13,4.088318e-11,5.270654e-13,2.936967e-12,2.587393e-13
38.3000,1.551942e-11,3.862330e-13,4.133878e-11,5.307102e-13,3.032337e-12,2.606467e-13
38.3500,1.500039e-11,3.800047e-13,4.091698e-11,5.273359e-13,2.723626e-12,2.544725e-13
38.4000,1.483414e-11,3.780097e-13,4.025881e-11,5.220705e-13,3.386879e-12,2.677376e-13
38.4500,1.416846e-11,3.700215e-13,4.094319e-11,5.275455e-13,3.284325e-12,2.656865e-13
38.5000,1.403289e-11,3.683947e-13,4.110834e-11,5.288667e-13,3.297408e-12,2.659482e-13
38.5500,1.370998e-11,3.645197e-13,4.109047e-11,5.287238e-13,2.993368e-12,2.598674e-13
38.6000,1.345334e-11,3.614401e-13,4.073145e-11,5.258516e-13,3.158538e-12,2.631708e-13
38.6500,1.319010e-11,3.582812e-13,4.016084e-11,5.212867e-13,3.813328e-12,2.762666e-13
38.7000,1.288857e-11,3.546628e-13,4.089311e-11,5.271449e-13,3.139319e-12,2.627864e-13
38.7500,1.269317e-11,3.523181e-13,4.077262e-11,5.261809e-13,3.479387e-12,2.695877e-13
38.8000,1.211077e-11,3.453292e-13,4.100624e-11,5.280499e-13,3.034644e-12,2.606929e-13
38.8500,1.235681e-11,3.482817e-13,4.088459e-11,5.270767e-13,3.241178e-12,2.648236e-13
38.9000,1.175464e-11,3.410557e-13,4.110941e-11,5.288753e-13,3.422750e-12,2.684550e-13
38.9500,1.200639e-11,3.440767e-13,4.118369e-11,5.294695e-13,3.433777e-12,2.686755e-13
39.0000,1.140100e-11,3.368120e-13,4.065304e-11,5.252243e-13,3.136384e-12,2.627277e-13
39.0500,1.114984e-11,3.337981e-13,4.121487e-11,5.297189e-13,3.030175e-12,2.606035e-13
39.1000,1.128805e-11,3.354567e-13,4.148234e-11,5.318587e-13,3.590749e-12,2.718150e-13
39.1500,1.111460e-11,3.333752e-13,4.128680e-11,5.302944e-13,3.377740e-12,2.675548e-13
39.2000,1.028831e-11,3.234598e-13,4.106369e-11,5.285095e-13,3.296222e-12,2.659244e-13
39.2500,1.031906e-11,3.238287e-13,4.037261e-11,5.229809e-13,3.241035e-12,2.648207e-13
39.3000,1.012921e-11,3.215505e-13,4.139601e-11,5.311680e-13,3.388188e-12,2.677638e-13
39.3500,9.723366e-12,3.166804e-13,4.069278e-11,5.255422e-13,2.985362e-12,2.597072e-13
39.4000,1.004930e-11,3.205916e-13,4.060014e-11,5.248011e-13,3.269096e-12,2.653819e-13
39.4500,9.894454e-12,3.187335e-13,4.067806e-11,5.254245e-13,3.193523e-12,2.638705e-13
39.5000,8.950099e-12,3.074012e-13,4.116375e-11,5.293100e-13,3.013923e-12,2.602785e-13
39.5500,9.457059e-12,3.134847e-13,4.069454e-11,5.255563e-13,3.142955e-12,2.628591e-13
39.6000,9.449690e-12,3.133963e-13,4.083571e-11,5.266856e-13,3.326305e-12,2.665261e-13
39.6500,8.731294e-12,3.047755e-13,3.984877e-11,5.187901e-13,2.829475e-12,2.565895e-13
39.7000,9.338609e-12,3.120633e-13,4.051196e-11,5.240957e-13,3.266163e-12,2.653233e-13
39.7500,8.846858e-12,3.061623e-13,4.119178e-11,5.295342e-13,3.496107e-12,2.699221e-13
39.8000,8.977217e-12,3.077266e-13,4.118710e-11,5.294968e-13,3.038605e-12,2.607721e-13
39.8500,8.827695e-12,3.059323e-13,4.130020e-11,5.304016e-13,3.264261e-12,2.652852e-13
39.9000,8.250629e-12,2.990076e-13,4.126568e-11,5.301254e-13,2.806854e-12,2.561371e-13
39.9500,8.119741e-12,2.974369e-13,4.077121e-11,5.261697e-13,3.236769e-12,2.647354e-13
40.0000,9.106677e-12,3.092801e-13,4.107760e-11,5.286208e-13,3.011536e-12,2.602307e-13
40.0500,9.081644e-12,3.089797e-13,4.116265e-11,5.293012e-13,2.720374e-12,2.544075e-13
40.1000,9.440882e-12,3.132906e-13,4.054291e-11,5.243433e-13,2.991371e-12,2.598274e-13
40.1500,1.031764e-11,3.238116e-13,4.125117e-11,5.300094e-13,3.095871e-12,2.619174e-13
40.2000,1.118957e-11,3.342748e-13,4.034501e-11,5.227600e-13,3.024254e-12,2.604851e-13
40.2500,1.136730e-11,3.364075e-13,4.087933e-11,5.270346e-13,3.062123e-12,2.612425e-13
40.3000,1.152147e-11,3.382576e-13,4.107588e-11,5.286071e-13,3.446438e-12,2.689288e-13
40.3500,1.180126e-11,3.416151e-13,4.193698e-11,5.354958e-13,3.035292e-12,2.607058e-13
40.4000,1.210666e-11,3.452799e-13,4.089139e-11,5.271311e-13,3.610530e-12,2.722106e-13
40.4500,1.254960e-11,3.505952e-13,4.046039e-11,5.236831e-13,3.128785e-12,2.625757e-13
40.5000,1.322649e-11,3.587179e-13,4.148799e-11,5.319039e-13,3.278782e-12,2.655756e-13
40.5500,1.372891e-11,3.647470e-13,4.064509e-11,5.251607e-13,3.053633e-12,2.610727e-13
40.6000,1.339829e-11,3.607795e-13,4.083293e-11,5.266635e-13,2.851159e-12,2.570232e-13
40.6500,1.374676e-11,3.649611e-13,4.097466e-11,5.277973e-13,3.153475e-12,2.630695e-13
40.7000,1.384100e-11,3.660920e-13,4.126668e-11,5.301334e-13,3.183836e-12,2.636767e-13
40.7500,1.482676e-11,3.779211e-13,4.072228e-11,5.257782e-13,3.347569e-12,2.669514e-13
40.8000,1.478575e-11,3.774290e-13,4.026765e-11,5.221412e-13,3.188625e-12,2.637725e-13
40.8500,1.469017e-11,3.762821e-13,4.134571e-11,5.307657e-13,3.085178e-12,2.617036e-13
40.9000,1.537287e-11,3.844745e-13,4.082142e-11,5.265714e-13,3.403518e-12,2.680704e-13
40.9500,1.534898e-11,3.841878e-13,4.087940e-11,5.270352e-13,3.177449e-12,2.635490e-13
41.0000,1.556269e-11,3.867522e-13,4.118030e-11,5.294424e-13,3.326783e-12,2.665357e-13
41.0500,1.602695e-11,3.923234e-13,4.113262e-11,5.290610e-13,3.647817e-12,2.729563e-13
41.1000,1.604121e-11,3.924945e-13,4.158269e-11,5.326615e-13,3.413703e-12,2.682741e-13
41.1500,1.617238e-11,3.940686e-13,4.153736e-11,5.322989e-13,3.484242e-12,2.696848e-13
41.2000,1.627142e-11,3.952570e-13,4.134397e-11,5.307518e-13,3.431789e-12,2.686358e-13
41.2500,1.685816e-11,4.022979e-13,4.061729e-11,5.249383e-13,3.547979e-12,2.709596e-13
41.3000,1.708127e-11,4.049753e-13,3.995983e-11,5.196786e-13,3.364179e-12,2.672836e-13
41.3500,1.714134e-11,4.056961e-13,4.029640e-11,5.223712e-13,3.669081e-12,2.733816e-13
41.4000,1.725932e-11,4.071118e-13,4.080976e-11,5.264780e-13,3.431704e-12,2.686341e-13
41.4500,1.695906e-11,4.035088e-13,4.101343e-11,5.281075e-13,3.425504e-12,2.685101e-13
41.5000,1.752200e-11,4.102640e-13,4.121052e-11,5.296842e-13,3.533928e-12,2.706786e-13
41.5500,1.780679e-11,4.136815e-13,4.096832e-11,5.277466e-13,3.191438e-12,2.638288e-13
41.6000,1.835887e-11,4.203065e-13,4.076701e-11,5.261361e-13,3.878549e-12,2.775710e-13
41.6500,1.763883e-11,4.116659e-13,4.103463e-11,5.282770e-13,3.621384e-12,2.724277e-13
41.7000,1.830036e-11,4.196043e-13,4.056340e-11,5.245072e-13,3.597128e-12,2.719426e-13
41.7500,1.915855e-11,4.299026e-13,4.058284e-11,5.246628e-13,3.877302e-12,2.775460e-13
41.8000,1.817987e-11,4.181584e-13,4.048484e-11,5.238787e-13,3.663477e-12,2.732695e-13
41.8500,1.880455e-11,4.256546e-13,4.073572e-11,5.258858e-13,3.816049e-12,2.763210e-13
41.9000,1.811277e-11,4.173532e-13,4.117409e-11,5.293928e-13,4.082944e-12,2.816589e-13
41.9500,1.891666e-11,4.269999e-13,4.059743e-11,5.247794e-13,3.935483e-12,2.787097e-13
42.0000,1.833487e-11,4.200184e-13,4.061417e-11,5.249134e-13,4.146744e-12,2.829349e-13
42.0500,1.801792e-11,4.162151e-13,4.045838e-11,5.236670e-13,3.926223e-12,2.785245e-13
42.1000,1.765826e-11,4.118991e-13,4.113155e-11,5.290524e-13,4.197759e-12,2.839552e-13
42.1500,1.735014e-11,4.082016e-13,4.029285e-11,5.223428e-13,3.868336e-12,2.773667e-13
42.2000,1.610675e-11,3.932810e-13,4.034816e-11,5.227853e-13,3.866825e-12,2.773365e-13
42.2500,1.625657e-11,3.950788e-13,4.067315e-11,5.253852e-13,3.892276e-12,2.778455e-13
42.3000,1.598417e-11,3.918101e-13,4.087960e-11,5.270368e-13,3.734182e-12,2.746836e-13
42.3500,1.618217e-11,3.941861e-13,4.018441e-11,5.214753e-13,3.903325e-12,2.780665e-13
42.4000,1.495840e-11,3.795008e-13,4.073619e-11,5.258895e-13,4.061182e-12,2.812236e-13
42.4500,1.468429e-11,3.762115e-13,4.042477e-11,5.233982e-13,4.160978e-12,2.832196e-13
42.5000,1.517522e-11,3.821026e-13,4.031968e-11,5.225574e-13,4.362618e-12,2.872524e-13
42.5500,1.364365e-11,3.637238e-13,4.064300e-11,5.251440e-13,3.899462e-12,2.779892e-13
42.6000,1.408102e-11,3.689722e-13,4.096525e-11,5.277220e-13,4.385150e-12,2.877030e-13
42.6500,1.367922e-11,3.641506e-13,4.033737e-11,5.226990e-13,4.239830e-12,2.847966e-13
42.7000,1.335825e-11,3.602990e-13,4.031469e-11,5.225176e-13,3.606602e-12,2.721320e-13
42.7500,1.307891e-11,3.569470e-13,4.095469e-11,5.276376e-13,4.206947e-12,2.841389e-13
42.8000,1.251132e-11,3.501359e-13,4.063001e-11,5.250401e-13,4.151325e-12,2.830265e-13
42.8500,1.253074e-11,3.503689e-13,4.107197e-11,5.285758e-13,4.164501e-12,2.832900e-13
42.9000,1.193869e-11,3.432643e-13,4.008944e-11,5.207155e-13,4.089749e-12,2.817950e-13
42.9500,1.194974e-11,3.433968e-13,3.997593e-11,5.198075e-13,4.056723e-12,2.811345e-13
43.0000,1.162110e-11,3.394532e-13,4.061765e-11,5.249412e-13,4.208140e-12,2.841628e-13
43.0500,1.091933e-11,3.310319e-13,4.049743e-11,5.239794e-13,4.296159e-12,2.859232e-13
43.1000,1.136829e-11,3.364195e-13,4.099462e-11,5.279569e-13,3.893439e-12,2.778688e-13
43.1500,1.104207e-11,3.325049e-13,4.040203e-11,5.232162e-13,3.819434e-12,2.763887e-13
43.2000,1.114796e-11,3.337756e-13,4.093964e-11,5.275171e-13,3.749413e-12,2.749883e-13
43.2500,1.107485e-11,3.328983e-13,4.096782e-11,5.277425e-13,4.363345e-12,2.872669e-13
43.3000,1.048948e-11,3.258738e-13,4.027308e-11,5.221846e-13,3.919122e-12,2.783824e-13
43.3500,1.025875e-11,3.231050e-13,4.051333e-11,5.241066e-13,3.910596e-12,2.782119e-13
43.4000,1.003373e-11,3.204048e-13,4.092231e-11,5.273785e-13,3.855937e-12,2.771187e-13
43.4500,1.004268e-11,3.205122e-13,4.069748e-11,5.255798e-13,4.015730e-12,2.803146e-13
43.5000,9.807581e-12,3.176910e-13,4.018941e-11,5.215153e-13,3.659436e-12,2.731887e-13
43.5500,9.813842e-12,3.177661e-13,4.027301e-11,5.221841e-13,3.867248e-12,2.773450e-13
43.6000,9.806863e-12,3.176824e-13,4.115192e-11,5.292154e-13,3.827698e-12,2.765540e-13
43.6500,9.883169e-12,3.185980e-13,4.138784e-11,5.311027e-13,3.815627e-12,2.763125e-13
43.7000,9.079995e-12,3.089599e-13,4.091264e-11,5.273011e-13,3.772888e-12,2.754578e-13
43.7500,9.787709e-12,3.174525e-13,4.048516e-11,5.238813e-13,3.756677e-12,2.751335e-13
43.8000,9.107655e-12,3.092919e-13,4.072101e-11,5.257681e-13,3.688689e-12,2.737738e-13
43.8500,8.576935e-12,3.029232e-13,4.068121e-11,5.254497e-13,3.838702e-12,2.767740e-13
43.9000,8.791850e-12,3.055022e-13,4.128449e-11,5.302759e-13,3.609208e-12,2.721842e-13
43.9500,8.190262e-12,2.982831e-13,4.063704e-11,5.250963e-13,3.822842e-12,2.764568e-13
44.0000,8.255012e-12,2.990601e-13,4.046098e-11,5.236878e-13,3.980105e-12,2.796021e-13
44.0500,8.077090e-12,2.969251e-13,4.032858e-11,5.226287e-13,4.121777e-12,2.824355e-13
44.1000,8.507833e-12,3.020940e-13,4.116427e-11,5.293142e-13,3.944393e-12,2.788879e-13
44.1500,7.971877e-12,2.956625e-13,4.123823e-11,5.299058e-13,3.571039e-12,2.714208e-13
44.2000,8.157864e-12,2.978944e-13,4.035124e-11,5.228100e-13,3.381570e-12,2.676314e-13
44.2500,7.786710e-12,2.934405e-13,4.106481e-11,5.285184e-13,3.236764e-12,2.647353e-13
44.3000,7.561153e-12,2.907338e-13,4.189717e-11,5.351774e-13,3.452760e-12,2.690552e-13
44.3500,7.624246e-12,2.914910e-13,4.046375e-11,5.237100e-13,3.487633e-12,2.697527e-13
44.4000,7.700430e-12,2.924052e-13,4.068443e-11,5.254755e-13,3.248448e-12,2.649690e-13
44.4500,7.565955e-12,2.907915e-13,4.053052e-11,5.242442e-13,3.339776e-12,2.667955e-13
44.5000,7.433385e-12,2.892006e-13,4.116639e-11,5.293311e-13,3.138719e-12,2.627744e-13
44.5500,7.418845e-12,2.890261e-13,4.047233e-11,5.237787e-13,3.822989e-12,2.764598e-13
44.6000,7.058439e-12,2.847013e-13,4.023135e-11,5.218508e-13,2.956436e-12,2.591287e-13
44.6500,7.417549e-12,2.890106e-13,4.085814e-11,5.268651e-13,3.392845e-12,2.678569e-13
44.7000,7.269537e-12,2.872344e-13,4.027909e-11,5.222327e-13,2.952776e-12,2.590555e-13
44.7500,7.681104e-12,2.921732e-13,4.148755e-11,5.319004e-13,3.291391e-12,2.658278e-13
44.8000,6.961871e-12,2.835424e-13,4.047313e-11,5.237851e-13,3.255427e-12,2.651085e-13
44.8500,7.341226e-12,2.880947e-13,4.105183e-11,5.284146e-13,3.267852e-12,2.653570e-13
44.9000,6.800136e-12,2.816016e-13,4.118539e-11,5.294831e-13,3.624548e-12,2.724910e-13
44.9500,7.607329e-12,2.912880e-13,4.156551e-11,5.325241e-13,3.202210e-12,2.640442e-13
45.0000,6.631063e-12,2.795728e-13,4.131586e-11,5.305269e-13,2.886129e-12,2.577226e-13
45.0500,7.072159e-12,2.848659e-13,4.118091e-11,5.294473e-13,3.500170e-12,2.700034e-13
45.1000,6.838346e-12,2.820602e-13,4.103895e-11,5.283116e-13,3.125977e-12,2.625195e-13
45.1500,6.642680e-12,2.797122e-13,4.083476e-11,5.266781e-13,3.110466e-12,2.622093e-13
45.2000,6.973860e-12,2.836863e-13,4.093613e-11,5.274890e-13,2.797097e-12,2.559419e-13
45.2500,7.029221e-12,2.843507e-13,4.139176e-11,5.311341e-13,3.116226e-12,2.623245e-13
45.3000,6.880173e-12,2.825621e-13,4.063645e-11,5.250916e-13,2.996543e-12,2.599309e-13
45.3500,5.902677e-12,2.708321e-13,4.053952e-11,5.243162e-13,2.791534e-12,2.558307e-13
45.4000,6.326153e-12,2.759138e-13,4.098954e-11,5.279163e-13,2.631323e-12,2.526265e-13
45.4500,6.166691e-12,2.740003e-13,4.048739e-11,5.238991e-13,2.895668e-12,2.579134e-13
45.5000,6.647519e-12,2.797702e-13,4.118305e-11,5.294644e-13,2.723850e-12,2.544770e-13
45.5500,6.644864e-12,2.797384e-13,4.118289e-11,5.294631e-13,3.449974e-12,2.689995e-13
45.6000,6.051389e-12,2.726167e-13,4.098874e-11,5.279099e-13,2.882754e-12,2.576551e-13
45.6500,6.311674e-12,2.757401e-13,4.032990e-11,5.226392e-13,2.559292e-12,2.511858e-13
45.7000,6.329195e-12,2.759503e-13,4.134433e-11,5.307546e-13,3.182291e-12,2.636458e-13
45.7500,6.310832e-12,2.757300e-13,4.119234e-11,5.295387e-13,2.663380e-12,2.532676e-13
45.8000,6.594577e-12,2.791349e-13,4.042656e-11,5.234125e-13,2.663689e-12,2.532738e-13
45.8500,6.422713e-12,2.770726e-13,4.071219e-11,5.256975e-13,2.789497e-12,2.557899e-13
45.9000,6.324919e-12,2.758990e-13,4.113372e-11,5.290697e-13,2.785818e-12,2.557164e-13
45.9500,6.551391e-12,2.786167e-13,4.053301e-11,5.242641e-13,2.728900e-12,2.545780e-13
46.0000,6.283526e-12,2.754023e-13,4.066874e-11,5.253499e-13,2.845548e-12,2.569110e-13
46.0500,6.265919e-12,2.751910e-13,4.073578e-11,5.258862e-13,2.714027e-12,2.542805e-13
46.1000,5.932250e-12,2.711870e-13,4.192035e-11,5.353628e-13,2.728149e-12,2.545630e-13
46.1500,6.498722e-12,2.779847e-13,4.090714e-11,5.272571e-13,2.865255e-12,2.573051e-13
46.2000,6.338371e-12,2.760604e-13,4.097594e-11,5.278075e-13,2.529926e-12,2.505985e-13
46.2500,6.064364e-12,2.727724e-13,4.099702e-11,5.279761e-13,2.750688e-12,2.550138e-13
46.3000,6.054228e-12,2.726507e-13,4.095774e-11,5.276619e-13,2.749685e-12,2.549937e-13
46.3500,5.969163e-12,2.716300e-13,4.054360e-11,5.243488e-13,2.654042e-12,2.530808e-13
46.4000,5.940107e-12,2.712813e-13,4.018187e-11,5.214550e-13,2.392737e-12,2.478547e-13
46.4500,6.229762e-12,2.747571e-13,4.155194e-11,5.324155e-13,2.665645e-12,2.533129e-13
46.5000,6.288554e-12,2.754626e-13,4.100978e-11,5.280782e-13,2.738857e-12,2.547771e-13
46.5500,6.076981e-12,2.729238e-13,4.095886e-11,5.276709e-13,2.567409e-12,2.513482e-13
46.6000,5.982555e-12,2.717907e-13,4.101261e-11,5.281009e-13,2.630888e-12,2.526178e-13
46.6500,6.067801e-12,2.728136e-13,4.100633e-11,5.280506e-13,2.588717e-12,2.517743e-13
46.7000,5.698790e-12,2.683855e-13,4.081327e-11,5.265062e-13,2.650155e-12,2.530031e-13
46.7500,5.874900e-12,2.704988e-13,4.117315e-11,5.293852e-13,2.525669e-12,2.505134e-13
46.8000,6.164772e-12,2.739773e-13,4.073766e-11,5.259013e-13,2.543553e-12,2.508711e-13
46.8500,6.226692e-12,2.747203e-13,4.111785e-11,5.289428e-13,2.395609e-12,2.479122e-13
46.9000,5.647360e-12,2.677683e-13,4.085198e-11,5.268158e-13,2.346853e-12,2.469371e-13
46.9500,5.784019e-12,2.694082e-13,4.183252e-11,5.346602e-13,2.970077e-12,2.594015e-13
47.0000,5.609680e-12,2.673162e-13,4.097007e-11,5.277606e-13,2.150152e-12,2.430030e-13
47.0500,5.774168e-12,2.692900e-13,4.161411e-11,5.329129e-13,2.313678e-12,2.462736e-13
47.1000,5.391463e-12,2.646976e-13,4.203681e-11,5.362945e-13,2.353888e-12,2.470778e-13
47.1500,5.884381e-12,2.706126e-13,4.068454e-11,5.254763e-13,2.329983e-12,2.465997e-13
47.2000,5.951386e-12,2.714166e-13,4.127746e-11,5.302197e-13,2.623149e-12,2.524630e-13
47.2500,5.564772e-12,2.667773e-13,4.089120e-11,5.271296e-13,2.307419e-12,2.461484e-13
47.3000,6.044318e-12,2.725318e-13,4.099860e-11,5.279888e-13,1.814740e-12,2.362948e-13
47.3500,5.883564e-12,2.706028e-13,4.075041e-11,5.260033e-13,2.560110e-12,2.512022e-13
47.4000,5.949646e-12,2.713958e-13,4.074894e-11,5.259915e-13,2.623385e-12,2.524677e-13
47.4500,5.579512e-12,2.669541e-13,4.115018e-11,5.292015e-13,2.198023e-12,2.439605e-13
47.5000,5.700261e-12,2.684031e-13,4.191349e-11,5.353080e-13,2.486467e-12,2.497293e-13
47.5500,5.787980e-12,2.694558e-13,4.046605e-11,5.237284e-13,2.285782e-12,2.457156e-13
47.6000,5.589466e-12,2.670736e-13,4.109331e-11,5.287465e-13,2.465328e-12,2.493066e-13
47.6500,5.700271e-12,2.684032e-13,4.154862e-11,5.323890e-13,2.346301e-12,2.469260e-13
47.7000,5.901564e-12,2.708188e-13,4.135522e-11,5.308417e-13,2.120915e-12,2.424183e-13
47.7500,5.971573e-12,2.716589e-13,4.130109e-11,5.304088e-13,1.991944e-12,2.398389e-13
47.8000,6.015188e-12,2.721823e-13,4.187225e-11,5.349780e-13,1.570418e-12,2.314084e-13
47.8500,5.664837e-12,2.679780e-13,4.139024e-11,5.311219e-13,1.787521e-12,2.357504e-13
47.9000,5.994266e-12,2.719312e-13,4.178627e-11,5.342901e-13,2.365641e-12,2.473128e-13
47.9500,5.238667e-12,2.628640e-13,4.142840e-11,5.314272e-13,1.919163e-12,2.383833e-13
48.0000,6.597140e-12,2.791657e-13,4.131021e-11,5.304817e-13,2.093612e-12,2.418722e-13
48.0500,6.911680e-12,2.829402e-13,4.079055e-11,5.263244e-13,2.385322e-12,2.477064e-13
48.1000,7.646248e-12,2.917550e-13,4.137270e-11,5.309816e-13,1.681435e-12,2.336287e-13
48.1500,7.888218e-12,2.946586e-13,4.100024e-11,5.280019e-13,2.027388e-12,2.405478e-13
48.2000,8.228598e-12,2.987432e-13,4.089741e-11,5.271793e-13,1.976981e-12,2.395396e-13
48.2500,8.826132e-12,3.059136e-13,4.122008e-11,5.297606e-13,2.259698e-12,2.451940e-13
48.3000,9.218181e-12,3.106182e-13,4.043262e-11,5.234609e-13,2.173273e-12,2.434655e-13
48.3500,9.908814e-12,3.189058e-13,4.146910e-11,5.317528e-13,2.087083e-12,2.417417e-13
48.4000,1.009510e-11,3.211412e-13,4.121111e-11,5.296889e-13,2.108277e-12,2.421655e-13
48.4500,1.044256e-11,3.253108e-13,4.087920e-11,5.270336e-13,1.939709e-12,2.387942e-13
48.5000,1.081925e-11,3.298310e-13,4.093178e-11,5.274542e-13,2.164935e-12,2.432987e-13
48.5500,1.154653e-11,3.385584e-13,4.083799e-11,5.267039e-13,1.855149e-12,2.371030e-13
48.6000,1.170525e-11,3.404631e-13,4.139195e-11,5.311356e-13,2.297330e-12,2.459466e-13
48.6500,1.233246e-11,3.479895e-13,4.163794e-11,5.331035e-13,1.793377e-12,2.358675e-13
48.7000,1.272195e-11,3.526634e-13,4.028991e-11,5.223192e-13,2.133855e-12,2.426771e-13
48.7500,1.273079e-11,3.527694e-13,4.129520e-11,5.303616e-13,2.181172e-12,2.436234e-13
48.8000,1.339003e-11,3.606804e-13,4.170399e-11,5.336319e-13,2.153855e-12,2.430771e-13
48.8500,1.339296e-11,3.607155e-13,4.093849e-11,5.275079e-13,2.069830e-12,2.413966e-13
48.9000,1.351644e-11,3.621972e-13,4.149079e-11,5.319263e-13,2.250341e-12,2.450068e-13
48.9500,1.418496e-11,3.702195e-13,4.132640e-11,5.306112e-13,2.557901e-12,2.511580e-13
49.0000,1.449451e-11,3.739341e-13,4.047228e-11,5.237783e-13,2.439970e-12,2.487994e-13
49.0500,1.463417e-11,3.756100e-13,4.118704e-11,5.294963e-13,2.612582e-12,2.522516e-13
49.1000,1.491171e-11,3.789405e-13,4.105009e-11,5.284007e-13,2.338948e-12,2.467790e-13
49.1500,1.459707e-11,3.751648e-13,4.161810e-11,5.329448e-13,2.339705e-12,2.467941e-13
49.2000,1.539332e-11,3.847199e-13,4.113864e-11,5.291092e-13,2.344033e-12,2.468807e-13
49.2500,1.589426e-11,3.907311e-13,4.065880e-11,5.252704e-13,2.295690e-12,2.459138e-13
49.3000,1.575372e-11,3.890446e-13,4.140231e-11,5.312185e-13,2.656270e-12,2.531254e-13
49.3500,1.643747e-11,3.972496e-13,4.102805e-11,5.282244e-13,2.961787e-12,2.592357e-13
49.4000,1.626478e-11,3.951773e-13,4.174114e-11,5.339291e-13,2.456951e-12,2.491390e-13
49.4500,1.663638e-11,3.996366e-13,4.080003e-11,5.264002e-13,3.087764e-12,2.617553e-13
49.5000,1.665635e-11,3.998761e-13,4.182148e-11,5.345718e-13,2.179649e-12,2.435930e-13
49.5500,1.703083e-11,4.043699e-13,4.105241e-11,5.284193e-13,3.021851e-12,2.604370e-13
49.6000,1.713703e-11,4.056443e-13,4.136266e-11,5.309013e-13,2.983883e-12,2.596777e-13
49.6500,1.722677e-11,4.067212e-13,4.090459e-11,5.272367e-13,2.775825e-12,2.555165e-13
49.7000,1.721287e-11,4.065544e-13,4.114502e-11,5.291602e-13,2.982730e-12,2.596546e-13
49.7500,1.741336e-11,4.089604e-13,4.139473e-11,5.311579e-13,3.056163e-12,2.611233e-13
49.8000,1.767240e-11,4.120688e-13,4.123938e-11,5.299151e-13,2.807133e-12,2.561427e-13
49.8500,1.763678e-11,4.116414e-13,4.129314e-11,5.303451e-13,2.982368e-12,2.596474e-13
49.9000,1.855401e-11,4.226481e-13,4.115538e-11,5.292431e-13,2.922384e-12,2.584477e-13
49.9500,1.852398e-11,4.222878e-13,4.103068e-11,5.282455e-13,2.832056e-12,2.566411e-13
50.0000,1.827107e-11,4.192529e-13,4.062080e-11,5.249664e-13,3.177743e-12,2.635549e-13
50.0500,1.825468e-11,4.190561e-13,4.092685e-11,5.274148e-13,3.528433e-12,2.705687e-13
50.1000,1.842014e-11,4.210416e-13,4.071757e-11,5.257405e-13,3.415469e-12,2.683094e-13
50.1500,1.934507e-11,4.321408e-13,4.057162e-11,5.245730e-13,3.279366e-12,2.655873e-13
50.2000,1.850177e-11,4.220212e-13,4.057677e-11,5.246141e-13,3.514060e-12,2.702812e-13
50.2500,1.896008e-11,4.275210e-13,4.118382e-11,5.294706e-13,3.371508e-12,2.674302e-13
50.3000,1.935428e-11,4.322514e-13,4.144946e-11,5.315957e-13,3.809936e-12,2.761987e-13
50.3500,1.935203e-11,4.322244e-13,4.069761e-11,5.255808e-13,3.633511e-12,2.726702e-13
50.4000,1.928509e-11,4.314210e-13,4.079163e-11,5.263330e-13,3.565204e-12,2.713041e-13
50.4500,1.900676e-11,4.280811e-13,4.134761e-11,5.307809e-13,3.487492e-12,2.697498e-13
50.5000,1.950493e-11,4.340592e-13,4.093169e-11,5.274535e-13,3.518292e-12,2.703658e-13
50.5500,1.986874e-11,4.384249e-13,4.105916e-11,5.284733e-13,3.512165e-12,2.702433e-13
50.6000,1.975590e-11,4.370708e-13,4.131604e-11,5.305283e-13,3.793070e-12,2.758614e-13
50.6500,1.991136e-11,4.389363e-13,4.072317e-11,5.257854e-13,3.734179e-12,2.746836e-13
50.7000,2.000335e-11,4.400403e-13,3.996964e-11,5.197571e-13,3.927453e-12,2.785491e-13
50.7500,1.986050e-11,4.383260e-13,4.129240e-11,5.303392e-13,3.639414e-12,2.727883e-13
50.8000,1.938039e-11,4.325647e-13,4.070678e-11,5.256543e-13,4.269167e-12,2.853833e-13
50.8500,2.015267e-11,4.418321e-13,4.110746e-11,5.288597e-13,4.094084e-12,2.818817e-13
50.9000,2.010857e-11,4.413029e-13,4.091918e-11,5.273534e-13,4.078838e-12,2.815768e-13
50.9500,2.076399e-11,4.491678e-13,4.042817e-11,5.234254e-13,3.677595e-12,2.735519e-13
51.0000,2.008103e-11,4.409724e-13,4.009059e-11,5.207247e-13,4.033781e-12,2.806756e-13
51.0500,1.983797e-11,4.380556e-13,4.057245e-11,5.245796e-13,4.103146e-12,2.820629e-13
51.1000,1.976819e-11,4.372183e-13,4.064635e-11,5.251708e-13,3.754065e-12,2.750813e-13
51.1500,2.018955e-11,4.422746e-13,4.053249e-11,5.242599e-13,4.049613e-12,2.809923e-13
51.2000,2.039510e-11,4.447412e-13,4.058653e-11,5.246923e-13,3.958969e-12,2.791794e-13
51.2500,2.084159e-11,4.500991e-13,4.067255e-11,5.253804e-13,3.940220e-12,2.788044e-13
51.3000,2.010710e-11,4.412852e-13,4.092366e-11,5.273893e-13,4.109796e-12,2.821959e-13
51.3500,2.053705e-11,4.464446e-13,4.069927e-11,5.255941e-13,4.076413e-12,2.815283e-13
51.4000,1.992414e-11,4.390897e-13,4.011811e-11,5.209449e-13,4.060344e-12,2.812069e-13
51.4500,2.092388e-11,4.510866e-13,4.058315e-11,5.246652e-13,4.226940e-12,2.845388e-13
51.5000,2.106663e-11,4.527996e-13,4.025249e-11,5.220200e-13,3.838207e-12,2.767641e-13
51.5500,2.093496e-11,4.512196e-13,4.058841e-11,5.247073e-13,4.605481e-12,2.921096e-13
51.6000,2.056365e-11,4.467638e-13,3.958805e-11,5.167044e-13,4.510992e-12,2.902198e-13
51.6500,2.050749e-11,4.460899e-13,4.026202e-11,5.220962e-13,4.746999e-12,2.949400e-13
51.7000,2.083211e-11,4.499853e-13,4.118907e-11,5.295126e-13,4.321209e-12,2.864242e-13
51.7500,2.118201e-11,4.541842e-13,4.009417e-11,5.207534e-13,4.235003e-12,2.847001e-13
51.8000,2.079391e-11,4.495270e-13,4.016690e-11,5.213352e-13,4.934233e-12,2.986847e-13
51.8500,2.111149e-11,4.533378e-13,4.035268e-11,5.228214e-13,4.750827e-12,2.950165e-13
51.9000,2.074333e-11,4.489200e-13,4.086646e-11,5.269316e-13,4.744967e-12,2.948993e-13
51.9500,2.112837e-11,4.535405e-13,3.970721e-11,5.176577e-13,4.258515e-12,2.851703e-13
52.0000,2.141198e-11,4.569438e-13,4.017820e-11,5.214256e-13,4.937655e-12,2.987531e-13
52.0500,2.104343e-11,4.525212e-13,4.017569e-11,5.214055e-13,4.918266e-12,2.983653e-13
52.1000,2.111352e-11,4.533622e-13,4.030261e-11,5.224209e-13,5.039101e-12,3.007820e-13
52.1500,2.081265e-11,4.497518e-13,4.112154e-11,5.289723e-13,5.355538e-12,3.071108e-13
52.2000,2.087585e-11,4.505102e-13,4.024552e-11,5.219642e-13,5.142203e-12,3.028441e-13
52.2500,2.095827e-11,4.514992e-13,4.032551e-11,5.226041e-13,4.808984e-12,2.961797e-13
52.3000,2.165266e-11,4.598319e-13,4.010455e-11,5.208364e-13,4.774786e-12,2.954957e-13
52.3500,2.136888e-11,4.564266e-13,4.088826e-11,5.271061e-13,4.858485e-12,2.971697e-13
52.4000,2.056077e-11,4.467293e-13,4.076023e-11,5.260818e-13,5.011111e-12,3.002222e-13
52.4500,2.082316e-11,4.498780e-13,4.002939e-11,5.202351e-13,4.788523e-12,2.957705e-13
52.5000,2.164022e-11,4.596826e-13,4.017644e-11,5.214115e-13,5.448454e-12,3.089691e-13
52.5500,2.120235e-11,4.544282e-13,4.016998e-11,5.213598e-13,5.348151e-12,3.069630e-13
52.6000,2.123109e-11,4.547731e-13,4.051039e-11,5.240831e-13,5.189795e-12,3.037959e-13
52.6500,2.098228e-11,4.517873e-13,4.016199e-11,5.212960e-13,5.209803e-12,3.041961e-13
52.7000,2.168610e-11,4.602332e-13,4.033645e-11,5.226916e-13,5.141856e-12,3.028371e-13
52.7500,2.142972e-11,4.571566e-13,4.013535e-11,5.210828e-13,5.342308e-12,3.068462e-13
52.8000,2.070812e-11,4.484975e-13,4.075028e-11,5.260022e-13,5.187726e-12,3.037545e-13
52.8500,2.160300e-11,4.592360e-13,4.014915e-11,5.211932e-13,5.091410e-12,3.018282e-13
52.9000,2.183404e-11,4.620085e-13,3.959005e-11,5.167204e-13,5.449965e-12,3.089993e-13
52.9500,2.180766e-11,4.616919e-13,4.020013e-11,5.216010e-13,5.405776e-12,3.081155e-13
53.0000,2.145851e-11,4.575021e-13,3.956743e-11,5.165394e-13,5.080622e-12,3.016124e-13
53.0500,2.165085e-11,4.598102e-13,4.043629e-11,5.234904e-13,5.372436e-12,3.074487e-13
53.1000,2.127515e-11,4.553017e-13,3.995123e-11,5.196098e-13,5.660243e-12,3.132049e-13
53.1500,2.248413e-11,4.698096e-13,4.015502e-11,5.212402e-13,5.421637e-12,3.084327e-13
53.2000,2.116279e-11,4.539534e-13,3.959914e-11,5.167931e-13,5.662710e-12,3.132542e-13
53.2500,2.237423e-11,4.684907e-13,4.061002e-11,5.248802e-13,5.622281e-12,3.124456e-13
53.3000,2.170501e-11,4.604602e-13,3.985999e-11,5.188799e-13,5.575291e-12,3.115058e-13
53.3500,2.201533e-11,4.641840e-13,4.043711e-11,5.234968e-13,5.618792e-12,3.123758e-13
53.4000,2.134440e-11,4.561328e-13,4.033695e-11,5.226956e-13,5.576820e-12,3.115364e-13
53.4500,2.152549e-11,4.583058e-13,3.951069e-11,5.160855e-13,5.634981e-12,3.126996e-13
53.5000,2.142612e-11,4.571134e-13,4.066256e-11,5.253005e-13,5.567484e-12,3.113497e-13
53.5500,2.203461e-11,4.644153e-13,3.962754e-11,5.170203e-13,5.898284e-12,3.179657e-13
53.6000,2.156549e-11,4.587859e-13,4.057781e-11,5.246225e-13,5.527815e-12,3.105563e-13
53.6500,2.149501e-11,4.579401e-13,4.050951e-11,5.240761e-13,5.428774e-12,3.085755e-13
53.7000,2.178210e-11,4.613852e-13,4.027050e-11,5.221640e-13,5.920592e-12,3.184118e-13
53.7500,2.160855e-11,4.593026e-13,4.014090e-11,5.211272e-13,6.142071e-12,3.228414e-13
53.8000,2.170098e-11,4.604117e-13,3.963234e-11,5.170587e-13,5.610331e-12,3.122066e-13
53.8500,2.137597e-11,4.565117e-13,3.991599e-11,5.193279e-13,5.980468e-12,3.196094e-13
53.9000,2.151866e-11,4.582239e-13,3.971806e-11,5.177445e-13,5.657099e-12,3.131420e-13
53.9500,2.186522e-11,4.623826e-13,4.000257e-11,5.200206e-13,5.887778e-12,3.177556e-13
54.0000,2.171992e-11,4.606390e-13,4.031984e-11,5.225587e-13,6.084969e-12,3.216994e-13
54.0500,2.189930e-11,4.627916e-13,4.008095e-11,5.206476e-13,5.887086e-12,3.177417e-13
54.1000,2.140329e-11,4.568394e-13,4.011903e-11,5.209523e-13,6.189546e-12,3.237909e-13
54.1500,2.182356e-11,4.618827e-13,3.975457e-11,5.180366e-13,5.831754e-12,3.166351e-13
54.2000,2.231268e-11,4.677522e-13,4.039502e-11,5.231602e-13,6.656670e-12,3.331334e-13
54.2500,2.210088e-11,4.652105e-13,4.010341e-11,5.208273e-13,5.742421e-12,3.148484e-13
54.3000,2.163245e-11,4.595894e-13,4.000980e-11,5.200784e-13,5.529420e-12,3.105884e-13
54.3500,2.197160e-11,4.636592e-13,3.969477e-11,5.175582e-13,5.694518e-12,3.138904e-13
54.4000,2.168007e-11,4.601608e-13,4.006625e-11,5.205300e-13,6.295549e-12,3.259110e-13
54.4500,2.184356e-11,4.621227e-13,3.970387e-11,5.176310e-13,5.951569e-12,3.190314e-13
54.5000,2.167108e-11,4.600530e-13,3.987824e-11,5.190259e-13,5.970767e-12,3.194153e-13
54.5500,2.178324e-11,4.613989e-13,3.979103e-11,5.183282e-13,6.233472e-12,3.246694e-13
54.6000,2.205916e-11,4.647100e-13,3.955850e-11,5.164680e-13,5.984711e-12,3.196942e-13
54.6500,2.229660e-11,4.675592e-13,3.997440e-11,5.197952e-13,5.733277e-12,3.146655e-13
54.7000,2.138617e-11,4.566340e-13,4.005822e-11,5.204658e-13,6.396110e-12,3.279222e-13
54.7500,2.176581e-11,4.611897e-13,3.982418e-11,5.185934e-13,6.080208e-12,3.216042e-13
54.8000,2.204644e-11,4.645573e-13,4.067820e-11,5.254256e-13,6.032857e-12,3.206571e-13
54.8500,2.200115e-11,4.640138e-13,3.955682e-11,5.164546e-13,5.840388e-12,3.168078e-13
54.9000,2.169096e-11,4.602915e-13,3.983006e-11,5.186405e-13,6.007781e-12,3.201556e-13
54.9500,2.177608e-11,4.613129e-13,4.015155e-11,5.212124e-13,5.969110e-12,3.193822e-13
55.0000,2.182040e-11,4.618448e-13,3.987046e-11,5.189637e-13,5.762101e-12,3.152420e-13
55.0500,2.165552e-11,4.598663e-13,4.022460e-11,5.217968e-13,6.521946e-12,3.304389e-13
55.1000,2.183165e-11,4.619798e-13,3.981801e-11,5.185441e-13,6.303828e-12,3.260766e-13
55.1500,2.106469e-11,4.527763e-13,3.993795e-11,5.195036e-13,6.326149e-12,3.265230e-13
55.2000,2.191012e-11,4.629214e-13,4.054483e-11,5.243587e-13,6.426042e-12,3.285208e-13
55.2500,2.263755e-11,4.716506e-13,4.054563e-11,5.243650e-13,5.942767e-12,3.188553e-13
55.3000,2.199840e-11,4.639808e-13,3.967843e-11,5.174275e-13,6.192402e-12,3.238480e-13
55.3500,2.211586e-11,4.653903e-13,4.002799e-11,5.202239e-13,6.295924e-12,3.259185e-13
55.4000,2.242781e-11,4.691337e-13,3.960090e-11,5.168072e-13,6.420503e-12,3.284101e-13
55.4500,2.196535e-11,4.635842e-13,3.941245e-11,5.152996e-13,6.241114e-12,3.248223e-13
55.5000,2.238128e-11,4.685753e-13,3.988021e-11,5.190417e-13,6.354018e-12,3.270804e-13
55.5500,2.213913e-11,4.656695e-13,3.980201e-11,5.184161e-13,6.339065e-12,3.267813e-13
55.6000,2.232431e-11,4.678918e-13,3.944757e-11,5.155806e-13,6.262805e-12,3.252561e-13
55.6500,2.225265e-11,4.670318e-13,4.020132e-11,5.216106e-13,6.426380e-12,3.285276e-13
55.7000,2.200136e-11,4.640163e-13,3.999377e-11,5.199502e-13,6.155227e-12,3.231045e-13
55.7500,2.192088e-11,4.630506e-13,4.008352e-11,5.206682e-13,6.184343e-12,3.236869e-13
55.8000,2.169285e-11,4.603142e-13,3.951180e-11,5.160944e-13,6.311047e-12,3.262209e-13
55.8500,2.192197e-11,4.630637e-13,3.974454e-11,5.179563e-13,6.420699e-12,3.284140e-13
55.9000,2.190008e-11,4.628010e-13,3.989570e-11,5.191656e-13,6.269801e-12,3.253960e-13
55.9500,2.210488e-11,4.652585e-13,3.965958e-11,5.172766e-13,6.419363e-12,3.283873e-13
56.0000,2.102216e-11,4.522660e-13,3.986215e-11,5.188972e-13,6.611863e-12,3.322373e-13
56.0500,2.039388e-11,4.447266e-13,4.006657e-11,5.205325e-13,6.338251e-12,3.267650e-13
56.1000,2.074120e-11,4.488944e-13,4.004113e-11,5.203291e-13,6.553405e-12,3.310681e-13
56.1500,1.965586e-11,4.358703e-13,4.030205e-11,5.224164e-13,6.928813e-12,3.385763e-13
56.2000,1.928602e-11,4.314323e-13,3.971237e-11,5.176990e-13,6.870549e-12,3.374110e-13
56.2500,1.822560e-11,4.187072e-13,3.970472e-11,5.176378e-13,6.046097e-12,3.209219e-13
56.3000,1.882531e-11,4.259037e-13,4.023025e-11,5.218420e-13,6.626365e-12,3.325273e-13
56.3500,1.742714e-11,4.091257e-13,3.978177e-11,5.182542e-13,7.157881e-12,3.431576e-13
56.4000,1.729015e-11,4.074818e-13,3.973917e-11,5.179134e-13,6.368551e-12,3.273710e-13
56.4500,1.653391e-11,3.984069e-13,3.935382e-11,5.148305e-13,6.147780e-12,3.229556e-13
56.5000,1.651763e-11,3.982116e-13,4.010973e-11,5.208778e-13,6.519802e-12,3.303960e-13
56.5500,1.607520e-11,3.929024e-13,4.009618e-11,5.207695e-13,6.272050e-12,3.254410e-13
56.6000,1.526427e-11,3.831713e-13,4.025350e-11,5.220280e-13,6.012031e-12,3.202406e-13
56.6500,1.596242e-11,3.915490e-13,4.000095e-11,5.200076e-13,6.487044e-12,3.297409e-13
56.7000,1.500413e-11,3.800495e-13,4.035051e-11,5.228040e-13,6.111117e-12,3.222223e-13
56.7500,1.488788e-11,3.786545e-13,3.982062e-11,5.185649e-13,6.160767e-12,3.232153e-13
56.8000,1.432537e-11,3.719045e-13,4.049484e-11,5.239587e-13,6.414621e-12,3.282924e-13
56.8500,1.420920e-11,3.705104e-13,3.953838e-11,5.163070e-13,6.254120e-12,3.250824e-13
56.9000,1.370498e-11,3.644597e-13,3.999993e-11,5.199994e-13,5.922957e-12,3.184591e-13
56.9500,1.342101e-11,3.610521e-13,3.914810e-11,5.131848e-13,5.915385e-12,3.183077e-13
57.0000,1.330936e-11,3.597123e-13,3.986717e-11,5.189374e-13,6.053322e-12,3.210664e-13
57.0500,1.228837e-11,3.474604e-13,3.992362e-11,5.193889e-13,6.223938e-12,3.244788e-13
57.1000,1.263713e-11,3.516456e-13,4.019383e-11,5.215507e-13,6.006954e-12,3.201391e-13
57.1500,1.219881e-11,3.463857e-13,3.984276e-11,5.187420e-13,6.011707e-12,3.202341e-13
57.2000,1.221782e-11,3.466138e-13,4.000531e-11,5.200425e-13,5.798999e-12,3.159800e-13
57.2500,1.182650e-11,3.419180e-13,4.058018e-11,5.246414e-13,6.161913e-12,3.232383e-13
57.3000,1.166069e-11,3.399283e-13,3.972561e-11,5.178049e-13,5.855567e-12,3.171113e-13
57.3500,1.211423e-11,3.453708e-13,4.005772e-11,5.204618e-13,5.968719e-12,3.193744e-13
57.4000,1.117499e-11,3.340999e-13,3.988659e-11,5.190927e-13,5.624860e-12,3.124972e-13
57.4500,1.135274e-11,3.362329e-13,3.960908e-11,5.168727e-13,5.757328e-12,3.151466e-13
57.5000,1.071201e-11,3.285442e-13,4.043220e-11,5.234576e-13,5.992377e-12,3.198475e-13
57.5500,1.073615e-11,3.288338e-13,4.003723e-11,5.202978e-13,5.634840e-12,3.126968e-13
57.6000,1.044093e-11,3.252912e-13,3.991723e-11,5.193378e-13,5.659163e-12,3.131833e-13
57.6500,1.020645e-11,3.224774e-13,4.078213e-11,5.262570e-13,5.828911e-12,3.165782e-13
57.7000,1.005409e-11,3.206491e-13,3.999045e-11,5.199236e-13,5.491193e-12,3.098239e-13
57.7500,1.004761e-11,3.205714e-13,4.036300e-11,5.229040e-13,5.640120e-12,3.128024e-13
57.8000,9.638238e-12,3.156589e-13,4.021996e-11,5.217596e-13,5.276560e-12,3.055312e-13
57.8500,9.578239e-12,3.149389e-13,3.963234e-11,5.170587e-13,5.563027e-12,3.112605e-13
57.9000,9.559995e-12,3.147199e-13,3.990567e-11,5.192453e-13,5.316865e-12,3.063373e-13
57.9500,9.025109e-12,3.083013e-13,4.023797e-11,5.219038e-13,5.520396e-12,3.104079e-13
58.0000,9.356436e-12,3.122772e-13,3.996015e-11,5.196812e-13,5.147742e-12,3.029548e-13
58.0500,9.482241e-12,3.137869e-13,4.060002e-11,5.248002e-13,5.119295e-12,3.023859e-13
58.1000,9.111581e-12,3.093390e-13,4.039613e-11,5.231690e-13,5.248355e-12,3.049671e-13
58.1500,8.872699e-12,3.064724e-13,4.071218e-11,5.256974e-13,5.177319e-12,3.035464e-13
58.2000,8.825886e-12,3.059106e-13,4.009089e-11,5.207271e-13,5.012525e-12,3.002505e-13
58.2500,8.232304e-12,2.987877e-13,4.020155e-11,5.216124e-13,4.785894e-12,2.957179e-13
58.3000,8.545220e-12,3.025426e-13,3.981288e-11,5.185030e-13,5.231261e-12,3.046252e-13
58.3500,8.678641e-12,3.041437e-13,4.097354e-11,5.277883e-13,4.966685e-12,2.993337e-13
58.4000,8.207428e-12,2.984891e-13,3.981364e-11,5.185091e-13,5.209150e-12,3.041830e-13
58.4500,8.010894e-12,2.961307e-13,4.044390e-11,5.235512e-13,5.273074e-12,3.054615e-13
58.5000,7.939456e-12,2.952735e-13,4.007640e-11,5.206112e-13,4.541190e-12,2.908238e-13
58.5500,7.982009e-12,2.957841e-13,4.068369e-11,5.254695e-13,4.643439e-12,2.928688e-13
58.6000,7.830174e-12,2.939621e-13,4.036249e-11,5.228999e-13,4.727642e-12,2.945528e-13
58.6500,7.939586e-12,2.952750e-13,4.048906e-11,5.239125e-13,4.595354e-12,2.919071e-13
58.7000,7.812144e-12,2.937457e-13,4.036702e-11,5.229362e-13,4.151803e-12,2.830361e-13
58.7500,7.670357e-12,2.920443e-13,4.042776e-11,5.234221e-13,4.694367e-12,2.938873e-13
58.8000,7.507721e-12,2.900927e-13,4.027369e-11,5.221895e-13,4.782887e-12,2.956577e-13
58.8500,7.652152e-12,2.918258e-13,3.986763e-11,5.189410e-13,4.631791e-12,2.926358e-13
58.9000,7.543438e-12,2.905213e-13,4.112180e-11,5.289744e-13,4.640562e-12,2.928112e-13
58.9500,7.451772e-12,2.894213e-13,4.014306e-11,5.211445e-13,4.568939e-12,2.913788e-13
59.0000,6.889430e-12,2.826732e-13,3.951489e-11,5.161191e-13,4.508827e-12,2.901765e-13
59.0500,7.495417e-12,2.899450e-13,4.076287e-11,5.261030e-13,4.381698e-12,2.876340e-13
59.1000,7.239217e-12,2.868706e-13,4.116641e-11,5.293313e-13,3.853839e-12,2.770768e-13
59.1500,7.091788e-12,2.851015e-13,4.060072e-11,5.248058e-13,4.551615e-12,2.910323e-13
59.2000,6.620014e-12,2.794402e-13,4.009065e-11,5.207252e-13,4.179402e-12,2.835880e-13
59.2500,7.232571e-12,2.867908e-13,4.043800e-11,5.235040e-13,4.146904e-12,2.829381e-13
59.3000,6.578937e-12,2.789472e-13,4.107745e-11,5.286196e-13,4.058285e-12,2.811657e-13
59.3500,6.987916e-12,2.838550e-13,4.001082e-11,5.200865e-13,4.325755e-12,2.865151e-13
59.4000,7.007742e-12,2.840929e-13,4.017000e-11,5.213600e-13,4.047742e-12,2.809548e-13
59.4500,6.977750e-12,2.837330e-13,4.089350e-11,5.271480e-13,3.909799e-12,2.781960e-13
59.5000,6.858576e-12,2.823029e-13,4.144378e-11,5.315503e-13,4.242748e-12,2.848550e-13
59.5500,6.840301e-12,2.820836e-13,4.125163e-11,5.300131e-13,3.720460e-12,2.744092e-13
59.6000,6.827746e-12,2.819329e-13,4.061992e-11,5.249593e-13,4.160442e-12,2.832088e-13
59.6500,6.654490e-12,2.798539e-13,4.066151e-11,5.252921e-13,3.871889e-12,2.774378e-13
59.7000,6.467411e-12,2.776089e-13,4.059894e-11,5.247915e-13,3.676516e-12,2.735303e-13
59.7500,6.686466e-12,2.802376e-13,4.101789e-11,5.281432e-13,3.991550e-12,2.798310e-13
59.8000,6.480957e-12,2.777715e-13,4.059764e-11,5.247811e-13,4.344583e-12,2.868917e-13
59.8500,6.332882e-12,2.759946e-13,4.095108e-11,5.276086e-13,3.237362e-12,2.647472e-13
59.9000,6.689956e-12,2.802795e-13,4.098765e-11,5.279012e-13,3.986163e-12,2.797233e-13
59.9500,6.389230e-12,2.766708e-13,4.044397e-11,5.235518e-13,3.658415e-12,2.731683e-13
60.0000,7.101085e-12,2.852130e-13,4.038725e-11,5.230980e-13,3.565551e-12,2.713110e-13
60.0500,7.225493e-12,2.867059e-13,4.063973e-11,5.251178e-13,3.455697e-12,2.691139e-13
60.1000,8.078759e-12,2.969451e-13,4.022011e-11,5.217609e-13,3.246547e-12,2.649309e-13
60.1500,8.505702e-12,3.020684e-13,4.052855e-11,5.242284e-13,3.817764e-12,2.763553e-13
60.2000,9.089269e-12,3.090712e-13,4.003767e-11,5.203014e-13,3.619491e-12,2.723898e-13
60.2500,9.683405e-12,3.162009e-13,4.074686e-11,5.259749e-13,3.630190e-12,2.726038e-13
60.3000,9.833952e-12,3.180074e-13,4.019989e-11,5.215991e-13,3.756337e-12,2.751267e-13
60.3500,1.032279e-11,3.238735e-13,4.041326e-11,5.233061e-13,3.591566e-12,2.718313e-13
60.4000,1.066575e-11,3.279889e-13,4.166859e-11,5.333487e-13,3.252279e-12,2.650456e-13
60.4500,1.082462e-11,3.298955e-13,4.041048e-11,5.232838e-13,3.490285e-12,2.698057e-13
60.5000,1.143114e-11,3.371737e-13,4.143714e-11,5.314971e-13,3.416115e-12,2.683223e-13
60.5500,1.211535e-11,3.453842e-13,4.144695e-11,5.315756e-13,3.319419e-12,2.663884e-13
60.6000,1.253433e-11,3.504120e-13,4.086100e-11,5.268880e-13,3.865508e-12,2.773102e-13
60.6500,1.283852e-11,3.540622e-13,4.136015e-11,5.308812e-13,3.434885e-12,2.686977e-13
60.7000,1.261579e-11,3.513895e-13,4.091010e-11,5.272808e-13,4.045280e-12,2.809056e-13
60.7500,1.332179e-11,3.598615e-13,4.155867e-11,5.324693e-13,3.500867e-12,2.700173e-13
60.8000,1.332346e-11,3.598815e-13,4.013803e-11,5.211042e-13,3.585994e-12,2.717199e-13
60.8500,1.399320e-11,3.679184e-13,4.028543e-11,5.222834e-13,3.206927e-12,2.641385e-13
60.9000,1.361570e-11,3.633884e-13,4.031024e-11,5.224820e-13,3.549941e-12,2.709988e-13
60.9500,1.435501e-11,3.722601e-13,4.073327e-11,5.258662e-13,3.712630e-12,2.742526e-13
61.0000,1.469848e-11,3.763817e-13,4.137437e-11,5.309950e-13,3.622160e-12,2.724432e-13
61.0500,1.491516e-11,3.789819e-13,4.071048e-11,5.256839e-13,3.711137e-12,2.742227e-13
61.1000,1.538805e-11,3.846566e-13,4.053532e-11,5.242826e-13,3.365127e-12,2.673025e-13
61.1500,1.548203e-11,3.857844e-13,3.982899e-11,5.186320e-13,3.333750e-12,2.666750e-13
61.2000,1.564006e-11,3.876807e-13,4.067592e-11,5.254073e-13,3.347028e-12,2.669406e-13
61.2500,1.563875e-11,3.876650e-13,4.075323e-11,5.260258e-13,3.604336e-12,2.720867e-13
61.3000,1.663603e-11,3.996324e-13,4.173378e-11,5.338703e-13,3.914844e-12,2.782969e-13
61.3500,1.625082e-11,3.950098e-13,4.079397e-11,5.263517e-13,3.844336e-12,2.768867e-13
61.4000,1.689794e-11,4.027753e-13,4.098429e-11,5.278743e-13,3.850063e-12,2.770013e-13
61.4500,1.654723e-11,3.985668e-13,4.064877e-11,5.251902e-13,4.011233e-12,2.802247e-13
61.5000,1.676448e-11,4.011738e-13,4.143498e-11,5.314798e-13,4.027600e-12,2.805520e-13
61.5500,1.679181e-11,4.015017e-13,3.965168e-11,5.172134e-13,3.636035e-12,2.727207e-13
61.6000,1.690323e-11,4.028388e-13,4.112679e-11,5.290143e-13,3.859729e-12,2.771946e-13
61.6500,1.804545e-11,4.165454e-13,4.117239e-11,5.293791e-13,3.769776e-12,2.753955e-13
61.7000,1.774194e-11,4.129033e-13,4.049420e-11,5.239536e-13,3.902266e-12,2.780453e-13
61.7500,1.783901e-11,4.140682e-13,4.070412e-11,5.256330e-13,3.824781e-12,2.764956e-13
61.8000,1.752311e-11,4.102774e-13,4.045679e-11,5.236543e-13,4.152914e-12,2.830583e-13
61.8500,1.860890e-11,4.233069e-13,4.063503e-11,5.250803e-13,4.000914e-12,2.800183e-13
61.9000,1.826117e-11,4.191341e-13,4.044423e-11,5.235539e-13,4.294720e-12,2.858944e-13
61.9500,1.823870e-11,4.188644e-13,4.064390e-11,5.251512e-13,4.130219e-12,2.826044e-13
62.0000,1.800089e-11,4.160106e-13,4.042895e-11,5.234316e-13,4.288787e-12,2.857757e-13
62.0500,1.777090e-11,4.132508e-13,4.101076e-11,5.280861e-13,3.693692e-12,2.738738e-13
62.1000,1.725065e-11,4.070077e-13,4.049990e-11,5.239992e-13,3.881744e-12,2.776349e-13
62.1500,1.630955e-11,3.957146e-13,4.006104e-11,5.204883e-13,3.662007e-12,2.732401e-13
62.2000,1.605779e-11,3.926935e-13,4.085193e-11,5.268155e-13,4.054983e-12,2.810997e-13
62.2500,1.564633e-11,3.877560e-13,4.098091e-11,5.278473e-13,4.253346e-12,2.850669e-13
62.3000,1.545886e-11,3.855064e-13,4.006097e-11,5.204877e-13,3.908314e-12,2.781663e-13
62.3500,1.564623e-11,3.877548e-13,4.086225e-11,5.268980e-13,4.462671e-12,2.892534e-13
62.4000,1.440555e-11,3.728667e-13,4.070526e-11,5.256421e-13,3.851709e-12,2.770342e-13
62.4500,1.465764e-11,3.758917e-13,4.056192e-11,5.244953e-13,4.512295e-12,2.902459e-13
62.5000,1.418123e-11,3.701748e-13,4.064672e-11,5.251738e-13,4.225945e-12,2.845189e-13
62.5500,1.387851e-11,3.665421e-13,4.111268e-11,5.289015e-13,4.060878e-12,2.812176e-13
62.6000,1.357119e-11,3.628542e-13,4.099782e-11,5.279826e-13,4.255357e-12,2.851071e-13
62.6500,1.354961e-11,3.625953e-13,4.092173e-11,5.273739e-13,4.107347e-12,2.821469e-13
62.7000,1.304284e-11,3.565140e-13,4.048019e-11,5.238415e-13,3.743833e-12,2.748767e-13
62.7500,1.263381e-11,3.516057e-13,4.047113e-11,5.237690e-13,4.171520e-12,2.834304e-13
62.8000,1.298800e-11,3.558560e-13,4.090567e-11,5.272453e-13,4.172114e-12,2.834423e-13
62.8500,1.214419e-11,3.457303e-13,4.050925e-11,5.240740e-13,3.676909e-12,2.735382e-13
62.9000,1.191345e-11,3.429614e-13,4.011053e-11,5.208842e-13,3.893192e-12,2.778638e-13
62.9500,1.147942e-11,3.377530e-13,4.014365e-11,5.211492e-13,4.275902e-12,2.855180e-13
63.0000,1.164178e-11,3.397013e-13,4.025439e-11,5.220351e-13,4.240225e-12,2.848045e-13
63.0500,1.079099e-11,3.294919e-13,3.999792e-11,5.199834e-13,3.958948e-12,2.791790e-13
63.1000,1.093027e-11,3.311633e-13,4.082146e-11,5.265717e-13,4.530345e-12,2.906069e-13
63.1500,1.062826e-11,3.275392e-13,4.017415e-11,5.213932e-13,4.011142e-12,2.802228e-13
63.2000,1.025226e-11,3.230271e-13,4.072756e-11,5.258205e-13,3.972124e-12,2.794425e-13
63.2500,1.028255e-11,3.233906e-13,4.069911e-11,5.255928e-13,4.217466e-12,2.843493e-13
63.3000,1.058633e-11,3.270359e-13,4.022839e-11,5.218271e-13,3.536769e-12,2.707354e-13
63.3500,9.829450e-12,3.179534e-13,4.122010e-11,5.297608e-13,3.926344e-12,2.785269e-13
63.4000,9.704952e-12,3.164594e-13,4.100456e-11,5.280365e-13,3.910442e-12,2.782088e-13
63.4500,9.900207e-12,3.188025e-13,4.093781e-11,5.275024e-13,4.208665e-12,2.841733e-13
63.5000,9.846420e-12,3.181570e-13,4.066734e-11,5.253387e-13,3.702845e-12,2.740569e-13
63.5500,9.334755e-12,3.120171e-13,4.031234e-11,5.224987e-13,4.037611e-12,2.807522e-13
63.6000,9.745318e-12,3.169438e-13,4.066527e-11,5.253221e-13,4.034302e-12,2.806860e-13
63.6500,9.676143e-12,3.161137e-13,4.078080e-11,5.262464e-13,4.202055e-12,2.840411e-13
63.7000,9.156025e-12,3.098723e-13,4.150872e-11,5.320698e-13,3.834656e-12,2.766931e-13
63.7500,8.737601e-12,3.048512e-13,4.001309e-11,5.201048e-13,3.364366e-12,2.672873e-13
63.8000,9.217156e-12,3.106059e-13,4.026505e-11,5.221204e-13,3.424182e-12,2.684836e-13
63.8500,8.677562e-12,3.041307e-13,4.087370e-11,5.269896e-13,4.077998e-12,2.815600e-13
63.9000,8.437359e-12,3.012483e-13,4.162097e-11,5.329678e-13,3.905473e-12,2.781095e-13
63.9500,8.204035e-12,2.984484e-13,4.053676e-11,5.242941e-13,4.054344e-12,2.810869e-13
64.0000,8.542106e-12,3.025053e-13,4.053159e-11,5.242527e-13,3.648341e-12,2.729668e-13
64.0500,8.027120e-12,2.963254e-13,4.055240e-11,5.244192e-13,3.370636e-12,2.674127e-13
64.1000,8.357810e-12,3.002937e-13,4.098049e-11,5.278439e-13,3.583945e-12,2.716789e-13
64.1500,7.952339e-12,2.954281e-13,4.056446e-11,5.245157e-13,3.996452e-12,2.799290e-13
64.2000,8.118007e-12,2.974161e-13,4.106988e-11,5.285590e-13,3.442230e-12,2.688446e-13
64.2500,7.615817e-12,2.913898e-13,4.155367e-11,5.324294e-13,2.946492e-12,2.589298e-13
64.3000,7.621818e-12,2.914618e-13,4.121643e-11,5.297314e-13,3.577439e-12,2.715488e-13
64.3500,7.989989e-12,2.958799e-13,4.024223e-11,5.219378e-13,3.529996e-12,2.705999e-13
64.4000,8.011675e-12,2.961401e-13,4.109220e-11,5.287376e-13,3.162320e-12,2.632464e-13
64.4500,7.594261e-12,2.911311e-13,4.068076e-11,5.254461e-13,3.308382e-12,2.661676e-13
64.5000,7.978268e-12,2.957392e-13,4.051595e-11,5.241276e-13,3.380574e-12,2.676115e-13
64.5500,7.717916e-12,2.926150e-13,4.127909e-11,5.302327e-13,3.319424e-12,2.663885e-13
64.6000,7.173633e-12,2.860836e-13,4.122380e-11,5.297904e-13,3.587438e-12,2.717488e-13
64.6500,7.297104e-12,2.875652e-13,4.096135e-11,5.276908e-13,2.717442e-12,2.543488e-13
64.7000,7.257685e-12,2.870922e-13,4.106422e-11,5.285138e-13,3.460791e-12,2.692158e-13
64.7500,7.235340e-12,2.868241e-13,4.073725e-11,5.258980e-13,3.696877e-12,2.739375e-13
64.8000,7.126605e-12,2.855193e-13,4.048141e-11,5.238513e-13,3.133572e-12,2.626714e-13
64.8500,6.638165e-12,2.796580e-13,4.150264e-11,5.320211e-13,3.150794e-12,2.630159e-13
64.9000,7.345061e-12,2.881407e-13,4.129163e-11,5.303331e-13,3.444133e-12,2.688827e-13
64.9500,6.715678e-12,2.805881e-13,4.081292e-11,5.265034e-13,3.467227e-12,2.693445e-13
65.0000,7.243513e-12,2.869222e-13,4.140849e-11,5.312679e-13,2.881924e-12,2.576385e-13
65.0500,6.466714e-12,2.776006e-13,4.080312e-11,5.264250e-13,3.442816e-12,2.688563e-13
65.1000,6.790568e-12,2.814868e-13,4.052374e-11,5.241899e-13,3.225243e-12,2.645049e-13
65.1500,6.689659e-12,2.802759e-13,4.082996e-11,5.266396e-13,3.143876e-12,2.628775e-13
65.2000,7.217320e-12,2.866078e-13,4.099678e-11,5.279742e-13,2.882397e-12,2.576479e-13
65.2500,6.535595e-12,2.784271e-13,4.085747e-11,5.268597e-13,2.940664e-12,2.588133e-13
65.3000,6.826996e-12,2.819240e-13,4.060468e-11,5.248375e-13,3.754638e-12,2.750928e-13
65.3500,6.831166e-12,2.819740e-13,4.142456e-11,5.313965e-13,2.790002e-12,2.558000e-13
65.4000,6.559166e-12,2.787100e-13,4.066097e-11,5.252878e-13,2.890262e-12,2.578052e-13
65.4500,6.807024e-12,2.816843e-13,4.066899e-11,5.253519e-13,3.138776e-12,2.627755e-13
65.5000,6.489482e-12,2.778738e-13,4.079875e-11,5.263900e-13,2.822364e-12,2.564473e-13
65.5500,6.521492e-12,2.782579e-13,4.152623e-11,5.322098e-13,2.760551e-12,2.552110e-13
65.6000,6.581682e-12,2.789802e-13,4.144663e-11,5.315731e-13,3.106881e-12,2.621376e-13
65.6500,6.607234e-12,2.792868e-13,4.092130e-11,5.273704e-13,2.624929e-12,2.524986e-13
65.7000,6.264259e-12,2.751711e-13,4.171001e-11,5.336800e-13,2.907490e-12,2.581498e-13
65.7500,6.292203e-12,2.755064e-13,4.079290e-11,5.263432e-13,3.139744e-12,2.627949e-13
65.8000,6.093762e-12,2.731251e-13,4.079878e-11,5.263903e-13,2.880939e-12,2.576188e-13
65.8500,6.186811e-12,2.742417e-13,4.173151e-11,5.338521e-13,2.947561e-12,2.589512e-13
65.9000,6.255495e-12,2.750659e-13,4.104067e-11,5.283254e-13,2.836689e-12,2.567338e-13
65.9500,6.072363e-12,2.728684e-13,4.093081e-11,5.274465e-13,2.751960e-12,2.550392e-13
66.0000,6.254861e-12,2.750583e-13,4.148765e-11,5.319012e-13,2.829041e-12,2.565808e-13
66.0500,6.305914e-12,2.756710e-13,4.134226e-11,5.307380e-13,2.839292e-12,2.567858e-13
66.1000,6.410159e-12,2.769219e-13,4.090620e-11,5.272496e-13,2.618947e-12,2.523789e-13
66.1500,6.209221e-12,2.745107e-13,4.086703e-11,5.269362e-13,2.573711e-12,2.514742e-13
66.2000,6.365614e-12,2.763874e-13,4.074723e-11,5.259778e-13,3.153623e-12,2.630725e-13
66.2500,5.923369e-12,2.710804e-13,4.088590e-11,5.270872e-13,2.752793e-12,2.550559e-13
66.3000,5.970792e-12,2.716495e-13,4.067460e-11,5.253968e-13,2.435728e-12,2.487146e-13
66.3500,5.741194e-12,2.688943e-13,4.068403e-11,5.254722e-13,2.659175e-12,2.531835e-13
66.4000,6.308658e-12,2.757039e-13,4.107507e-11,5.286005e-13,2.467658e-12,2.493532e-13
66.4500,5.777819e-12,2.693338e-13,4.096168e-11,5.276935e-13,2.448049e-12,2.489610e-13
66.5000,6.013224e-12,2.721587e-13,4.108185e-11,5.286548e-13,2.304405e-12,2.460881e-13
66.5500,5.896945e-12,2.707633e-13,4.144300e-11,5.315440e-13,2.509205e-12,2.501841e-13
66.6000,6.066524e-12,2.727983e-13,4.152791e-11,5.322233e-13,2.392452e-12,2.478490e-13
66.6500,6.399635e-12,2.767956e-13,4.181409e-11,5.345127e-13,2.709190e-12,2.541838e-13
66.7000,5.839827e-12,2.700779e-13,4.142689e-11,5.314151e-13,2.607747e-12,2.521549e-13
66.7500,5.859029e-12,2.703083e-13,4.076752e-11,5.261401e-13,2.632436e-12,2.526487e-13
66.8000,5.909928e-12,2.709191e-13,4.070310e-11,5.256248e-13,2.045832e-12,2.409166e-13
66.8500,5.848103e-12,2.701772e-13,4.053773e-11,5.243019e-13,2.549793e-12,2.509959e-13
66.9000,6.235127e-12,2.748215e-13,4.161619e-11,5.329295e-13,2.065069e-12,2.413014e-13
66.9500,6.200386e-12,2.744046e-13,4.144097e-11,5.315278e-13,2.269022e-12,2.453804e-13
67.0000,5.756720e-12,2.690806e-13,4.119393e-11,5.295514e-13,2.093871e-12,2.418774e-13
67.0500,5.919308e-12,2.710317e-13,4.115187e-11,5.292150e-13,2.344663e-12,2.468933e-13
67.1000,5.590934e-12,2.670912e-13,4.091734e-11,5.273387e-13,2.187413e-12,2.437483e-13
67.1500,5.838787e-12,2.700654e-13,4.106726e-11,5.285381e-13,2.385167e-12,2.477033e-13
67.2000,5.949999e-12,2.714000e-13,4.123188e-11,5.298551e-13,2.167502e-12,2.433500e-13
67.2500,5.708571e-12,2.685029e-13,4.152840e-11,5.322272e-13,2.311797e-12,2.462359e-13
67.3000,5.833641e-12,2.700037e-13,4.104439e-11,5.283551e-13,2.236513e-12,2.447303e-13
67.3500,6.009016e-12,2.721082e-13,4.136152e-11,5.308922e-13,2.604623e-12,2.520925e-13
67.4000,5.694547e-12,2.683346e-13,4.106492e-11,5.285194e-13,2.139039e-12,2.427808e-13
67.4500,5.568627e-12,2.668235e-13,4.124070e-11,5.299256e-13,2.556596e-12,2.511319e-13
67.5000,6.153389e-12,2.738407e-13,4.089866e-11,5.271893e-13,1.958317e-12,2.391663e-13
67.5500,5.298044e-12,2.635765e-13,4.074654e-11,5.259724e-13,2.446417e-12,2.489283e-13
67.6000,5.735557e-12,2.688267e-13,4.152866e-11,5.322293e-13,1.854988e-12,2.370998e-13
67.6500,5.864388e-12,2.703727e-13,4.106581e-11,5.285265e-13,2.151066e-12,2.430213e-13
67.7000,5.468520e-12,2.656222e-13,4.074081e-11,5.259265e-13,1.825843e-12,2.365169e-13
67.7500,5.655144e-12,2.678617e-13,4.188954e-11,5.351163e-13,2.120401e-12,2.424080e-13
67.8000,5.638312e-12,2.676597e-13,4.129508e-11,5.303607e-13,2.028982e-12,2.405796e-13
67.8500,5.706025e-12,2.684723e-13,4.092135e-11,5.273708e-13,2.509990e-12,2.501998e-13
67.9000,5.747411e-12,2.689689e-13,4.100799e-11,5.280639e-13,2.006179e-12,2.401236e-13
67.9500,5.551174e-12,2.666141e-13,4.174843e-11,5.339874e-13,2.216644e-12,2.443329e-13
68.0000,6.733347e-12,2.808002e-13,4.119440e-11,5.295552e-13,2.207959e-12,2.441592e-13
68.0500,6.270018e-12,2.752402e-13,4.155928e-11,5.324743e-13,2.432908e-12,2.486582e-13
68.1000,7.515486e-12,2.901858e-13,4.114125e-11,5.291300e-13,2.406952e-12,2.481390e-13
68.1500,7.432724e-12,2.891927e-13,4.131483e-11,5.305186e-13,1.765648e-12,2.353130e-13
68.2000,8.164784e-12,2.979774e-13,4.121083e-11,5.296866e-13,1.876873e-12,2.375375e-13
68.2500,9.028793e-12,3.083455e-13,4.110672e-11,5.288538e-13,2.076140e-12,2.415228e-13
68.3000,9.349017e-12,3.121882e-13,4.117030e-11,5.293624e-13,1.484959e-12,2.296992e-13
68.3500,1.038324e-11,3.245989e-13,4.138242e-11,5.310594e-13,1.846049e-12,2.369210e-13
68.4000,9.992994e-12,3.199159e-13,4.177205e-11,5.341764e-13,1.891145e-12,2.378229e-13
68.4500,1.035118e-11,3.242141e-13,4.137712e-11,5.310170e-13,2.337944e-12,2.467589e-13
68.5000,1.076994e-11,3.292393e-13,4.084272e-11,5.267418e-13,2.203183e-12,2.440637e-13
68.5500,1.135061e-11,3.362074e-13,4.100323e-11,5.280258e-13,2.062931e-12,2.412586e-13
68.6000,1.190762e-11,3.428914e-13,4.157249e-11,5.325799e-13,2.386232e-12,2.477246e-13
68.6500,1.189682e-11,3.427618e-13,4.068426e-11,5.254741e-13,1.766236e-12,2.353247e-13
68.7000,1.211464e-11,3.453757e-13,4.139408e-11,5.311526e-13,2.280290e-12,2.456058e-13
68.7500,1.290104e-11,3.548125e-13,4.093574e-11,5.274859e-13,2.122746e-12,2.424549e-13
68.8000,1.358448e-11,3.630138e-13,4.140926e-11,5.312741e-13,2.089010e-12,2.417802e-13
68.8500,1.348402e-11,3.618083e-13,4.129567e-11,5.303653e-13,2.426130e-12,2.485226e-13
68.9000,1.379975e-11,3.655970e-13,4.114676e-11,5.291741e-13,2.551274e-12,2.510255e-13
68.9500,1.387544e-11,3.665053e-13,4.164275e-11,5.331420e-13,2.319135e-12,2.463827e-13
69.0000,1.478419e-11,3.774103e-13,4.103337e-11,5.282670e-13,2.592308e-12,2.518462e-13
69.0500,1.459027e-11,3.750832e-13,4.143335e-11,5.314668e-13,2.470912e-12,2.494182e-13
69.1000,1.501229e-11,3.801475e-13,4.118912e-11,5.295130e-13,2.651326e-12,2.530265e-13
69.1500,1.491596e-11,3.789916e-13,4.131088e-11,5.304871e-13,2.305982e-12,2.461196e-13
69.2000,1.515192e-11,3.818230e-13,4.145999e-11,5.316799e-13,2.495773e-12,2.499155e-13
69.2500,1.582159e-11,3.898591e-13,4.105181e-11,5.284145e-13,2.644969e-12,2.528994e-13
69.3000,1.575549e-11,3.890659e-13,4.150917e-11,5.320733e-13,2.914745e-12,2.582949e-13
69.3500,1.589895e-11,3.907874e-13,4.115389e-11,5.292311e-13,2.943972e-12,2.588794e-13
69.4000,1.580983e-11,3.897180e-13,4.157814e-11,5.326252e-13,2.862470e-12,2.572494e-13
69.4500,1.676794e-11,4.012152e-13,4.048453e-11,5.238762e-13,2.433252e-12,2.486650e-13
69.5000,1.697302e-11,4.036763e-13,4.083858e-11,5.267086e-13,2.381623e-12,2.476325e-13
69.5500,1.698167e-11,4.037800e-13,4.153760e-11,5.323008e-13,3.002512e-12,2.600502e-13
69.6000,1.693425e-11,4.032110e-13,4.102160e-11,5.281728e-13,2.761196e-12,2.552239e-13
69.6500,1.745985e-11,4.095182e-13,4.063285e-11,5.250628e-13,2.846282e-12,2.569256e-13
69.7000,1.734769e-11,4.081723e-13,4.123065e-11,5.298452e-13,2.932620e-12,2.586524e-13
69.7500,1.766084e-11,4.119300e-13,4.111755e-11,5.289404e-13,2.859530e-12,2.571906e-13
69.8000,1.754637e-11,4.105565e-13,4.111205e-11,5.288964e-13,2.814342e-12,2.562868e-13
69.8500,1.855346e-11,4.226415e-13,4.121777e-11,5.297421e-13,2.966776e-12,2.593355e-13
69.9000,1.842494e-11,4.210993e-13,4.083172e-11,5.266538e-13,3.114235e-12,2.622847e-13
69.9500,1.849644e-11,4.219573e-13,4.112857e-11,5.290286e-13,2.973267e-12,2.594653e-13
70.0000,1.754252e-11,4.105102e-13,4.104344e-11,5.283475e-13,2.875316e-12,2.575063e-13
70.0500,1.737112e-11,4.084535e-13,4.106192e-11,5.284954e-13,3.017624e-12,2.603525e-13
70.1000,1.658453e-11,3.990143e-13,4.134076e-11,5.307261e-13,3.028764e-12,2.605753e-13
70.1500,1.629064e-11,3.954877e-13,4.113308e-11,5.290646e-13,3.454936e-12,2.690987e-13
70.2000,1.635107e-11,3.962128e-13,4.106148e-11,5.284919e-13,3.219204e-12,2.643841e-13
70.2500,1.590221e-11,3.908265e-13,4.109427e-11,5.287542e-13,3.156856e-12,2.631371e-13
70.3000,1.547766e-11,3.857319e-13,4.093353e-11,5.274682e-13,3.436208e-12,2.687242e-13
70.3500,1.544242e-11,3.853090e-13,4.054592e-11,5.243674e-13,3.042221e-12,2.608444e-13
70.4000,1.501963e-11,3.802355e-13,4.082255e-11,5.265804e-13,3.031427e-12,2.606285e-13
70.4500,1.407012e-11,3.688414e-13,4.049930e-11,5.239944e-13,3.782475e-12,2.756495e-13
70.5000,1.380565e-11,3.656678e-13,4.078231e-11,5.262585e-13,3.368198e-12,2.673640e-13
70.5500,1.379711e-11,3.655654e-13,4.064483e-11,5.251586e-13,3.331446e-12,2.666289e-13
70.6000,1.325002e-11,3.590002e-13,4.129250e-11,5.303400e-13,2.943441e-12,2.588688e-13
70.6500,1.307289e-11,3.568747e-13,4.077674e-11,5.262140e-13,3.151113e-12,2.630223e-13
70.7000,1.259674e-11,3.511608e-13,4.081979e-11,5.265583e-13,3.299975e-12,2.659995e-13
70.7500,1.203699e-11,3.444439e-13,3.999353e-11,5.199482e-13,3.562023e-12,2.712405e-13
70.8000,1.234873e-11,3.481848e-13,4.115770e-11,5.292616e-13,3.751277e-12,2.750255e-13
70.8500,1.227783e-11,3.473339e-13,4.145679e-11,5.316543e-13,3.889331e-12,2.777866e-13
70.9000,1.221064e-11,3.465277e-13,4.102324e-11,5.281859e-13,3.397920e-12,2.679584e-13
70.9500,1.184033e-11,3.420839e-13,4.191519e-11,5.353215e-13,3.568587e-12,2.713717e-13
71.0000,1.148380e-11,3.378057e-13,3.998175e-11,5.198540e-13,3.396986e-12,2.679397e-13
71.0500,1.080589e-11,3.296707e-13,3.980471e-11,5.184377e-13,3.285925e-12,2.657185e-13
71.1000,1.070193e-11,3.284231e-13,4.106091e-11,5.284873e-13,3.298342e-12,2.659668e-13
71.1500,1.080917e-11,3.297100e-13,4.072365e-11,5.257892e-13,3.692628e-12,2.738526e-13
71.2000,1.080703e-11,3.296843e-13,4.083876e-11,5.267101e-13,3.627979e-12,2.725596e-13
71.2500,1.051221e-11,3.261465e-13,4.014168e-11,5.211334e-13,3.696595e-12,2.739319e-13
71.3000,1.029494e-11,3.235392e-13,4.104973e-11,5.283979e-13,3.158970e-12,2.631794e-13
71.3500,9.902102e-12,3.188252e-13,4.054566e-11,5.243653e-13,3.278688e-12,2.655738e-13
71.4000,9.960509e-12,3.195261e-13,4.102852e-11,5.282282e-13,3.655035e-12,2.731007e-13
71.4500,9.564668e-12,3.147760e-13,4.132232e-11,5.305785e-13,3.093534e-12,2.618707e-13
71.5000,9.778949e-12,3.173474e-13,4.104910e-11,5.283928e-13,2.983877e-12,2.596775e-13
71.5500,9.267225e-12,3.112067e-13,4.041985e-11,5.233588e-13,3.467371e-12,2.693474e-13
71.6000,9.428147e-12,3.131378e-13,4.150926e-11,5.320740e-13,3.437011e-12,2.687402e-13
71.6500,9.170799e-12,3.100496e-13,4.127546e-11,5.302037e-13,3.644089e-12,2.728818e-13
71.7000,9.133361e-12,3.096003e-13,4.153516e-11,5.322813e-13,3.232897e-12,2.646579e-13
71.7500,8.948490e-12,3.073819e-13,4.109230e-11,5.287384e-13,3.571457e-12,2.714291e-13
71.8000,8.981750e-12,3.077810e-13,3.980163e-11,5.184131e-13,3.343818e-12,2.668764e-13
71.8500,9.068850e-12,3.088262e-13,4.089838e-11,5.271870e-13,3.146791e-12,2.629358e-13
71.9000,8.381292e-12,3.005755e-13,4.098895e-11,5.279116e-13,2.977559e-12,2.595512e-13
71.9500,8.308072e-12,2.996969e-13,4.107977e-11,5.286381e-13,3.430958e-12,2.686192e-13
72.0000,8.659729e-12,3.039168e-13,4.141777e-11,5.313422e-13,3.413013e-12,2.682603e-13
72.0500,9.433069e-12,3.131968e-13,3.996090e-11,5.196872e-13,2.975591e-12,2.595118e-13
72.1000,9.642579e-12,3.157110e-13,4.180359e-11,5.344287e-13,3.127255e-12,2.625451e-13
72.1500,9.872953e-12,3.184754e-13,4.077192e-11,5.261754e-13,3.261665e-12,2.652333e-13
72.2000,1.027236e-11,3.232683e-13,4.200533e-11,5.360426e-13,2.914722e-12,2.582944e-13
72.2500,1.159408e-11,3.391289e-13,4.076714e-11,5.261371e-13,3.276739e-12,2.655348e-13
72.3000,1.134219e-11,3.361063e-13,4.078000e-11,5.262400e-13,3.088554e-12,2.617711e-13
72.3500,1.150572e-11,3.380686e-13,4.161389e-11,5.329111e-13,3.428293e-12,2.685659e-13
72.4000,1.241733e-11,3.490080e-13,4.081735e-11,5.265388e-13,3.187664e-12,2.637533e-13
72.4500,1.288383e-11,3.546060e-13,4.093546e-11,5.274837e-13,3.369008e-12,2.673802e-13
72.5000,1.251644e-11,3.501973e-13,4.078563e-11,5.262850e-13,3.305174e-12,2.661035e-13
72.5500,1.326331e-11,3.591598e-13,4.099016e-11,5.279213e-13,3.389667e-12,2.677933e-13
72.6000,1.339095e-11,3.606915e-13,4.065425e-11,5.252340e-13,2.860681e-12,2.572136e-13
72.6500,1.415386e-11,3.698463e-13,4.051058e-11,5.240846e-13,3.336667e-12,2.667333e-13
72.7000,1.384201e-11,3.661041e-13,4.035467e-11,5.228374e-13,3.408255e-12,2.681651e-13
72.7500,1.451912e-11,3.742294e-13,4.074834e-11,5.259867e-13,3.534538e-12,2.706908e-13
72.8000,1.475392e-11,3.770470e-13,4.052766e-11,5.242213e-13,3.308205e-12,2.661641e-13
72.8500,1.480353e-11,3.776424e-13,4.059055e-11,5.247244e-13,3.322580e-12,2.664516e-13
72.9000,1.515736e-11,3.818883e-13,4.075237e-11,5.260189e-13,3.596236e-12,2.719247e-13
72.9500,1.548274e-11,3.857929e-13,4.096488e-11,5.277190e-13,3.421019e-12,2.684204e-13
73.0000,1.534814e-11,3.841777e-13,4.113887e-11,5.291109e-13,3.290199e-12,2.658040e-13
73.0500,1.574751e-11,3.889701e-13,4.045689e-11,5.236551e-13,3.613467e-12,2.722693e-13
73.1000,1.651145e-11,3.981374e-13,4.087195e-11,5.269756e-13,3.443080e-12,2.688616e-13
73.1500,1.658764e-11,3.990517e-13,4.120819e-11,5.296656e-13,3.622046e-12,2.724409e-13
73.2000,1.668026e-11,4.001632e-13,4.175630e-11,5.340504e-13,3.409418e-12,2.681884e-13
73.2500,1.623351e-11,3.948021e-13,4.035644e-11,5.228515e-13,3.458029e-12,2.691606e-13
73.3000,1.695711e-11,4.034853e-13,4.099877e-11,5.279902e-13,3.549912e-12,2.709982e-13
73.3500,1.652484e-11,3.982981e-13,4.066025e-11,5.252820e-13,3.664740e-12,2.732948e-13
73.4000,1.711464e-11,4.053756e-13,4.068691e-11,5.254953e-13,3.347580e-12,2.669516e-13
73.4500,1.749803e-11,4.099764e-13,4.082245e-11,5.265796e-13,3.062978e-12,2.612596e-13
73.5000,1.718343e-11,4.062011e-13,4.045337e-11,5.236270e-13,3.823389e-12,2.764678e-13
73.5500,1.762511e-11,4.115013e-13,4.055225e-11,5.244180e-13,3.518773e-12,2.703755e-13
73.6000,1.783516e-11,4.140219e-13,4.103171e-11,5.282537e-13,3.534163e-12,2.706833e-13
73.6500,1.776790e-11,4.132148e-13,4.038950e-11,5.231160e-13,3.461138e-12,2.692228e-13
73.7000,1.777164e-11,4.132597e-13,4.045300e-11,5.236240e-13,3.556343e-12,2.711269e-13
73.7500,1.824713e-11,4.189655e-13,4.017329e-11,5.213863e-13,3.961785e-12,2.792357e-13
73.8000,1.831183e-11,4.197420e-13,4.066401e-11,5.253121e-13,3.647818e-12,2.729564e-13
73.8500,1.863139e-11,4.235766e-13,4.093299e-11,5.274639e-13,4.028960e-12,2.805792e-13
73.9000,1.812750e-11,4.175300e-13,4.063076e-11,5.250461e-13,4.306468e-12,2.861294e-13
73.9500,1.853180e-11,4.223816e-13,4.056570e-11,5.245256e-13,3.865474e-12,2.773095e-13
74.0000,1.936370e-11,4.323644e-13,4.077191e-11,5.261752e-13,3.936509e-12,2.787302e-13
74.0500,1.929575e-11,4.315490e-13,3.987081e-11,5.189665e-13,4.224957e-12,2.844991e-13
74.1000,1.942092e-11,4.330510e-13,4.104231e-11,5.283385e-13,3.614665e-12,2.722933e-13
74.1500,1.925088e-11,4.310106e-13,4.083523e-11,5.266819e-13,4.271513e-12,2.854303e-13
74.2000,1.898554e-11,4.278265e-13,4.087801e-11,5.270241e-13,3.659321e-12,2.731864e-13
74.2500,1.935555e-11,4.322665e-13,4.003172e-11,5.202538e-13,4.271942e-12,2.854388e-13
74.3000,1.917337e-11,4.300805e-13,4.018177e-11,5.214542e-13,4.109377e-12,2.821875e-13
74.3500,1.968472e-11,4.362167e-13,4.033497e-11,5.226797e-13,4.050735e-12,2.810147e-13
74.4000,1.971457e-11,4.365748e-13,4.080787e-11,5.264630e-13,4.577367e-12,2.915473e-13
74.4500,2.022522e-11,4.427026e-13,4.040223e-11,5.232179e-13,4.015702e-12,2.803140e-13
74.5000,2.027808e-11,4.433370e-13,4.114364e-11,5.291491e-13,4.379914e-12,2.875983e-13
74.5500,1.955372e-11,4.346446e-13,4.004602e-11,5.203682e-13,4.012855e-12,2.802571e-13
74.6000,2.006490e-11,4.407788e-13,4.100489e-11,5.280391e-13,4.449217e-12,2.889843e-13
74.6500,1.978565e-11,4.374278e-13,4.043337e-11,5.234670e-13,4.207126e-12,2.841425e-13
74.7000,2.032453e-11,4.438944e-13,3.958752e-11,5.167001e-13,4.235349e-12,2.847070e-13
74.7500,2.087090e-11,4.504508e-13,4.062686e-11,5.250148e-13,4.350687e-12,2.870137e-13
74.8000,2.040205e-11,4.448246e-13,4.086123e-11,5.268899e-13,4.391945e-12,2.878389e-13
74.8500,2.030157e-11,4.436188e-13,4.054345e-11,5.243476e-13,4.398086e-12,2.879617e-13
74.9000,2.022726e-11,4.427272e-13,4.029437e-11,5.223549e-13,4.483819e-12,2.896764e-13
74.9500,1.998414e-11,4.398096e-13,4.011603e-11,5.209282e-13,4.323571e-12,2.864714e-13
75.0000,2.086127e-11,4.503352e-13,4.055209e-11,5.244167e-13,4.409130e-12,2.881826e-13
75.0500,2.122151e-11,4.546581e-13,3.975698e-11,5.180558e-13,4.744796e-12,2.948959e-13
75.1000,2.021754e-11,4.426105e-13,3.992163e-11,5.193730e-13,4.535470e-12,2.907094e-13
75.1500,2.054721e-11,4.465665e-13,4.032149e-11,5.225719e-13,4.452067e-12,2.890413e-13
75.2000,2.070200e-11,4.484240e-13,4.105021e-11,5.284017e-13,4.698353e-12,2.939671e-13
75.2500,2.049320e-11,4.459184e-13,4.011385e-11,5.209108e-13,4.958108e-12,2.991622e-13
75.3000,2.096649e-11,4.515979e-13,4.023762e-11,5.219009e-13,4.737093e-12,2.947419e-13
75.3500,2.074973e-11,4.489967e-13,3.999331e-11,5.199465e-13,4.760308e-12,2.952062e-13
75.4000,2.065718e-11,4.478862e-13,4.042232e-11,5.233786e-13,4.977029e-12,2.995406e-13
75.4500,2.133631e-11,4.560357e-13,3.930733e-11,5.144586e-13,4.549666e-12,2.909933e-13
75.5000,2.118417e-11,4.542101e-13,4.068750e-11,5.255000e-13,4.677276e-12,2.935455e-13
75.5500,2.060494e-11,4.472593e-13,4.015058e-11,5.212047e-13,5.181351e-12,3.036270e-13
75.6000,2.133566e-11,4.560279e-13,4.080868e-11,5.264694e-13,5.140006e-12,3.028001e-13
75.6500,2.132695e-11,4.559234e-13,4.066052e-11,5.252842e-13,4.895060e-12,2.979012e-13
75.7000,2.073787e-11,4.488545e-13,3.977149e-11,5.181719e-13,5.001805e-12,3.000361e-13
75.7500,2.172739e-11,4.607286e-13,4.046942e-11,5.237553e-13,5.147179e-12,3.029436e-13
75.8000,2.133560e-11,4.560272e-13,3.997316e-11,5.197853e-13,5.192143e-12,3.038429e-13
75.8500,2.168652e-11,4.602382e-13,4.069028e-11,5.255223e-13,5.312810e-12,3.062562e-13
75.9000,2.113392e-11,4.536071e-13,4.057538e-11,5.246030e-13,5.033631e-12,3.006726e-13
75.9500,2.146528e-11,4.575834e-13,4.016125e-11,5.212900e-13,5.023312e-12,3.004662e-13
76.0000,2.126928e-11,4.552314e-13,4.013681e-11,5.210945e-13,5.132283e-12,3.026457e-13
76.0500,1.959337e-11,4.351204e-13,4.025096e-11,5.220077e-13,5.003334e-12,3.000667e-13
76.1000,1.996715e-11,4.396058e-13,4.024844e-11,5.219875e-13,5.184532e-12,3.036906e-13
76.1500,1.848535e-11,4.218242e-13,4.055834e-11,5.244668e-13,5.699063e-12,3.139813e-13
76.2000,1.850681e-11,4.220817e-13,3.935925e-11,5.148740e-13,5.432206e-12,3.086441e-13
76.2500,1.829525e-11,4.195430e-13,3.999687e-11,5.199749e-13,5.294036e-12,3.058807e-13
76.3000,1.798089e-11,4.157707e-13,3.976969e-11,5.181575e-13,5.077762e-12,3.015552e-13
76.3500,1.723904e-11,4.068684e-13,4.022483e-11,5.217986e-13,5.325523e-12,3.065105e-13
76.4000,1.717706e-11,4.061247e-13,3.970409e-11,5.176328e-13,5.386751e-12,3.077350e-13
76.4500,1.651145e-11,3.981374e-13,4.018596e-11,5.214877e-13,5.570989e-12,3.114198e-13
76.5000,1.627740e-11,3.953288e-13,3.990119e-11,5.192095e-13,5.647277e-12,3.129455e-13
76.5500,1.561183e-11,3.873420e-13,3.985302e-11,5.188242e-13,5.290953e-12,3.058191e-13
76.6000,1.552758e-11,3.863310e-13,4.022434e-11,5.217947e-13,5.187685e-12,3.037537e-13
76.6500,1.525949e-11,3.831138e-13,4.009524e-11,5.207620e-13,5.082495e-12,3.016499e-13
76.7000,1.522787e-11,3.827345e-13,4.014488e-11,5.211590e-13,5.323419e-12,3.064684e-13
76.7500,1.432952e-11,3.719542e-13,4.037049e-11,5.229639e-13,5.449454e-12,3.089891e-13
76.8000,1.406057e-11,3.687268e-13,3.966918e-11,5.173534e-13,5.220971e-12,3.044194e-13
76.8500,1.354847e-11,3.625817e-13,3.981918e-11,5.185535e-13,5.302797e-12,3.060559e-13
76.9000,1.356402e-11,3.627683e-13,4.063996e-11,5.251197e-13,5.042435e-12,3.008487e-13
76.9500,1.287725e-11,3.545270e-13,4.028637e-11,5.222910e-13,5.075709e-12,3.015142e-13
77.0000,1.275158e-11,3.530189e-13,4.031720e-11,5.225376e-13,5.180322e-12,3.036064e-13
77.0500,1.223376e-11,3.468052e-13,4.035381e-11,5.228305e-13,5.365092e-12,3.073018e-13
77.1000,1.229762e-11,3.475714e-13,3.999007e-11,5.199205e-13,5.162146e-12,3.032429e-13
77.1500,1.198280e-11,3.437936e-13,4.000561e-11,5.200449e-13,5.031931e-12,3.006386e-13
77.2000,1.177830e-11,3.413396e-13,3.959047e-11,5.167237e-13,4.813035e-12,2.962607e-13
77.2500,1.192190e-11,3.430628e-13,4.047399e-11,5.237919e-13,5.059764e-12,3.011953e-13
77.3000,1.152196e-11,3.382636e-13,4.056466e-11,5.245173e-13,4.857031e-12,2.971406e-13
77.3500,1.159935e-11,3.391922e-13,4.037267e-11,5.229814e-13,4.832231e-12,2.966446e-13
77.4000,1.090550e-11,3.308660e-13,4.028474e-11,5.222779e-13,5.097545e-12,3.019509e-13
77.4500,1.100243e-11,3.320291e-13,3.959634e-11,5.167707e-13,5.028641e-12,3.005728e-13
77.5000,1.022931e-11,3.227518e-13,4.040718e-11,5.232575e-13,5.380628e-12,3.076126e-13
77.5500,1.052712e-11,3.263254e-13,4.106358e-11,5.285086e-13,5.086350e-12,3.017270e-13
77.6000,1.031034e-11,3.237240e-13,3.998483e-11,5.198786e-13,5.319951e-12,3.063990e-13
77.6500,9.993932e-12,3.199272e-13,4.019568e-11,5.215654e-13,4.809669e-12,2.961934e-13
77.7000,1.001093e-11,3.201312e-13,4.069605e-11,5.255684e-13,4.965135e-12,2.993027e-13
77.7500,9.861972e-12,3.183437e-13,3.996354e-11,5.197083e-13,4.838417e-12,2.967683e-13
77.8000,9.384881e-12,3.126186e-13,4.067049e-11,5.253639e-13,4.351956e-12,2.870391e-13
77.8500,9.705215e-12,3.164626e-13,4.018264e-11,5.214611e-13,4.666234e-12,2.933247e-13
77.9000,8.825032e-12,3.059004e-13,4.041022e-11,5.232817e-13,4.734438e-12,2.946888e-13
77.9500,9.191019e-12,3.102922e-13,4.044866e-11,5.235893e-13,4.598536e-12,2.919707e-13
78.0000,8.840325e-12,3.060839e-13,4.013151e-11,5.210521e-13,4.584698e-12,2.916940e-13
78.0500,8.794449e-12,3.055334e-13,4.081771e-11,5.265416e-13,4.872813e-12,2.974563e-13
78.1000,8.558750e-12,3.027050e-13,4.059516e-11,5.247613e-13,4.439448e-12,2.887890e-13
78.1500,8.651302e-12,3.038156e-13,4.028750e-11,5.223000e-13,4.160891e-12,2.832178e-13
78.2000,8.565535e-12,3.027864e-13,4.049024e-11,5.239219e-13,3.960520e-12,2.792104e-13
78.2500,8.513851e-12,3.021662e-13,4.071833e-11,5.257467e-13,4.477032e-12,2.895406e-13
78.3000,8.445848e-12,3.013502e-13,4.079498e-11,5.263599e-13,3.781865e-12,2.756373e-13
78.3500,8.223434e-12,2.986812e-13,3.993169e-11,5.194535e-13,3.992589e-12,2.798518e-13
78.4000,8.214258e-12,2.985711e-13,4.048312e-11,5.238649e-13,4.226003e-12,2.845201e-13
78.4500,7.950804e-12,2.954097e-13,4.048614e-11,5.238892e-13,3.999489e-12,2.799898e-13
78.5000,8.075428e-12,2.969051e-13,4.005528e-11,5.204422e-13,4.237609e-12,2.847522e-13
78.5500,7.987606e-12,2.958513e-13,4.085858e-11,5.268687e-13,4.155718e-12,2.831144e-13
78.6000,7.971205e-12,2.956545e-13,4.058702e-11,5.246961e-13,4.412003e-12,2.882401e-13
78.6500,7.893277e-12,2.947193e-13,4.059378e-11,5.247502e-13,4.395949e-12,2.879190e-13
78.7000,7.477263e-12,2.897272e-13,3.998167e-11,5.198533e-13,3.962427e-12,2.792485e-13
78.7500,7.623870e-12,2.914864e-13,4.081255e-11,5.265004e-13,3.787706e-12,2.757541e-13
78.8000,7.588385e-12,2.910606e-13,4.096985e-11,5.277588e-13,3.996499e-12,2.799300e-13
78.8500,7.276318e-12,2.873158e-13,4.107761e-11,5.286209e-13,3.898503e-12,2.779701e-13
78.9000,7.679908e-12,2.921589e-13,4.098598e-11,5.278878e-13,3.517976e-12,2.703595e-13
78.9500,7.213929e-12,2.865671e-13,4.090185e-11,5.272148e-13,3.933628e-12,2.786726e-13
79.0000,7.222800e-12,2.866736e-13,4.027351e-11,5.221881e-13,3.446421e-12,2.689284e-13
79.0500,6.985141e-12,2.838217e-13,4.052804e-11,5.242244e-13,4.102312e-12,2.820462e-13
79.1000,7.372474e-12,2.884697e-13,4.087477e-11,5.269981e-13,4.129226e-12,2.825845e-13
79.1500,6.967939e-12,2.836153e-13,4.090863e-11,5.272690e-13,3.959307e-12,2.791861e-13
79.2000,7.029401e-12,2.843528e-13,4.116419e-11,5.293135e-13,3.795366e-12,2.759073e-13
79.2500,6.787173e-12,2.814461e-13,4.103517e-11,5.282813e-13,3.659667e-12,2.731933e-13
79.3000,7.008288e-12,2.840995e-13,4.099075e-11,5.279260e-13,3.706780e-12,2.741356e-13
79.3500,6.483109e-12,2.777973e-13,4.071894e-11,5.257515e-13,3.719912e-12,2.743982e-13
79.4000,6.653421e-12,2.798411e-13,4.055173e-11,5.244139e-13,3.791221e-12,2.758244e-13
79.4500,6.048401e-12,2.725808e-13,4.101524e-11,5.281219e-13,3.721355e-12,2.744271e-13
79.5000,6.643152e-12,2.797178e-13,4.056614e-11,5.245291e-13,3.141044e-12,2.628209e-13
79.5500,6.506928e-12,2.780831e-13,4.079326e-11,5.263461e-13,3.511321e-12,2.702264e-13
79.6000,6.372527e-12,2.764703e-13,4.032533e-11,5.226026e-13,3.124871e-12,2.624974e-13
79.6500,6.859695e-12,2.823163e-13,4.055932e-11,5.244746e-13,3.529354e-12,2.705871e-13
79.7000,6.637563e-12,2.796508e-13,4.097412e-11,5.277930e-13,3.600364e-12,2.720073e-13
79.7500,6.790944e-12,2.814913e-13,4.081906e-11,5.265525e-13,3.449014e-12,2.689803e-13
79.8000,6.173616e-12,2.740834e-13,4.027234e-11,5.221787e-13,3.203355e-12,2.640671e-13
79.8500,6.465627e-12,2.775875e-13,4.082167e-11,5.265734e-13,3.281474e-12,2.656295e-13
79.9000,6.538220e-12,2.784586e-13,4.044105e-11,5.235284e-13,3.544134e-12,2.708827e-13
79.9500,6.568482e-12,2.788218e-13,4.127438e-11,5.301950e-13,3.126523e-12,2.625305e-13
80.0000,6.791774e-12,2.815013e-13,4.075045e-11,5.260036e-13,3.013047e-12,2.602609e-13
80.0500,7.046027e-12,2.845523e-13,4.019447e-11,5.215557e-13,3.230511e-12,2.646102e-13
80.1000,8.033893e-12,2.964067e-13,4.163288e-11,5.330631e-13,3.152600e-12,2.630520e-13
80.1500,8.199272e-12,2.983913e-13,4.127101e-11,5.301681e-13,3.327261e-12,2.665452e-13
80.2000,8.544033e-12,3.025284e-13,4.150263e-11,5.320210e-13,3.035276e-12,2.607055e-13
80.2500,9.490795e-12,3.138895e-13,4.075838e-11,5.260671e-13,3.206944e-12,2.641389e-13
80.3000,9.399145e-12,3.127897e-13,4.040341e-11,5.232273e-13,2.997496e-12,2.599499e-13
80.3500,1.005443e-11,3.206532e-13,4.090194e-11,5.272155e-13,3.149427e-12,2.629885e-13
80.4000,1.081176e-11,3.297412e-13,4.100194e-11,5.280156e-13,3.300489e-12,2.660098e-13
80.4500,1.125731e-11,3.350877e-13,4.144848e-11,5.315879e-13,3.180257e-12,2.636051e-13
80.5000,1.159500e-11,3.391400e-13,4.088642e-11,5.270914e-13,2.768012e-12,2.553602e-13
80.5500,1.193167e-11,3.431801e-13,4.127067e-11,5.301653e-13,3.199158e-12,2.639832e-13
80.6000,1.170202e-11,3.404243e-13,4.117694e-11,5.294155e-13,3.357025e-12,2.671405e-13
80.6500,1.282056e-11,3.538467e-13,4.031677e-11,5.225341e-13,3.535561e-12,2.707112e-13
80.7000,1.281661e-11,3.537994e-13,4.065172e-11,5.252138e-13,3.068857e-12,2.613771e-13
80.7500,1.328827e-11,3.594592e-13,4.050769e-11,5.240615e-13,3.097294e-12,2.619459e-13
80.8000,1.323422e-11,3.588107e-13,4.119896e-11,5.295917e-13,3.300651e-12,2.660130e-13
80.8500,1.394298e-11,3.673157e-13,4.099749e-11,5.279799e-13,3.291327e-12,2.658265e-13
80.9000,1.448194e-11,3.737833e-13,4.116117e-11,5.292894e-13,3.371235e-12,2.674247e-13
80.9500,1.441648e-11,3.729977e-13,4.122381e-11,5.297905e-13,3.396154e-12,2.679231e-13
81.0000,1.462013e-11,3.754415e-13,4.105367e-11,5.284294e-13,2.927454e-12,2.585491e-13
81.0500,1.487332e-11,3.784799e-13,4.079962e-11,5.263970e-13,3.294253e-12,2.658851e-13
81.1000,1.498280e-11,3.797936e-13,4.069383e-11,5.255507e-13,3.250560e-12,2.650112e-13
81.1500,1.569832e-11,3.883799e-13,4.044985e-11,5.235988e-13,3.292211e-12,2.658442e-13
81.2000,1.542873e-11,3.851448e-13,4.132167e-11,5.305733e-13,3.194527e-12,2.638905e-13
81.2500,1.618687e-11,3.942424e-13,4.133770e-11,5.307016e-13,3.218372e-12,2.643674e-13
81.3000,1.641037e-11,3.969245e-13,4.114049e-11,5.291239e-13,3.367357e-12,2.673471e-13
81.3500,1.642213e-11,3.970655e-13,4.071247e-11,5.256998e-13,3.558286e-12,2.711657e-13
81.4000,1.671001e-11,4.005202e-13,4.061388e-11,5.249110e-13,3.617036e-12,2.723407e-13
81.4500,1.656331e-11,3.987598e-13,4.107732e-11,5.286185e-13,3.496723e-12,2.699345e-13
81.5000,1.669378e-11,4.003253e-13,4.036647e-11,5.229318e-13,3.273770e-12,2.654754e-13
81.5500,1.732418e-11,4.078902e-13,4.077717e-11,5.262174e-13,3.092436e-12,2.618487e-13
81.6000,1.740121e-11,4.088145e-13,4.003994e-11,5.203195e-13,3.650828e-12,2.730166e-13
81.6500,1.761083e-11,4.113300e-13,4.013790e-11,5.211032e-13,3.627506e-12,2.725501e-13
81.7000,1.755851e-11,4.107021e-13,4.027722e-11,5.222178e-13,3.644132e-12,2.728826e-13
81.7500,1.760330e-11,4.112396e-13,4.091141e-11,5.272913e-13,3.777905e-12,2.755581e-13
81.8000,1.821865e-11,4.186238e-13,4.061719e-11,5.249375e-13,3.781265e-12,2.756253e-13
81.8500,1.785004e-11,4.142004e-13,4.004206e-11,5.203364e-13,3.529805e-12,2.705961e-13
81.9000,1.846393e-11,4.215672e-13,4.036680e-11,5.229344e-13,3.642725e-12,2.728545e-13
81.9500,1.800983e-11,4.161179e-13,4.134281e-11,5.307425e-13,3.554486e-12,2.710897e-13
82.0000,1.850933e-11,4.221120e-13,4.123454e-11,5.298764e-13,3.980782e-12,2.796156e-13
82.0500,1.841255e-11,4.209506e-13,3.994405e-11,5.195524e-13,3.980883e-12,2.796177e-13
82.1000,1.875154e-11,4.250184e-13,4.047941e-11,5.238353e-13,3.803486e-12,2.760697e-13
82.1500,1.858486e-11,4.230183e-13,4.087334e-11,5.269868e-13,3.973141e-12,2.794628e-13
82.2000,1.929555e-11,4.315466e-13,4.110606e-11,5.288485e-13,3.612640e-12,2.722528e-13
82.2500,1.908524e-11,4.290228e-13,4.048418e-11,5.238734e-13,4.213686e-12,2.842737e-13
82.3000,1.888823e-11,4.266588e-13,4.101166e-11,5.280933e-13,3.997753e-12,2.799551e-13
82.3500,1.886742e-11,4.264091e-13,4.012586e-11,5.210068e-13,4.068377e-12,2.813675e-13
82.4000,1.946670e-11,4.336004e-13,4.066052e-11,5.252841e-13,4.189820e-12,2.837964e-13
82.4500,1.926783e-11,4.312140e-13,4.069182e-11,5.255346e-13,4.131848e-12,2.826370e-13
82.5000,1.956968e-11,4.348362e-13,4.093971e-11,5.275177e-13,4.202960e-12,2.840592e-13
82.5500,1.963282e-11,4.355938e-13,4.067450e-11,5.253960e-13,4.286681e-12,2.857336e-13
82.6000,1.981894e-11,4.378273e-13,4.066434e-11,5.253147e-13,4.729858e-12,2.945972e-13
82.6500,1.945681e-11,4.334817e-13,3.970007e-11,5.176006e-13,4.493617e-12,2.898723e-13
82.7000,2.021262e-11,4.425514e-13,4.056736e-11,5.245389e-13,4.466253e-12,2.893251e-13
82.7500,1.989926e-11,4.387911e-13,4.068241e-11,5.254593e-13,4.458007e-12,2.891601e-13
82.8000,1.932571e-11,4.319085e-13,4.036003e-11,5.228802e-13,4.602368e-12,2.920474e-13
82.8500,2.015254e-11,4.418305e-13,4.088525e-11,5.270820e-13,4.301461e-12,2.860292e-13
82.9000,2.026517e-11,4.431820e-13,4.128208e-11,5.302566e-13,4.128494e-12,2.825699e-13
82.9500,2.077083e-11,4.492500e-13,3.997750e-11,5.198200e-13,4.339439e-12,2.867888e-13
83.0000,2.030986e-11,4.437184e-13,4.024433e-11,5.219547e-13,4.492435e-12,2.898487e-13
83.0500,2.046589e-11,4.455907e-13,4.078877e-11,5.263101e-13,4.357816e-12,2.871563e-13
83.1000,2.062186e-11,4.474624e-13,4.092205e-11,5.273764e-13,4.642422e-12,2.928484e-13
83.1500,2.094897e-11,4.513876e-13,4.013395e-11,5.210716e-13,4.876067e-12,2.975213e-13
83.2000,2.053381e-11,4.464057e-13,4.080739e-11,5.264591e-13,4.177674e-12,2.835535e-13
83.2500,2.036419e-11,4.443703e-13,4.060890e-11,5.248712e-13,4.631299e-12,2.926260e-13
83.3000,2.088207e-11,4.505848e-13,4.038479e-11,5.230783e-13,4.560079e-12,2.912016e-13
83.3500,2.016448e-11,4.419738e-13,4.070830e-11,5.256664e-13,4.903683e-12,2.980737e-13
83.4000,2.070261e-11,4.484313e-13,4.017888e-11,5.214310e-13,4.728614e-12,2.945723e-13
83.4500,2.129083e-11,4.554899e-13,4.055787e-11,5.244630e-13,4.724974e-12,2.944995e-13
83.5000,2.047371e-11,4.456846e-13,4.078314e-11,5.262651e-13,4.716484e-12,2.943297e-13
83.5500,2.162557e-11,4.595068e-13,4.027950e-11,5.222360e-13,4.731932e-12,2.946386e-13
83.6000,2.079799e-11,4.495759e-13,4.060780e-11,5.248624e-13,4.761427e-12,2.952285e-13
83.6500,2.101159e-11,4.521391e-13,4.046170e-11,5.236936e-13,4.653566e-12,2.930713e-13
83.7000,2.138137e-11,4.565765e-13,4.050233e-11,5.240187e-13,4.735781e-12,2.947156e-13
83.7500,2.082131e-11,4.498558e-13,4.005241e-11,5.204193e-13,5.176426e-12,3.035285e-13
83.8000,2.073931e-11,4.488717e-13,4.037181e-11,5.229745e-13,5.027901e-12,3.005580e-13
83.8500,2.090117e-11,4.508140e-13,4.081266e-11,5.265013e-13,5.378727e-12,3.075745e-13
83.9000,2.139828e-11,4.567793e-13,4.027123e-11,5.221698e-13,5.247203e-12,3.049441e-13
83.9500,2.138829e-11,4.566595e-13,3.989855e-11,5.191884e-13,5.540351e-12,3.108070e-13
84.0000,2.109129e-11,4.530955e-13,4.068628e-11,5.254903e-13,5.154017e-12,3.030803e-13
84.0500,2.127471e-11,4.552965e-13,4.047395e-11,5.237916e-13,5.199035e-12,3.039807e-13
84.1000,2.092341e-11,4.510809e-13,4.058616e-11,5.246893e-13,5.132939e-12,3.026588e-13
84.1500,2.147936e-11,4.577524e-13,4.044285e-11,5.235428e-13,5.116239e-12,3.023248e-13
84.2000,2.146521e-11,4.575825e-13,4.082620e-11,5.266096e-13,5.228513e-12,3.045703e-13
84.2500,2.059358e-11,4.471229e-13,3.945592e-11,5.156474e-13,5.291570e-12,3.058314e-13
84.3000,2.096696e-11,4.516035e-13,4.010403e-11,5.208323e-13,5.369009e-12,3.073802e-13
84.3500,2.121289e-11,4.545547e-13,4.021606e-11,5.217285e-13,5.038203e-12,3.007641e-13
84.4000,2.094820e-11,4.513783e-13,4.030530e-11,5.224424e-13,5.755486e-12,3.151097e-13
84.4500,2.129107e-11,4.554928e-13,4.025933e-11,5.220747e-13,5.635825e-12,3.127165e-13
84.5000,2.166331e-11,4.599598e-13,4.050865e-11,5.240692e-13,5.512458e-12,3.102492e-13
84.5500,2.134956e-11,4.561947e-13,4.027716e-11,5.222173e-13,5.409557e-12,3.081911e-13
84.6000,2.128685e-11,4.554422e-13,3.990547e-11,5.192438e-13,5.552170e-12,3.110434e-13
84.6500,2.117534e-11,4.541041e-13,3.989642e-11,5.191714e-13,6.019132e-12,3.203826e-13
84.7000,2.155113e-11,4.586136e-13,4.035211e-11,5.228168e-13,5.350869e-12,3.070174e-13
84.7500,2.200292e-11,4.640350e-13,3.849260e-11,5.079408e-13,5.708082e-12,3.141616e-13
84.8000,2.198964e-11,4.638756e-13,4.010034e-11,5.208027e-13,5.493093e-12,3.098619e-13
84.8500,2.138194e-11,4.565833e-13,4.002332e-11,5.201866e-13,5.251831e-12,3.050366e-13
84.9000,2.149169e-11,4.579003e-13,3.930731e-11,5.144585e-13,6.068587e-12,3.213717e-13
84.9500,2.133333e-11,4.560000e-13,4.036471e-11,5.229177e-13,5.661540e-12,3.132308e-13
85.0000,2.199940e-11,4.639927e-13,4.028405e-11,5.222724e-13,5.489372e-12,3.097874e-13
85.0500,2.158830e-11,4.590596e-13,3.992998e-11,5.194398e-13,5.586031e-12,3.117206e-13
85.1000,2.270122e-11,4.724146e-13,4.035764e-11,5.228611e-13,5.314386e-12,3.062877e-13
85.1500,2.109724e-11,4.531669e-13,4.041610e-11,5.233288e-13,6.314251e-12,3.262850e-13
85.2000,2.108014e-11,4.529616e-13,4.015400e-11,5.212320e-13,5.528203e-12,3.105641e-13
85.2500,2.170350e-11,4.604421e-13,4.061001e-11,5.248801e-13,5.964814e-12,3.192963e-13
85.3000,2.191693e-11,4.630031e-13,4.048075e-11,5.238460e-13,5.639528e-12,3.127906e-13
85.3500,2.166893e-11,4.600271e-13,4.031681e-11,5.225345e-13,6.004863e-12,3.200973e-13
85.4000,2.196170e-11,4.635403e-13,4.067955e-11,5.254364e-13,6.040012e-12,3.208002e-13
85.4500,2.222245e-11,4.666694e-13,4.017591e-11,5.214073e-13,6.274455e-12,3.254891e-13
85.5000,2.184765e-11,4.621717e-13,4.010696e-11,5.208557e-13,6.211382e-12,3.242276e-13
85.5500,2.227378e-11,4.672853e-13,3.992085e-11,5.193668e-13,5.777387e-12,3.155477e-13
85.6000,2.146011e-11,4.575213e-13,4.014085e-11,5.211268e-13,5.684966e-12,3.136993e-13
85.6500,2.166408e-11,4.599690e-13,4.060640e-11,5.248512e-13,5.767190e-12,3.153438e-13
85.7000,2.140929e-11,4.569115e-13,4.007068e-11,5.205654e-13,6.261489e-12,3.252298e-13
85.7500,2.184971e-11,4.621965e-13,3.946814e-11,5.157451e-13,5.979556e-12,3.195911e-13
85.8000,2.161342e-11,4.593611e-13,4.025282e-11,5.220226e-13,6.001708e-12,3.200342e-13
85.8500,2.174424e-11,4.609308e-13,4.041435e-11,5.233148e-13,5.865340e-12,3.173068e-13
85.9000,2.137899e-11,4.565479e-13,3.957435e-11,5.165948e-13,6.087678e-12,3.217536e-13
85.9500,2.170236e-11,4.604284e-13,3.963150e-11,5.170520e-13,5.876692e-12,3.175338e-13
86.0000,2.120392e-11,4.544470e-13,4.015211e-11,5.212169e-13,6.122684e-12,3.224537e-13
86.0500,2.063008e-11,4.475610e-13,4.024515e-11,5.219612e-13,6.443433e-12,3.288687e-13
86.1000,1.987125e-11,4.384550e-13,3.941443e-11,5.153154e-13,5.615453e-12,3.123091e-13
86.1500,1.970137e-11,4.364164e-13,4.054102e-11,5.243281e-13,5.750274e-12,3.150055e-13
86.2000,1.898368e-11,4.278042e-13,3.961635e-11,5.169308e-13,6.137155e-12,3.227431e-13
86.2500,1.856711e-11,4.228054e-13,4.000867e-11,5.200693e-13,5.907080e-12,3.181416e-13
86.3000,1.838090e-11,4.205708e-13,4.050288e-11,5.240230e-13,5.893852e-12,3.178770e-13
86.3500,1.795472e-11,4.154567e-13,3.973703e-11,5.178963e-13,6.664894e-12,3.332979e-13
86.4000,1.776637e-11,4.131964e-13,4.017348e-11,5.213879e-13,5.887363e-12,3.177473e-13
86.4500,1.642734e-11,3.971281e-13,3.969706e-11,5.175765e-13,5.993491e-12,3.198698e-13
86.5000,1.632066e-11,3.958479e-13,3.974461e-11,5.179569e-13,5.679070e-12,3.135814e-13
86.5500,1.660482e-11,3.992578e-13,4.005166e-11,5.204133e-13,5.945995e-12,3.189199e-13
86.6000,1.582340e-11,3.898808e-13,4.006565e-11,5.205252e-13,5.960219e-12,3.192044e-13
86.6500,1.490058e-11,3.788070e-13,4.022487e-11,5.217989e-13,5.835841e-12,3.167168e-13
86.7000,1.488373e-11,3.786048e-13,4.001314e-11,5.201051e-13,6.070887e-12,3.214177e-13
86.7500,1.483672e-11,3.780407e-13,3.900687e-11,5.120549e-13,5.930648e-12,3.186130e-13
86.8000,1.437953e-11,3.725543e-13,3.994801e-11,5.195841e-13,6.155328e-12,3.231066e-13
86.8500,1.310104e-11,3.572125e-13,3.969821e-11,5.175857e-13,6.046163e-12,3.209233e-13
86.9000,1.342511e-11,3.611014e-13,4.025281e-11,5.220225e-13,6.007971e-12,3.201594e-13
86.9500,1.321615e-11,3.585938e-13,3.981672e-11,5.185338e-13,5.418030e-12,3.083606e-13
87.0000,1.320753e-11,3.584904e-13,3.998098e-11,5.198478e-13,5.725429e-12,3.145086e-13
87.0500,1.274993e-11,3.529992e-13,3.998694e-11,5.198955e-13,6.050949e-12,3.210190e-13
87.1000,1.263023e-11,3.515628e-13,3.955822e-11,5.164657e-13,5.675564e-12,3.135113e-13
87.1500,1.217527e-11,3.461032e-13,3.958990e-11,5.167192e-13,6.218190e-12,3.243638e-13
87.2000,1.239021e-11,3.486826e-13,3.982105e-11,5.185684e-13,5.827082e-12,3.165416e-13
87.2500,1.155674e-11,3.386809e-13,3.990318e-11,5.192254e-13,5.527317e-12,3.105463e-13
87.3000,1.098847e-11,3.318616e-13,3.983419e-11,5.186735e-13,5.634332e-12,3.126866e-13
87.3500,1.106406e-11,3.327687e-13,4.016359e-11,5.213087e-13,5.388803e-12,3.077761e-13
87.4000,1.102540e-11,3.323048e-13,4.054788e-11,5.243831e-13,5.703320e-12,3.140664e-13
87.4500,1.123469e-11,3.348163e-13,3.993343e-11,5.194674e-13,5.178904e-12,3.035781e-13
87.5000,1.088021e-11,3.305625e-13,4.015403e-11,5.212323e-13,5.509055e-12,3.101811e-13
87.5500,1.054355e-11,3.265226e-13,4.007284e-11,5.205827e-13,5.363482e-12,3.072696e-13
87.6000,1.023473e-11,3.228167e-13,4.036381e-11,5.229105e-13,5.225023e-12,3.045005e-13
87.6500,1.011162e-11,3.213394e-13,4.015688e-11,5.212550e-13,5.180444e-12,3.036089e-13
87.7000,1.026527e-11,3.231832e-13,3.961786e-11,5.169429e-13,5.250203e-12,3.050041e-13
87.7500,9.578296e-12,3.149396e-13,4.086355e-11,5.269084e-13,5.364295e-12,3.072859e-13
87.8000,9.782323e-12,3.173879e-13,4.057330e-11,5.245864e-13,5.010572e-12,3.002114e-13
87.8500,9.063958e-12,3.087675e-13,3.934285e-11,5.147428e-13,4.924287e-12,2.984857e-13
87.9000,8.846101e-12,3.061532e-13,4.016275e-11,5.213020e-13,4.666609e-12,2.933322e-13
87.9500,9.376660e-12,3.125199e-13,3.988540e-11,5.190832e-13,5.444657e-12,3.088931e-13
88.0000,9.937251e-12,3.192470e-13,3.977390e-11,5.181912e-13,4.710720e-12,2.942144e-13
88.0500,1.022523e-11,3.227027e-13,3.982556e-11,5.186045e-13,5.099663e-12,3.019933e-13
88.1000,1.032604e-11,3.239125e-13,4.036343e-11,5.229074e-13,5.104600e-12,3.020920e-13
88.1500,1.137743e-11,3.365292e-13,4.047429e-11,5.237944e-13,5.376305e-12,3.075261e-13
88.2000,1.173137e-11,3.407764e-13,4.039847e-11,5.231878e-13,4.898130e-12,2.979626e-13
88.2500,1.198101e-11,3.437721e-13,4.039167e-11,5.231334e-13,4.805258e-12,2.961052e-13
88.3000,1.242513e-11,3.491016e-13,4.019080e-11,5.215264e-13,4.499299e-12,2.899860e-13
88.3500,1.226609e-11,3.471931e-13,4.054841e-11,5.243873e-13,4.668931e-12,2.933786e-13
88.4000,1.291821e-11,3.550185e-13,3.996755e-11,5.197404e-13,4.896362e-12,2.979272e-13
88.4500,1.352423e-11,3.622908e-13,4.022664e-11,5.218131e-13,4.665725e-12,2.933145e-13
88.5000,1.373606e-11,3.648327e-13,4.109737e-11,5.287790e-13,4.887427e-12,2.977485e-13
88.5500,1.334602e-11,3.601522e-13,3.967829e-11,5.174263e-13,4.729801e-12,2.945960e-13
88.6000,1.430889e-11,3.717067e-13,4.063425e-11,5.250740e-13,5.122539e-12,3.024508e-13
88.6500,1.442941e-11,3.731529e-13,4.011843e-11,5.209474e-13,4.758753e-12,2.951751e-13
88.7000,1.486596e-11,3.783915e-13,4.059761e-11,5.247809e-13,4.296377e-12,2.859275e-13
88.7500,1.472297e-11,3.766756e-13,4.010696e-11,5.208557e-13,4.895875e-12,2.979175e-13
88.8000,1.534267e-11,3.841121e-13,4.085193e-11,5.268155e-13,4.751346e-12,2.950269e-13
88.8500,1.557980e-11,3.869576e-13,4.048325e-11,5.238660e-13,4.505153e-12,2.901031e-13
88.9000,1.526537e-11,3.831844e-13,4.060211e-11,5.248168e-13,4.428775e-12,2.885755e-13
88.9500,1.535528e-11,3.842634e-13,4.092938e-11,5.274351e-13,4.657314e-12,2.931463e-13
89.0000,1.591799e-11,3.910159e-13,4.026915e-11,5.221532e-13,4.841461e-12,2.968292e-13
89.0500,1.644601e-11,3.973522e-13,4.004844e-11,5.203875e-13,4.531598e-12,2.906320e-13
89.1000,1.645325e-11,3.974389e-13,4.073946e-11,5.259156e-13,4.924052e-12,2.984810e-13
89.1500,1.623961e-11,3.948754e-13,4.056820e-11,5.245456e-13,4.610682e-12,2.922136e-13
89.2000,1.689769e-11,4.027723e-13,3.998079e-11,5.198463e-13,4.881097e-12,2.976219e-13
89.2500,1.665047e-11,3.998057e-13,4.005717e-11,5.204574e-13,5.048443e-12,3.009689e-13
89.3000,1.684159e-11,4.020991e-13,4.043513e-11,5.234810e-13,4.922625e-12,2.984525e-13
89.3500,1.698252e-11,4.037902e-13,3.992155e-11,5.193724e-13,5.094171e-12,3.018834e-13
89.4000,1.756003e-11,4.107204e-13,4.018323e-11,5.214659e-13,4.557022e-12,2.911404e-13
89.4500,1.819933e-11,4.183920e-13,4.080069e-11,5.264055e-13,4.762115e-12,2.952423e-13
89.5000,1.781530e-11,4.137836e-13,4.072667e-11,5.258134e-13,5.133778e-12,3.026756e-13
89.5500,1.793481e-11,4.152178e-13,4.101967e-11,5.281574e-13,5.040805e-12,3.008161e-13
89.6000,1.810987e-11,4.173184e-13,4.023085e-11,5.218468e-13,4.442376e-12,2.888475e-13
89.6500,1.855697e-11,4.226836e-13,4.064308e-11,5.251446e-13,4.791336e-12,2.958267e-13
89.7000,1.834615e-11,4.201538e-13,4.064398e-11,5.251519e-13,5.127448e-12,3.025490e-13
89.7500,1.858980e-11,4.230776e-13,4.028246e-11,5.222597e-13,4.951422e-12,2.990284e-13
89.8000,1.845294e-11,4.214353e-13,4.045509e-11,5.236407e-13,5.160499e-12,3.032100e-13
89.8500,1.922223e-11,4.306667e-13,4.047811e-11,5.238249e-13,4.572749e-12,2.914550e-13
89.9000,1.901166e-11,4.281399e-13,4.062952e-11,5.250362e-13,4.835273e-12,2.967055e-13
89.9500,1.912419e-11,4.294903e-13,4.066610e-11,5.253288e-13,5.025467e-12,3.005093e-13
90.0000,1.889664e-11,4.267597e-13,3.966753e-11,5.173403e-13,5.387417e-12,3.077483e-13
90.0500,1.795529e-11,4.154635e-13,3.995971e-11,5.196777e-13,4.991255e-12,2.998251e-13
90.1000,1.788175e-11,4.145810e-13,4.022361e-11,5.217889e-13,4.928017e-12,2.985603e-13
90.1500,1.731386e-11,4.077664e-13,3.999486e-11,5.199589e-13,5.332937e-12,3.066587e-13
90.2000,1.671213e-11,4.005455e-13,4.020372e-11,5.216298e-13,5.033641e-12,3.006728e-13
90.2500,1.614141e-11,3.936969e-13,4.047034e-11,5.237627e-13,5.017622e-12,3.003524e-13
90.3000,1.622589e-11,3.947106e-13,4.042986e-11,5.234389e-13,5.004337e-12,3.000867e-13
90.3500,1.575535e-11,3.890642e-13,4.061056e-11,5.248845e-13,5.158268e-12,3.031654e-13
90.4000,1.527461e-11,3.832953e-13,4.003462e-11,5.202770e-13,5.166203e-12,3.033241e-13
90.4500,1.522023e-11,3.826428e-13,3.981474e-11,5.185180e-13,5.003113e-12,3.000623e-13
90.5000,1.427101e-11,3.712521e-13,4.081726e-11,5.265381e-13,5.004835e-12,3.000967e-13
90.5500,1.449407e-11,3.739289e-13,3.954782e-11,5.163826e-13,4.990094e-12,2.998019e-13
90.6000,1.396545e-11,3.675854e-13,4.020164e-11,5.216131e-13,4.696392e-12,2.939278e-13
90.6500,1.357400e-11,3.628879e-13,4.108689e-11,5.286951e-13,5.111003e-12,3.022201e-13
90.7000,1.332527e-11,3.599032e-13,4.074302e-11,5.259441e-13,5.209934e-12,3.041987e-13
90.7500,1.358682e-11,3.630418e-13,4.039972e-11,5.231978e-13,4.828466e-12,2.965693e-13
90.8000,1.276521e-11,3.531825e-13,4.061855e-11,5.249484e-13,4.917623e-12,2.983525e-13
90.8500,1.263956e-11,3.516747e-13,4.044836e-11,5.235869e-13,5.182481e-12,3.036496e-13
90.9000,1.239772e-11,3.487727e-13,3.996878e-11,5.197502e-13,4.978231e-12,2.995646e-13
90.9500,1.213163e-11,3.455795e-13,4.019557e-11,5.215645e-13,4.852945e-12,2.970589e-13
91.0000,1.203064e-11,3.443677e-13,4.042457e-11,5.233966e-13,5.043203e-12,3.008641e-13
91.0500,1.154932e-11,3.385918e-13,4.068410e-11,5.254728e-13,4.724495e-12,2.944899e-13
91.1000,1.113254e-11,3.335905e-13,3.996820e-11,5.197456e-13,4.711862e-12,2.942372e-13
91.1500,1.162283e-11,3.394740e-13,4.079633e-11,5.263706e-13,4.883511e-12,2.976702e-13
91.2000,1.063258e-11,3.275910e-13,3.979937e-11,5.183950e-13,4.643336e-12,2.928667e-13
91.2500,1.063465e-11,3.276158e-13,4.108608e-11,5.286887e-13,4.883651e-12,2.976730e-13
91.3000,1.065274e-11,3.278329e-13,4.007407e-11,5.205926e-13,4.391902e-12,2.878380e-13
91.3500,1.077715e-11,3.293257e-13,4.110940e-11,5.288752e-13,4.417105e-12,2.883421e-13
91.4000,9.963036e-12,3.195564e-13,3.976882e-11,5.181506e-13,4.200938e-12,2.840188e-13
91.4500,9.874818e-12,3.184978e-13,3.929444e-11,5.143555e-13,4.473155e-12,2.894631e-13
91.5000,9.986654e-12,3.198399e-13,4.054447e-11,5.243558e-13,4.391705e-12,2.878341e-13
91.5500,9.610460e-12,3.153255e-13,4.035176e-11,5.228140e-13,4.537508e-12,2.907502e-13
91.6000,9.448805e-12,3.133857e-13,4.000582e-11,5.200466e-13,4.368021e-12,2.873604e-13
91.6500,9.305706e-12,3.116685e-13,4.073648e-11,5.258918e-13,4.239762e-12,2.847952e-13
91.7000,8.918942e-12,3.070273e-13,3.995862e-11,5.196690e-13,4.255890e-12,2.851178e-13
91.7500,8.953117e-12,3.074374e-13,4.038638e-11,5.230911e-13,4.513332e-12,2.902666e-13
91.8000,8.906890e-12,3.068827e-13,4.068028e-11,5.254423e-13,4.378063e-12,2.875613e-13
91.8500,9.362389e-12,3.123487e-13,4.036014e-11,5.228811e-13,4.750543e-12,2.950109e-13
91.9000,8.625588e-12,3.035071e-13,4.017608e-11,5.214086e-13,4.554163e-12,2.910833e-13
91.9500,8.549425e-12,3.025931e-13,4.171354e-11,5.337083e-13,4.242858e-12,2.848572e-13
92.0000,8.958089e-12,3.074971e-13,4.040565e-11,5.232452e-13,4.011826e-12,2.802365e-13
92.0500,9.709809e-12,3.165177e-13,4.050886e-11,5.240709e-13,4.566491e-12,2.913298e-13
92.1000,1.010256e-11,3.212307e-13,4.002620e-11,5.202096e-13,4.154361e-12,2.830872e-13
92.1500,1.052498e-11,3.262997e-13,4.089841e-11,5.271873e-13,4.003114e-12,2.800623e-13
92.2000,1.106269e-11,3.327523e-13,4.079924e-11,5.263939e-13,4.139781e-12,2.827956e-13
92.2500,1.115887e-11,3.339065e-13,4.037816e-11,5.230253e-13,4.509911e-12,2.901982e-13
92.3000,1.164411e-11,3.397293e-13,4.102394e-11,5.281915e-13,4.107407e-12,2.821481e-13
92.3500,1.223846e-11,3.468615e-13,4.019743e-11,5.215795e-13,4.322578e-12,2.864516e-13
92.4000,1.272432e-11,3.526918e-13,4.064494e-11,5.251595e-13,3.790675e-12,2.758135e-13
92.4500,1.272486e-11,3.526983e-13,4.082781e-11,5.266225e-13,3.858539e-12,2.771708e-13
92.5000,1.301468e-11,3.561762e-13,4.061316e-11,5.249052e-13,3.865913e-12,2.773183e-13
92.5500,1.361051e-11,3.633261e-13,4.009077e-11,5.207261e-13,3.989049e-12,2.797810e-13
92.6000,1.378397e-11,3.654076e-13,4.094996e-11,5.275997e-13,4.292698e-12,2.858540e-13
92.6500,1.373585e-11,3.648302e-13,4.092759e-11,5.274207e-13,4.278742e-12,2.855748e-13
92.7000,1.375578e-11,3.650693e-13,4.025840e-11,5.220672e-13,4.259382e-12,2.851876e-13
92.7500,1.448423e-11,3.738108e-13,4.063901e-11,5.251121e-13,4.262397e-12,2.852479e-13
92.8000,1.454999e-11,3.745999e-13,4.071614e-11,5.257291e-13,4.319850e-12,2.863970e-13
92.8500,1.464316e-11,3.757179e-13,4.048032e-11,5.238426e-13,3.875926e-12,2.775185e-13
92.9000,1.533747e-11,3.840496e-13,4.058810e-11,5.247048e-13,4.159870e-12,2.831974e-13
92.9500,1.554481e-11,3.865377e-13,4.060355e-11,5.248284e-13,4.565643e-12,2.913129e-13
93.0000,1.532543e-11,3.839052e-13,4.072639e-11,5.258111e-13,4.071511e-12,2.814302e-13
93.0500,1.630366e-11,3.956439e-13,4.109065e-11,5.287252e-13,4.000337e-12,2.800067e-13
93.1000,1.644981e-11,3.973977e-13,4.039212e-11,5.231369e-13,4.055992e-12,2.811198e-13
93.1500,1.634954e-11,3.961944e-13,4.093450e-11,5.274760e-13,4.052668e-12,2.810534e-13
93.2000,1.677940e-11,4.013528e-13,4.073070e-11,5.258456e-13,3.873635e-12,2.774727e-13
93.2500,1.668239e-11,4.001887e-13,3.983489e-11,5.186792e-13,4.266069e-12,2.853214e-13
93.3000,1.698062e-11,4.037674e-13,4.044336e-11,5.235468e-13,4.354138e-12,2.870828e-13
93.3500,1.723083e-11,4.067699e-13,4.063142e-11,5.250513e-13,4.535869e-12,2.907174e-13
93.4000,1.734319e-11,4.081183e-13,4.100547e-11,5.280437e-13,4.685679e-12,2.937136e-13
93.4500,1.766670e-11,4.120004e-13,4.034233e-11,5.227386e-13,4.532667e-12,2.906533e-13
93.5000,1.782070e-11,4.138484e-13,4.003718e-11,5.202974e-13,3.976352e-12,2.795270e-13
93.5500,1.757471e-11,4.108965e-13,4.171202e-11,5.336962e-13,4.481405e-12,2.896281e-13
93.6000,1.812402e-11,4.174883e-13,4.089539e-11,5.271631e-13,4.215873e-12,2.843175e-13
93.6500,1.806593e-11,4.167912e-13,4.043294e-11,5.234635e-13,4.513838e-12,2.902768e-13
93.7000,1.802072e-11,4.162487e-13,4.035769e-11,5.228616e-13,4.393642e-12,2.878728e-13
93.7500,1.791133e-11,4.149360e-13,4.108546e-11,5.286837e-13,4.500062e-12,2.900012e-13
93.8000,1.812907e-11,4.175489e-13,4.094589e-11,5.275671e-13,4.157915e-12,2.831583e-13
93.8500,1.838787e-11,4.206545e-13,4.102114e-11,5.281691e-13,4.308592e-12,2.861718e-13
93.9000,1.845387e-11,4.214465e-13,4.111224e-11,5.288979e-13,4.345379e-12,2.869076e-13
93.9500,1.886594e-11,4.263912e-13,4.077593e-11,5.262074e-13,4.678573e-12,2.935715e-13
94.0000,1.847544e-11,4.217053e-13,4.096438e-11,5.277150e-13,4.588188e-12,2.917638e-13
94.0500,1.774994e-11,4.129993e-13,4.116219e-11,5.292975e-13,4.162146e-12,2.832429e-13
94.1000,1.745526e-11,4.094631e-13,4.007995e-11,5.206396e-13,4.542681e-12,2.908536e-13
94.1500,1.700259e-11,4.040311e-13,4.021747e-11,5.217398e-13,4.575446e-12,2.915089e-13
94.2000,1.671405e-11,4.005686e-13,4.056357e-11,5.245086e-13,4.949270e-12,2.989854e-13
94.2500,1.606482e-11,3.927779e-13,3.992084e-11,5.193667e-13,4.374010e-12,2.874802e-13
94.3000,1.653430e-11,3.984116e-13,4.038375e-11,5.230700e-13,4.709300e-12,2.941860e-13
94.3500,1.525886e-11,3.831063e-13,3.991875e-11,5.193500e-13,4.783105e-12,2.956621e-13
94.4000,1.506033e-11,3.807239e-13,4.013524e-11,5.210819e-13,4.653582e-12,2.930716e-13
94.4500,1.459506e-11,3.751407e-13,4.068142e-11,5.254513e-13,4.582313e-12,2.916463e-13
94.5000,1.456127e-11,3.747352e-13,4.041558e-11,5.233247e-13,4.561321e-12,2.912264e-13
94.5500,1.406713e-11,3.688056e-13,4.096328e-11,5.277062e-13,4.125635e-12,2.825127e-13
94.6000,1.416800e-11,3.700160e-13,4.047561e-11,5.238049e-13,4.701280e-12,2.940256e-13
94.6500,1.386414e-11,3.663696e-13,4.010872e-11,5.208697e-13,4.857358e-12,2.971472e-13
94.7000,1.328017e-11,3.593620e-13,4.089739e-11,5.271791e-13,4.702690e-12,2.940538e-13
94.7500,1.327696e-11,3.593236e-13,4.025168e-11,5.220134e-13,4.673746e-12,2.934749e-13
94.8000,1.259999e-11,3.511999e-13,4.068861e-11,5.255089e-13,4.790611e-12,2.958122e-13
94.8500,1.270975e-11,3.525170e-13,4.081143e-11,5.264914e-13,4.639774e-12,2.927955e-13
94.9000,1.206630e-11,3.447956e-13,4.085521e-11,5.268417e-13,4.277865e-12,2.855573e-13
94.9500,1.207579e-11,3.449094e-13,4.042203e-11,5.233762e-13,4.698858e-12,2.939772e-13
95.0000,1.193304e-11,3.431965e-13,4.027385e-11,5.221908e-13,4.555848e-12,2.911170e-13
95.0500,1.151312e-11,3.381575e-13,4.050696e-11,5.240557e-13,4.401847e-12,2.880369e-13
95.1000,1.141267e-11,3.369520e-13,4.005374e-11,5.204300e-13,4.621065e-12,2.924213e-13
95.1500,1.143295e-11,3.371954e-13,4.066564e-11,5.253252e-13,4.433315e-12,2.886663e-13
95.2000,1.097906e-11,3.317487e-13,4.024328e-11,5.219462e-13,4.452269e-12,2.890454e-13
95.2500,1.075212e-11,3.290255e-13,4.026507e-11,5.221206e-13,4.671376e-12,2.934275e-13
95.3000,1.049286e-11,3.259143e-13,4.041018e-11,5.232814e-13,4.511264e-12,2.902253e-13
95.3500,1.064859e-11,3.277830e-13,4.107015e-11,5.285612e-13,4.187380e-12,2.837476e-13
95.4000,1.041512e-11,3.249815e-13,3.979819e-11,5.183855e-13,4.381531e-12,2.876306e-13
95.4500,1.019840e-11,3.223808e-13,4.069231e-11,5.255385e-13,4.227791e-12,2.845558e-13
95.5000,9.652306e-12,3.158277e-13,4.106410e-11,5.285128e-13,4.785203e-12,2.957041e-13
95.5500,9.619776e-12,3.154373e-13,4.096023e-11,5.276819e-13,4.043533e-12,2.808707e-13
95.6000,9.729880e-12,3.167586e-13,4.077555e-11,5.262044e-13,4.066370e-12,2.813274e-13
95.6500,9.323813e-12,3.118858e-13,4.109259e-11,5.287407e-13,4.009082e-12,2.801816e-13
95.7000,9.515081e-12,3.141810e-13,4.026397e-11,5.221117e-13,4.099880e-12,2.819976e-13
95.7500,9.073390e-12,3.088807e-13,4.075428e-11,5.260343e-13,4.129112e-12,2.825822e-13
95.8000,9.388413e-12,3.126610e-13,4.071398e-11,5.257118e-13,4.096810e-12,2.819362e-13
95.8500,8.326526e-12,2.999183e-13,4.036240e-11,5.228992e-13,4.211115e-12,2.842223e-13
95.9000,8.954967e-12,3.074596e-13,4.039204e-11,5.231364e-13,4.285480e-12,2.857096e-13
95.9500,8.943946e-12,3.073273e-13,4.117705e-11,5.294164e-13,4.213993e-12,2.842799e-13
96.0000,8.523728e-12,3.022847e-13,4.021126e-11,5.216901e-13,3.912358e-12,2.782472e-13
96.0500,8.365959e-12,3.003915e-13,4.071681e-11,5.257344e-13,3.694466e-12,2.738893e-13
96.1000,8.100047e-12,2.972006e-13,4.038814e-11,5.231051e-13,3.745190e-12,2.749038e-13
96.1500,8.014959e-12,2.961795e-13,3.997486e-11,5.197989e-13,4.059712e-12,2.811942e-13
96.2000,8.177830e-12,2.981340e-13,4.093146e-11,5.274517e-13,4.107617e-12,2.821523e-13
96.2500,8.188248e-12,2.982590e-13,4.144633e-11,5.315707e-13,3.798255e-12,2.759651e-13
96.3000,7.794950e-12,2.935394e-13,4.125110e-11,5.300088e-13,3.958051e-12,2.791610e-13
96.3500,7.748120e-12,2.929774e-13,4.102539e-11,5.282031e-13,4.097906e-12,2.819581e-13
96.4000,7.762778e-12,2.931533e-13,4.057749e-11,5.246199e-13,3.871505e-12,2.774301e-13
96.4500,7.826476e-12,2.939177e-13,4.113330e-11,5.290664e-13,3.836252e-12,2.767250e-13
96.5000,7.632436e-12,2.915892e-13,4.078749e-11,5.262999e-13,3.602157e-12,2.720431e-13
96.5500,7.557338e-12,2.906881e-13,4.041103e-11,5.232883e-13,3.852199e-12,2.770440e-13
96.6000,7.521898e-12,2.902628e-13,4.115883e-11,5.292706e-13,3.826062e-12,2.765212e-13
96.6500,7.683680e-12,2.922042e-13,4.089797e-11,5.271837e-13,3.894692e-12,2.778938e-13
96.7000,7.009363e-12,2.841124e-13,4.023870e-11,5.219096e-13,3.515271e-12,2.703054e-13
96.7500,7.566352e-12,2.907962e-13,4.048320e-11,5.238656e-13,3.405936e-12,2.681187e-13
96.8000,7.116339e-12,2.853961e-13,4.082473e-11,5.265979e-13,3.221289e-12,2.644258e-13
96.8500,7.363147e-12,2.883578e-13,4.097978e-11,5.278382e-13,3.752414e-12,2.750483e-13
96.9000,6.844818e-12,2.821378e-13,4.109702e-11,5.287762e-13,3.391841e-12,2.678368e-13
96.9500,6.985063e-12,2.838208e-13,4.109602e-11,5.287681e-13,3.382780e-12,2.676556e-13
97.0000,6.806019e-12,2.816722e-13,4.115214e-11,5.292171e-13,3.685907e-12,2.737181e-13
97.0500,7.194341e-12,2.863321e-13,4.139463e-11,5.311570e-13,3.448040e-12,2.689608e-13
97.1000,6.867037e-12,2.824044e-13,4.107027e-11,5.285621e-13,3.377291e-12,2.675458e-13
97.1500,6.506562e-12,2.780787e-13,4.034507e-11,5.227606e-13,3.262980e-12,2.652596e-13
97.2000,6.670369e-12,2.800444e-13,4.151623e-11,5.321298e-13,3.347577e-12,2.669515e-13
97.2500,6.757574e-12,2.810909e-13,4.164388e-11,5.331511e-13,3.209935e-12,2.641987e-13
97.3000,6.793928e-12,2.815271e-13,4.139296e-11,5.311437e-13,3.845783e-12,2.769157e-13
97.3500,6.561176e-12,2.787341e-13,4.077498e-11,5.261999e-13,3.053670e-12,2.610734e-13
97.4000,6.865448e-12,2.823854e-13,4.113708e-11,5.290966e-13,3.238136e-12,2.647627e-13
97.4500,6.310039e-12,2.757205e-13,4.145188e-11,5.316150e-13,3.187082e-12,2.637416e-13
97.5000,6.345705e-12,2.761485e-13,4.120896e-11,5.296717e-13,3.454101e-12,2.690820e-13
97.5500,6.450740e-12,2.774089e-13,4.044442e-11,5.235553e-13,2.900164e-12,2.580033e-13
97.6000,6.770531e-12,2.812464e-13,4.086769e-11,5.269415e-13,3.045296e-12,2.609059e-13
97.6500,6.257608e-12,2.750913e-13,4.094545e-11,5.275636e-13,2.996535e-12,2.599307e-13
97.7000,6.727810e-12,2.807337e-13,4.067381e-11,5.253904e-13,2.854417e-12,2.570883e-13
97.7500,6.385441e-12,2.766253e-13,4.056872e-11,5.245498e-13,2.957311e-12,2.591462e-13
97.8000,5.900669e-12,2.708080e-13,4.069237e-11,5.255389e-13,3.260274e-12,2.652055e-13
97.8500,6.288100e-12,2.754572e-13,4.130498e-11,5.304399e-13,2.828736e-12,2.565747e-13
97.9000,6.518548e-12,2.782226e-13,4.153453e-11,5.322762e-13,3.216231e-12,2.643246e-13
97.9500,6.190347e-12,2.742842e-13,4.061539e-11,5.249231e-13,2.383205e-12,2.476641e-13
98.0000,7.184234e-12,2.862108e-13,4.047312e-11,5.237849e-13,2.846344e-12,2.569269e-13
98.0500,7.419467e-12,2.890336e-13,4.078281e-11,5.262625e-13,2.785509e-12,2.557102e-13
98.1000,8.027572e-12,2.963309e-13,4.088677e-11,5.270941e-13,2.797817e-12,2.559563e-13
98.1500,8.591542e-12,3.030985e-13,4.085883e-11,5.268707e-13,2.648053e-12,2.529611e-13
98.2000,9.241311e-12,3.108957e-13,4.147035e-11,5.317628e-13,2.910729e-12,2.582146e-13
98.2500,9.285665e-12,3.114280e-13,4.066681e-11,5.253345e-13,2.765526e-12,2.553105e-13
98.3000,9.766368e-12,3.171964e-13,4.096909e-11,5.277528e-13,2.624981e-12,2.524996e-13
98.3500,9.943859e-12,3.193263e-13,4.124964e-11,5.299971e-13,3.407018e-12,2.681404e-13
98.4000,1.072555e-11,3.287066e-13,4.111866e-11,5.289493e-13,3.243054e-12,2.648611e-13
98.4500,1.100298e-11,3.320358e-13,4.113769e-11,5.291016e-13,2.875155e-12,2.575031e-13
98.5000,1.122130e-11,3.346556e-13,4.064396e-11,5.251517e-13,2.839376e-12,2.567875e-13
98.5500,1.251520e-11,3.501824e-13,4.149544e-11,5.319635e-13,2.521519e-12,2.504304e-13
98.6000,1.234142e-11,3.480970e-13,4.152274e-11,5.321819e-13,3.016955e-12,2.603391e-13
98.6500,1.227534e-11,3.473041e-13,4.136525e-11,5.309220e-13,3.199442e-12,2.639888e-13
98.7000,1.274968e-11,3.529961e-13,4.078551e-11,5.262841e-13,3.030502e-12,2.606100e-13
98.7500,1.328957e-11,3.594749e-13,4.160109e-11,5.328087e-13,2.756358e-12,2.551272e-13
98.8000,1.390836e-11,3.669003e-13,4.091648e-11,5.273319e-13,3.015115e-12,2.603023e-13
98.8500,1.383592e-11,3.660311e-13,4.156991e-11,5.325593e-13,2.678969e-12,2.535794e-13
98.9000,1.429622e-11,3.715547e-13,4.048050e-11,5.238440e-13,3.068221e-12,2.613644e-13
98.9500,1.408818e-11,3.690582e-13,4.115024e-11,5.292020e-13,2.447882e-12,2.489576e-13
99.0000,1.473604e-11,3.768325e-13,4.099347e-11,5.279478e-13,3.109941e-12,2.621988e-13
99.0500,1.502383e-11,3.802859e-13,4.046456e-11,5.237165e-13,3.150902e-12,2.630180e-13
99.1000,1.524745e-11,3.829693e-13,4.153782e-11,5.323026e-13,2.877182e-12,2.575436e-13
99.1500,1.541108e-11,3.849330e-13,4.106082e-11,5.284866e-13,2.585828e-12,2.517166e-13
99.2000,1.577223e-11,3.892667e-13,4.084290e-11,5.267432e-13,3.415806e-12,2.683161e-13
99.2500,1.589234e-11,3.907081e-13,4.152554e-11,5.322043e-13,3.208922e-12,2.641784e-13
99.3000,1.619435e-11,3.943322e-13,4.150713e-11,5.320570e-13,3.080097e-12,2.616019e-13
99.3500,1.584306e-11,3.901167e-13,4.093353e-11,5.274682e-13,3.224943e-12,2.644989e-13
99.4000,1.669704e-11,4.003645e-13,4.104402e-11,5.283522e-13,3.314205e-12,2.662841e-13
99.4500,1.698017e-11,4.037621e-13,4.125942e-11,5.300754e-13,3.151434e-12,2.630287e-13
99.5000,1.701811e-11,4.042173e-13,4.064139e-11,5.251311e-13,2.914216e-12,2.582843e-13
99.5500,1.615828e-11,3.938993e-13,4.030234e-11,5.224187e-13,3.392231e-12,2.678446e-13
99.6000,1.678896e-11,4.014675e-13,4.050054e-11,5.240043e-13,2.791136e-12,2.558227e-13
99.6500,1.736345e-11,4.083614e-13,4.060337e-11,5.248269e-13,3.379153e-12,2.675831e-13
99.7000,1.748908e-11,4.098689e-13,4.111489e-11,5.289191e-13,2.943416e-12,2.588683e-13
99.7500,1.777073e-11,4.132488e-13,4.100253e-11,5.280202e-13,3.569869e-12,2.713974e-13
99.8000,1.799742e-11,4.159691e-13,4.114599e-11,5.291679e-13,3.499298e-12,2.699860e-13
99.8500,1.820149e-11,4.184179e-13,4.120903e-11,5.296722e-13,3.945740e-12,2.789148e-13
99.9000,1.827749e-11,4.193299e-13,4.104918e-11,5.283935e-13,3.854387e-12,2.770877e-13
99.9500,1.805604e-11,4.166725e-13,4.073537e-11,5.258829e-13,3.640018e-12,2.728004e-13
100.0000,1.795634e-11,4.154761e-13,4.133331e-11,5.306665e-13,3.756709e-12,2.751342e-13
100.0500,1.801062e-11,4.161275e-13,4.182973e-11,5.346379e-13,3.525379e-12,2.705076e-13
100.1000,1.840338e-11,4.208406e-13,4.029542e-11,5.223634e-13,3.815381e-12,2.763076e-13
100.1500,1.855848e-11,4.227017e-13,4.102304e-11,5.281843e-13,4.000321e-12,2.800064e-13
100.2000,1.909937e-11,4.291924e-13,4.047333e-11,5.237866e-13,3.842817e-12,2.768563e-13
100.2500,1.927981e-11,4.313578e-13,4.026101e-11,5.220881e-13,3.487911e-12,2.697582e-13
100.3000,1.891181e-11,4.269417e-13,4.062269e-11,5.249815e-13,3.732301e-12,2.746460e-13
100.3500,1.965458e-11,4.358550e-13,4.066235e-11,5.252988e-13,3.820895e-12,2.764179e-13
100.4000,1.906411e-11,4.287694e-13,4.080458e-11,5.264366e-13,3.916255e-12,2.783251e-13
100.4500,1.956758e-11,4.348110e-13,3.963216e-11,5.170573e-13,3.959859e-12,2.791972e-13
100.5000,1.965482e-11,4.358579e-13,4.047749e-11,5.238199e-13,3.797061e-12,2.759412e-13
100.5500,1.979293e-11,4.375152e-13,4.096879e-11,5.277503e-13,4.234957e-12,2.846991e-13
100.6000,2.024142e-11,4.428970e-13,4.071848e-11,5.257479e-13,4.004636e-12,2.800927e-13
100.6500,2.015228e-11,4.418274e-13,4.147059e-11,5.317647e-13,3.944889e-12,2.788978e-13
100.7000,1.998619e-11,4.398343e-13,4.121093e-11,5.296874e-13,3.983408e-12,2.796682e-13
100.7500,1.927662e-11,4.313195e-13,4.036305e-11,5.229044e-13,4.260585e-12,2.852117e-13
100.8000,1.988203e-11,4.385844e-13,4.060662e-11,5.248530e-13,4.046301e-12,2.809260e-13
100.8500,2.001118e-11,4.401341e-13,4.099076e-11,5.279261e-13,4.222645e-12,2.844529e-13
100.9000,2.014499e-11,4.417398e-13,4.083230e-11,5.266584e-13,4.205195e-12,2.841039e-13
100.9500,2.024807e-11,4.429769e-13,4.043191e-11,5.234553e-13,4.219260e-12,2.843852e-13
101.0000,2.061046e-11,4.473255e-13,4.052402e-11,5.241922e-13,4.472681e-12,2.894536e-13
101.0500,2.053713e-11,4.464455e-13,3.969810e-11,5.175848e-13,4.100528e-12,2.820106e-13
101.1000,2.098811e-11,4.518573e-13,4.124006e-11,5.299205e-13,4.198344e-12,2.839669e-13
101.1500,2.015780e-11,4.418936e-13,4.087349e-11,5.269879e-13,4.459615e-12,2.891923e-13
101.2000,1.999715e-11,4.399658e-13,4.027473e-11,5.221978e-13,4.585174e-12,2.917035e-13
101.2500,2.036477e-11,4.443773e-13,4.055812e-11,5.244650e-13,4.517364e-12,2.903473e-13
101.3000,2.143266e-11,4.571919e-13,4.029408e-11,5.223526e-13,4.387690e-12,2.877538e-13
101.3500,2.031342e-11,4.437611e-13,4.056382e-11,5.245105e-13,4.476486e-12,2.895297e-13
101.4000,2.081631e-11,4.497957e-13,4.101245e-11,5.280996e-13,4.290632e-12,2.858126e-13
101.4500,2.073236e-11,4.487883e-13,4.051314e-11,5.241051e-13,4.730707e-12,2.946141e-13
101.5000,2.006512e-11,4.407814e-13,4.063438e-11,5.250750e-13,4.802705e-12,2.960541e-13
101.5500,2.075838e-11,4.491006e-13,4.051947e-11,5.241558e-13,4.784854e-12,2.956971e-13
101.6000,2.157351e-11,4.588821e-13,4.065575e-11,5.252460e-13,5.018056e-12,3.003611e-13
101.6500,2.115254e-11,4.538305e-13,4.050095e-11,5.240076e-13,4.586787e-12,2.917357e-13
101.7000,2.077749e-11,4.493299e-13,3.988617e-11,5.190893e-13,4.923001e-12,2.984600e-13
101.7500,2.081087e-11,4.497304e-13,4.044000e-11,5.235200e-13,4.921622e-12,2.984324e-13
101.8000,2.138069e-11,4.565683e-13,4.022077e-11,5.217662e-13,5.014995e-12,3.002999e-13
101.8500,2.069040e-11,4.482848e-13,4.044912e-11,5.235929e-13,5.163045e-12,3.032609e-13
101.9000,2.121636e-11,4.545964e-13,4.035233e-11,5.228186e-13,5.241027e-12,3.048205e-13
101.9500,2.117120e-11,4.540544e-13,4.061882e-11,5.249506e-13,5.167601e-12,3.033520e-13
102.0000,2.116118e-11,4.539342e-13,4.075962e-11,5.260770e-13,4.893757e-12,2.978751e-13
102.0500,2.109304e-11,4.531165e-13,4.014396e-11,5.211517e-13,4.969480e-12,2.993896e-13
102.1000,2.101274e-11,4.521528e-13,4.020215e-11,5.216172e-13,4.630564e-12,2.926113e-13
102.1500,2.138694e-11,4.566433e-13,4.044733e-11,5.235787e-13,5.106752e-12,3.021350e-13
102.2000,2.121273e-11,4.545527e-13,4.010632e-11,5.208505e-13,5.321752e-12,3.064350e-13
102.2500,2.182982e-11,4.619578e-13,4.015061e-11,5.212049e-13,4.840256e-12,2.968051e-13
102.3000,2.115520e-11,4.538624e-13,4.004622e-11,5.203697e-13,5.352292e-12,3.070458e-13
102.3500,2.093473e-11,4.512168e-13,3.949139e-11,5.159311e-13,5.187058e-12,3.037412e-13
102.4000,2.171134e-11,4.605361e-13,4.048360e-11,5.238688e-13,5.005594e-12,3.001119e-13
102.4500,2.112142e-11,4.534570e-13,4.074222e-11,5.259378e-13,5.539974e-12,3.107995e-13
102.5000,2.109945e-11,4.531933e-13,4.057437e-11,5.245950e-13,5.423053e-12,3.084611e-13
102.5500,2.192385e-11,4.630862e-13,3.968812e-11,5.175049e-13,5.302295e-12,3.060459e-13
102.6000,2.186785e-11,4.624142e-13,4.041354e-11,5.233083e-13,5.236834e-12,3.047367e-13
102.6500,2.191226e-11,4.629472e-13,4.026840e-11,5.221472e-13,5.270785e-12,3.054157e-13
102.7000,2.104923e-11,4.525908e-13,4.051208e-11,5.240967e-13,5.280186e-12,3.056037e-13
102.7500,2.115059e-11,4.538071e-13,4.023974e-11,5.219179e-13,5.344849e-12,3.068970e-13
102.8000,2.133320e-11,4.559984e-13,4.083515e-11,5.266812e-13,5.491642e-12,3.098328e-13
102.8500,2.171431e-11,4.605717e-13,3.985059e-11,5.188048e-13,5.746742e-12,3.149348e-13
102.9000,2.146958e-11,4.576350e-13,4.036246e-11,5.228997e-13,5.409034e-12,3.081807e-13
102.9500,2.171909e-11,4.606291e-13,4.008335e-11,5.206668e-13,6.049079e-12,3.209816e-13
103.0000,2.159260e-11,4.591112e-13,4.003523e-11,5.202819e-13,5.371577e-12,3.074315e-13
103.0500,2.105258e-11,4.526310e-13,4.030669e-11,5.224535e-13,5.776017e-12,3.155203e-13
103.1000,2.153092e-11,4.583711e-13,4.033749e-11,5.226999e-13,5.720120e-12,3.144024e-13
103.1500,2.210013e-11,4.652016e-13,4.022905e-11,5.218324e-13,5.970819e-12,3.194164e-13
103.2000,2.181233e-11,4.617479e-13,4.051035e-11,5.240828e-13,5.312292e-12,3.062458e-13
103.2500,2.175613e-11,4.610736e-13,4.053978e-11,5.243183e-13,5.509752e-12,3.101950e-13
103.3000,2.172286e-11,4.606744e-13,4.021726e-11,5.217381e-13,5.861546e-12,3.172309e-13
103.3500,2.144264e-11,4.573117e-13,4.044778e-11,5.235823e-13,5.634332e-12,3.126866e-13
103.4000,2.217106e-11,4.660527e-13,3.982776e-11,5.186220e-13,5.687248e-12,3.137450e-13
103.4500,2.212013e-11,4.654415e-13,4.030170e-11,5.224136e-13,6.333725e-12,3.266745e-13
103.5000,2.161933e-11,4.594320e-13,3.973958e-11,5.179166e-13,5.579542e-12,3.115908e-13
103.5500,2.154150e-11,4.584980e-13,4.027441e-11,5.221952e-13,6.258370e-12,3.251674e-13
103.6000,2.146762e-11,4.576115e-13,3.995821e-11,5.196657e-13,5.311487e-12,3.062297e-13
103.6500,2.199507e-11,4.639408e-13,4.082390e-11,5.265912e-13,5.689453e-12,3.137891e-13
103.7000,2.242489e-11,4.690987e-13,4.020859e-11,5.216687e-13,5.556941e-12,3.111388e-13
103.7500,2.131370e-11,4.557644e-13,4.000817e-11,5.200654e-13,6.060321e-12,3.212064e-13
103.8000,2.195675e-11,4.634810e-13,4.005926e-11,5.204741e-13,6.170350e-12,3.234070e-13
103.8500,2.162665e-11,4.595198e-13,3.964327e-11,5.171461e-13,5.834850e-12,3.166970e-13
103.9000,2.201761e-11,4.642113e-13,4.011544e-11,5.209235e-13,5.825550e-12,3.165110e-13
103.9500,2.161449e-11,4.593739e-13,3.945437e-11,5.156350e-13,5.807870e-12,3.161574e-13
104.0000,2.200352e-11,4.640422e-13,3.990646e-11,5.192517e-13,5.745788e-12,3.149158e-13
104.0500,2.194881e-11,4.633857e-13,3.927059e-11,5.141647e-13,5.904802e-12,3.180960e-13
104.1000,2.208119e-11,4.649743e-13,3.942871e-11,5.154297e-13,6.027816e-12,3.205563e-13
104.1500,2.169140e-11,4.602967e-13,3.973833e-11,5.179066e-13,6.547350e-12,3.309470e-13
104.2000,2.153032e-11,4.583639e-13,4.024229e-11,5.219383e-13,5.998812e-12,3.199762e-13
104.2500,2.184268e-11,4.621122e-13,4.040475e-11,5.232380e-13,5.974810e-12,3.194962e-13
104.3000,2.217065e-11,4.660478e-13,4.008116e-11,5.206493e-13,6.384938e-12,3.276988e-13
104.3500,2.207520e-11,4.649024e-13,3.928755e-11,5.143004e-13,6.014130e-12,3.202826e-13
104.4000,2.189903e-11,4.627884e-13,3.939025e-11,5.151220e-13,6.038612e-12,3.207722e-13
104.4500,2.195116e-11,4.634140e-13,4.031074e-11,5.224860e-13,5.860098e-12,3.172020e-13
104.5000,2.126641e-11,4.551969e-13,4.004672e-11,5.203737e-13,6.222452e-12,3.244490e-13
104.5500,2.162931e-11,4.595517e-13,4.037517e-11,5.230014e-13,6.048610e-12,3.209722e-13
104.6000,2.209350e-11,4.651219e-13,3.981031e-11,5.184825e-13,6.553737e-12,3.310747e-13
104.6500,2.197600e-11,4.637120e-13,4.018083e-11,5.214467e-13,6.068496e-12,3.213699e-13
104.7000,2.176978e-11,4.612374e-13,4.029910e-11,5.223928e-13,6.075897e-12,3.215179e-13
104.7500,2.216670e-11,4.660003e-13,4.079331e-11,5.263465e-13,6.100460e-12,3.220092e-13
104.8000,2.189581e-11,4.627497e-13,3.991818e-11,5.193454e-13,6.551044e-12,3.310209e-13
104.8500,2.253033e-11,4.703640e-13,4.056199e-11,5.244959e-13,5.871615e-12,3.174323e-13
104.9000,2.188457e-11,4.626148e-13,3.945539e-11,5.156431e-13,5.796764e-12,3.159353e-13
104.9500,2.167545e-11,4.601053e-13,3.984656e-11,5.187725e-13,6.440908e-12,3.288182e-13
105.0000,2.249749e-11,4.699699e-13,4.043416e-11,5.234733e-13,6.240516e-12,3.248103e-13
105.0500,2.204856e-11,4.645827e-13,3.978362e-11,5.182690e-13,6.555731e-12,3.311146e-13
105.1000,2.201440e-11,4.641728e-13,3.959271e-11,5.167417e-13,6.601626e-12,3.320325e-13
105.1500,2.128840e-11,4.554608e-13,4.041495e-11,5.233196e-13,6.100429e-12,3.220086e-13
105.2000,2.191300e-11,4.629560e-13,3.969453e-11,5.175562e-13,6.479724e-12,3.295945e-13
105.2500,2.230518e-11,4.676622e-13,3.924578e-11,5.139663e-13,6.264998e-12,3.253000e-13
105.3000,2.220341e-11,4.664409e-13,4.009562e-11,5.207649e-13,6.164603e-12,3.232921e-13
105.3500,2.211420e-11,4.653704e-13,3.937327e-11,5.149862e-13,6.417037e-12,3.283407e-13
105.4000,2.196467e-11,4.635760e-13,3.941389e-11,5.153111e-13,6.060083e-12,3.212017e-13
105.4500,2.201333e-11,4.641600e-13,3.977608e-11,5.182087e-13,6.618539e-12,3.323708e-13
105.5000,2.185350e-11,4.622420e-13,3.964114e-11,5.171291e-13,6.187408e-12,3.237482e-13
105.5500,2.243818e-11,4.692582e-13,4.005704e-11,5.204563e-13,6.347156e-12,3.269431e-13
105.6000,2.215314e-11,4.658377e-13,3.947603e-11,5.158083e-13,6.071514e-12,3.214303e-13
105.6500,2.233040e-11,4.679648e-13,4.011764e-11,5.209411e-13,6.695327e-12,3.339065e-13
105.7000,2.213176e-11,4.655811e-13,3.994520e-11,5.195616e-13,6.537637e-12,3.307527e-13
105.7500,2.191839e-11,4.630207e-13,4.012097e-11,5.209678e-13,6.269786e-12,3.253957e-13
105.8000,2.185706e-11,4.622848e-13,3.961134e-11,5.168907e-13,6.249099e-12,3.249820e-13
105.8500,2.252007e-11,4.702409e-13,3.987388e-11,5.189911e-13,6.280429e-12,3.256086e-13
105.9000,2.189528e-11,4.627434e-13,4.002757e-11,5.202206e-13,6.683741e-12,3.336748e-13
105.9500,2.192927e-11,4.631512e-13,3.988056e-11,5.190445e-13,6.474373e-12,3.294875e-13
106.0000,2.163892e-11,4.596670e-13,4.026615e-11,5.221292e-13,6.665482e-12,3.333096e-13
106.0500,2.181913e-11,4.618296e-13,4.015131e-11,5.212105e-13,6.419838e-12,3.283968e-13
106.1000,2.194802e-11,4.633763e-13,3.942199e-11,5.153760e-13,6.393335e-12,3.278667e-13
106.1500,2.201091e-11,4.641310e-13,3.969096e-11,5.175277e-13,6.791214e-12,3.358243e-13
106.2000,2.155278e-11,4.586333e-13,3.971724e-11,5.177379e-13,7.143368e-12,3.428674e-13
106.2500,2.159649e-11,4.591579e-13,3.944480e-11,5.155584e-13,6.830826e-12,3.366165e-13
106.3000,2.241132e-11,4.689358e-13,4.017146e-11,5.213716e-13,6.851749e-12,3.370350e-13
106.3500,2.196024e-11,4.635229e-13,3.938751e-11,5.151001e-13,6.072546e-12,3.214509e-13
106.4000,2.186835e-11,4.624203e-13,3.985790e-11,5.188632e-13,6.423139e-12,3.284628e-13
106.4500,2.203542e-11,4.644250e-13,3.995168e-11,5.196134e-13,6.783315e-12,3.356663e-13
106.5000,2.226587e-11,4.671904e-13,3.989492e-11,5.191594e-13,6.486357e-12,3.297271e-13
106.5500,2.198343e-11,4.638012e-13,3.912143e-11,5.129714e-13,6.651873e-12,3.330375e-13
106.6000,2.192697e-11,4.631237e-13,3.950794e-11,5.160636e-13,6.555413e-12,3.311083e-13
106.6500,2.213416e-11,4.656099e-13,4.016437e-11,5.213150e-13,6.917449e-12,3.383490e-13
106.7000,2.161119e-11,4.593343e-13,3.957145e-11,5.165716e-13,6.613692e-12,3.322738e-13
106.7500,2.168548e-11,4.602257e-13,3.888081e-11,5.110465e-13,6.239238e-12,3.247848e-13
106.8000,2.172183e-11,4.606619e-13,3.984341e-11,5.187473e-13,6.709446e-12,3.341889e-13
106.8500,2.182613e-11,4.619135e-13,3.994242e-11,5.195394e-13,6.696708e-12,3.339342e-13
106.9000,2.193328e-11,4.631993e-13,3.995418e-11,5.196334e-13,6.839644e-12,3.367929e-13
106.9500,2.142911e-11,4.571493e-13,3.953011e-11,5.162409e-13,6.879517e-12,3.375903e-13
107.0000,2.259125e-11,4.710950e-13,3.955614e-11,5.164491e-13,6.503435e-12,3.300687e-13
107.0500,2.241216e-11,4.689459e-13,4.010911e-11,5.208729e-13,6.619104e-12,3.323821e-13
107.1000,2.247798e-11,4.697358e-13,4.017162e-11,5.213729e-13,6.858724e-12,3.371745e-13
107.1500,2.151449e-11,4.581739e-13,4.011460e-11,5.209168e-13,7.005369e-12,3.401074e-13
107.2000,2.174585e-11,4.609502e-13,4.023669e-11,5.218935e-13,6.623230e-12,3.324646e-13
107.2500,2.181732e-11,4.618078e-13,3.971811e-11,5.177449e-13,6.739500e-12,3.347900e-13
107.3000,2.231142e-11,4.677371e-13,4.021144e-11,5.216915e-13,7.325367e-12,3.465073e-13
107.3500,2.193966e-11,4.632759e-13,3.956544e-11,5.165235e-13,6.600528e-12,3.320106e-13
107.4000,2.173480e-11,4.608176e-13,3.943392e-11,5.154714e-13,7.044183e-12,3.408837e-13
107.4500,2.188438e-11,4.626125e-13,3.922468e-11,5.137975e-13,7.041909e-12,3.408382e-13
107.5000,2.221686e-11,4.666023e-13,3.976324e-11,5.181059e-13,6.955222e-12,3.391044e-13
107.5500,2.178040e-11,4.613648e-13,3.997006e-11,5.197605e-13,6.346270e-12,3.269254e-13
107.6000,2.156075e-11,4.587290e-13,3.901324e-11,5.121059e-13,7.076840e-12,3.415368e-13
107.6500,2.226733e-11,4.672079e-13,3.983470e-11,5.186776e-13,6.631760e-12,3.326352e-13
107.7000,2.173723e-11,4.608468e-13,4.037815e-11,5.230252e-13,6.976598e-12,3.395320e-13
107.7500,2.210097e-11,4.652116e-13,4.006616e-11,5.205293e-13,7.114472e-12,3.422894e-13
107.8000,2.244591e-11,4.693509e-13,4.008711e-11,5.206969e-13,6.919929e-12,3.383986e-13
107.8500,2.176995e-11,4.612394e-13,3.941042e-11,5.152834e-13,6.758853e-12,3.351771e-13
107.9000,2.144439e-11,4.573327e-13,3.978021e-11,5.182417e-13,6.747085e-12,3.349417e-13
107.9500,2.276735e-11,4.732082e-13,3.985035e-11,5.188028e-13,7.295358e-12,3.459072e-13
108.0000,2.131955e-11,4.558347e-13,3.968888e-11,5.175111e-13,6.933868e-12,3.386774e-13
108.0500,2.042775e-11,4.451329e-13,3.904270e-11,5.123416e-13,6.825239e-12,3.365048e-13
108.1000,2.033551e-11,4.440262e-13,3.965912e-11,5.172730e-13,6.483435e-12,3.296687e-13
108.1500,1.984448e-11,4.381337e-13,3.978203e-11,5.182563e-13,6.567267e-12,3.313453e-13
108.2000,1.914390e-11,4.297268e-13,3.920409e-11,5.136327e-13,6.737104e-12,3.347421e-13
108.2500,1.855854e-11,4.227025e-13,3.937883e-11,5.150307e-13,6.697723e-12,3.339545e-13
108.3000,1.845250e-11,4.214300e-13,3.953609e-11,5.162887e-13,6.457155e-12,3.291431e-13
108.3500,1.773013e-11,4.127616e-13,3.986507e-11,5.189206e-13,7.289449e-12,3.457890e-13
108.4000,1.769751e-11,4.123701e-13,3.957637e-11,5.166110e-13,7.321196e-12,3.464239e-13
108.4500,1.723473e-11,4.068167e-13,3.960768e-11,5.168614e-13,6.611147e-12,3.322229e-13
108.5000,1.632817e-11,3.959380e-13,4.010915e-11,5.208732e-13,6.608687e-12,3.321737e-13
108.5500,1.638739e-11,3.966487e-13,3.987502e-11,5.190001e-13,6.431224e-12,3.286245e-13
108.6000,1.568525e-11,3.882230e-13,3.994851e-11,5.195881e-13,6.731153e-12,3.346231e-13
108.6500,1.548597e-11,3.858317e-13,4.018002e-11,5.214402e-13,6.598104e-12,3.319621e-13
108.7000,1.496732e-11,3.796078e-13,4.016771e-11,5.213417e-13,6.747989e-12,3.349598e-13
108.7500,1.500266e-11,3.800319e-13,3.959554e-11,5.167643e-13,6.702080e-12,3.340416e-13
108.8000,1.444663e-11,3.733595e-13,3.982955e-11,5.186364e-13,6.567728e-12,3.313546e-13
108.8500,1.380595e-11,3.656714e-13,3.955616e-11,5.164493e-13,6.676454e-12,3.335291e-13
108.9000,1.422968e-11,3.707561e-13,4.002681e-11,5.202145e-13,6.259920e-12,3.251984e-13
108.9500,1.396883e-11,3.676259e-13,3.966193e-11,5.172954e-13,6.598959e-12,3.319792e-13
109.0000,1.303598e-11,3.564318e-13,3.977923e-11,5.182338e-13,6.643214e-12,3.328643e-13
109.0500,1.274301e-11,3.529161e-13,3.968656e-11,5.174925e-13,6.041423e-12,3.208285e-13
109.1000,1.240901e-11,3.489081e-13,4.011909e-11,5.209527e-13,6.070478e-12,3.214096e-13
109.1500,1.226780e-11,3.472136e-13,3.973577e-11,5.178861e-13,5.828170e-12,3.165634e-13
109.2000,1.236720e-11,3.484064e-13,4.039896e-11,5.231917e-13,6.018926e-12,3.203785e-13
109.2500,1.191398e-11,3.429678e-13,3.958426e-11,5.166740e-13,6.129847e-12,3.225969e-13
109.3000,1.165446e-11,3.398536e-13,3.954989e-11,5.163991e-13,6.450749e-12,3.290150e-13
109.3500,1.091621e-11,3.309945e-13,3.987034e-11,5.189628e-13,5.920177e-12,3.184035e-13
109.4000,1.117901e-11,3.341481e-13,3.980757e-11,5.184606e-13,6.180918e-12,3.236184e-13
109.4500,1.138303e-11,3.365964e-13,3.997692e-11,5.198154e-13,6.026281e-12,3.205256e-13
109.5000,1.112478e-11,3.334973e-13,3.997042e-11,5.197634e-13,5.720139e-12,3.144028e-13
109.5500,1.098203e-11,3.317844e-13,3.945006e-11,5.156005e-13,5.874851e-12,3.174970e-13
109.6000,1.056690e-11,3.268028e-13,3.978794e-11,5.183035e-13,5.907350e-12,3.181470e-13
109.6500,1.008201e-11,3.209842e-13,4.023328e-11,5.218662e-13,5.706701e-12,3.141340e-13
109.7000,9.922357e-12,3.190683e-13,3.991139e-11,5.192912e-13,5.304485e-12,3.060897e-13
109.7500,1.058928e-11,3.270714e-13,3.981419e-11,5.185135e-13,5.603375e-12,3.120675e-13
109.8000,9.749319e-12,3.169918e-13,4.003093e-11,5.202474e-13,5.391055e-12,3.078211e-13
109.8500,9.835298e-12,3.180236e-13,3.958601e-11,5.166881e-13,5.409472e-12,3.081894e-13
109.9000,9.633848e-12,3.156062e-13,4.039769e-11,5.231815e-13,5.377043e-12,3.075409e-13
109.9500,9.482366e-12,3.137884e-13,4.007573e-11,5.206058e-13,5.320990e-12,3.064198e-13
110.0000,9.711219e-12,3.165346e-13,3.968903e-11,5.175123e-13,5.630433e-12,3.126087e-13
110.0500,1.014178e-11,3.217013e-13,3.978529e-11,5.182823e-13,5.062471e-12,3.012494e-13
110.1000,1.053692e-11,3.264431e-13,4.009584e-11,5.207667e-13,4.896850e-12,2.979370e-13
110.1500,1.082110e-11,3.298532e-13,4.059870e-11,5.247896e-13,5.776361e-12,3.155272e-13
110.2000,1.137273e-11,3.364727e-13,4.013337e-11,5.210669e-13,5.637171e-12,3.127434e-13
110.2500,1.165241e-11,3.398289e-13,3.948153e-11,5.158522e-13,5.357975e-12,3.071595e-13
110.3000,1.211959e-11,3.454351e-13,3.990134e-11,5.192107e-13,5.406471e-12,3.081294e-13
110.3500,1.247056e-11,3.496467e-13,4.022987e-11,5.218390e-13,5.266375e-12,3.053275e-13
110.4000,1.350925e-11,3.621110e-13,4.040258e-11,5.232206e-13,4.758855e-12,2.951771e-13
110.4500,1.323278e-11,3.587934e-13,3.976837e-11,5.181470e-13,5.007227e-12,3.001445e-13
110.5000,1.389502e-11,3.667403e-13,4.098223e-11,5.278578e-13,5.061487e-12,3.012297e-13
110.5500,1.377388e-11,3.652866e-13,3.984960e-11,5.187968e-13,5.169913e-12,3.033983e-13
110.6000,1.399267e-11,3.679120e-13,4.053973e-11,5.243178e-13,5.199790e-12,3.039958e-13
110.6500,1.431144e-11,3.717373e-13,3.898803e-11,5.119042e-13,4.769477e-12,2.953895e-13
110.7000,1.484625e-11,3.781550e-13,4.018218e-11,5.214574e-13,4.835645e-12,2.967129e-13
110.7500,1.518799e-11,3.822558e-13,4.073618e-11,5.258895e-13,5.055141e-12,3.011028e-13
110.8000,1.517729e-11,3.821275e-13,4.014091e-11,5.211273e-13,5.379535e-12,3.075907e-13
110.8500,1.544008e-11,3.852810e-13,4.013815e-11,5.211052e-13,5.260877e-12,3.052175e-13
110.9000,1.554434e-11,3.865320e-13,4.043003e-11,5.234402e-13,5.246688e-12,3.049338e-13
110.9500,1.559737e-11,3.871685e-13,4.084536e-11,5.267629e-13,5.297947e-12,3.059589e-13
111.0000,1.623312e-11,3.947974e-13,4.069374e-11,5.255499e-13,4.797430e-12,2.959486e-13
111.0500,1.610775e-11,3.932930e-13,4.009271e-11,5.207417e-13,4.949003e-12,2.989801e-13
111.1000,1.620525e-11,3.944630e-13,4.028175e-11,5.222540e-13,4.996328e-12,2.999266e-13
111.1500,1.658019e-11,3.989623e-13,4.024941e-11,5.219953e-13,4.996227e-12,2.999245e-13
111.2000,1.700517e-11,4.040620e-13,4.038740e-11,5.230992e-13,4.948544e-12,2.989709e-13
111.2500,1.707209e-11,4.048650e-13,3.990076e-11,5.192060e-13,5.196813e-12,3.039363e-13
111.3000,1.744883e-11,4.093859e-13,4.052150e-11,5.241720e-13,5.356411e-12,3.071282e-13
111.3500,1.681826e-11,4.018191e-13,4.014805e-11,5.211844e-13,4.947913e-12,2.989583e-13
111.4000,1.760882e-11,4.113059e-13,3.993032e-11,5.194425e-13,5.215818e-12,3.043164e-13
111.4500,1.827955e-11,4.193546e-13,4.061887e-11,5.249509e-13,5.247710e-12,3.049542e-13
111.5000,1.809413e-11,4.171296e-13,4.025374e-11,5.220299e-13,4.922880e-12,2.984576e-13
111.5500,1.776003e-11,4.131203e-13,3.986502e-11,5.189201e-13,4.994717e-12,2.998943e-13
111.6000,1.838636e-11,4.206364e-13,4.029317e-11,5.223454e-13,4.751027e-12,2.950205e-13
111.6500,1.776991e-11,4.132389e-13,3.972286e-11,5.177829e-13,5.250825e-12,3.050165e-13
111.7000,1.886941e-11,4.264329e-13,4.013202e-11,5.210562e-13,5.402053e-12,3.080411e-13
111.7500,1.879562e-11,4.255475e-13,4.014715e-11,5.211772e-13,4.901594e-12,2.980319e-13
111.8000,1.873799e-11,4.248559e-13,4.045667e-11,5.236534e-13,5.131631e-12,3.026326e-13
111.8500,1.850276e-11,4.220331e-13,3.982965e-11,5.186372e-13,5.398412e-12,3.079682e-13
111.9000,1.950049e-11,4.340059e-13,3.980569e-11,5.184456e-13,5.092201e-12,3.018440e-13
111.9500,1.901823e-11,4.282188e-13,3.998834e-11,5.199067e-13,5.368396e-12,3.073679e-13
112.0000,1.792459e-11,4.150951e-13,4.054964e-11,5.243971e-13,5.384421e-12,3.076884e-13
112.0500,1.804840e-11,4.165808e-13,4.072975e-11,5.258380e-13,5.068028e-12,3.013606e-13
112.1000,1.749902e-11,4.099883e-13,4.045076e-11,5.236061e-13,5.568123e-12,3.113625e-13
112.1500,1.736721e-11,4.084065e-13,3.985640e-11,5.188512e-13,5.307639e-12,3.061528e-13
112.2000,1.695904e-11,4.035085e-13,4.078845e-11,5.263076e-13,5.346772e-12,3.069354e-13
112.2500,1.589176e-11,3.907011e-13,4.085745e-11,5.268596e-13,5.639158e-12,3.127832e-13
112.3000,1.611626e-11,3.933951e-13,4.057050e-11,5.245640e-13,4.768373e-12,2.953675e-13
112.3500,1.544968e-11,3.853962e-13,4.025613e-11,5.220490e-13,5.428127e-12,3.085625e-13
112.4000,1.569356e-11,3.883227e-13,4.009879e-11,5.207904e-13,4.785364e-12,2.957073e-13
112.4500,1.459643e-11,3.751572e-13,4.036250e-11,5.229000e-13,5.378469e-12,3.075694e-13
112.5000,1.485456e-11,3.782548e-13,3.973530e-11,5.178824e-13,4.813629e-12,2.962726e-13
112.5500,1.446870e-11,3.736244e-13,4.002629e-11,5.202103e-13,5.038718e-12,3.007744e-13
112.6000,1.445860e-11,3.735032e-13,3.940955e-11,5.152764e-13,5.404479e-12,3.080896e-13
112.6500,1.371723e-11,3.646068e-13,4.040960e-11,5.232768e-13,5.431657e-12,3.086331e-13
112.7000,1.366672e-11,3.640006e-13,4.007158e-11,5.205727e-13,4.769584e-12,2.953917e-13
112.7500,1.328397e-11,3.594076e-13,3.996767e-11,5.197413e-13,4.712975e-12,2.942595e-13
112.8000,1.278117e-11,3.533741e-13,4.008061e-11,5.206449e-13,5.202605e-12,3.040521e-13
112.8500,1.276467e-11,3.531760e-13,4.050864e-11,5.240691e-13,5.307905e-12,3.061581e-13
112.9000,1.226843e-11,3.472211e-13,4.035207e-11,5.228166e-13,4.672231e-12,2.934446e-13
112.9500,1.190576e-11,3.428691e-13,4.024061e-11,5.219249e-13,5.284181e-12,3.056836e-13
113.0000,1.223742e-11,3.468490e-13,4.007503e-11,5.206003e-13,5.422197e-12,3.084439e-13
113.0500,1.210744e-11,3.452893e-13,4.027407e-11,5.221926e-13,4.691629e-12,2.938326e-13
113.1000,1.110402e-11,3.332483e-13,4.047191e-11,5.237753e-13,5.192602e-12,3.038520e-13
113.1500,1.097842e-11,3.317411e-13,4.007655e-11,5.206124e-13,4.676492e-12,2.935298e-13
113.2000,1.103020e-11,3.323624e-13,4.048263e-11,5.238611e-13,4.647192e-12,2.929438e-13
113.2500,1.097123e-11,3.316547e-13,4.009160e-11,5.207328e-13,4.656268e-12,2.931254e-13
113.3000,1.045280e-11,3.254336e-13,4.050335e-11,5.240268e-13,4.713602e-12,2.942720e-13
113.3500,1.062052e-11,3.274462e-13,4.021816e-11,5.217453e-13,5.118318e-12,3.023664e-13
113.4000,9.970790e-12,3.196495e-13,3.967961e-11,5.174368e-13,4.973490e-12,2.994698e-13
113.4500,9.678761e-12,3.161451e-13,3.946751e-11,5.157401e-13,4.790910e-12,2.958182e-13
113.5000,1.013588e-11,3.216305e-13,4.048671e-11,5.238936e-13,4.452320e-12,2.890464e-13
113.5500,9.636217e-12,3.156346e-13,4.048278e-11,5.238623e-13,4.895485e-12,2.979097e-13
113.6000,9.776754e-12,3.173210e-13,3.930680e-11,5.144544e-13,4.788879e-12,2.957776e-13
113.6500,9.449349e-12,3.133922e-13,4.067165e-11,5.253732e-13,4.641519e-12,2.928304e-13
113.7000,9.332883e-12,3.119946e-13,4.020897e-11,5.216717e-13,4.716303e-12,2.943261e-13
113.7500,9.130624e-12,3.095675e-13,4.023960e-11,5.219168e-13,4.630900e-12,2.926180e-13
113.8000,8.818401e-12,3.058208e-13,4.046792e-11,5.237434e-13,4.636155e-12,2.927231e-13
113.8500,9.044727e-12,3.085367e-13,4.001353e-11,5.201082e-13,4.530135e-12,2.906027e-13
113.9000,9.015669e-12,3.081880e-13,4.033687e-11,5.226949e-13,4.330376e-12,2.866075e-13
113.9500,8.955211e-12,3.074625e-13,4.031788e-11,5.225430e-13,4.539930e-12,2.907986e-13
114.0000,8.727750e-12,3.047330e-13,4.042981e-11,5.234385e-13,4.387358e-12,2.877472e-13
114.0500,8.980337e-12,3.077640e-13,4.135790e-11,5.308632e-13,3.935133e-12,2.787027e-13
114.1000,8.362275e-12,3.003473e-13,4.055832e-11,5.244666e-13,4.513505e-12,2.902701e-13
114.1500,8.551762e-12,3.026211e-13,3.996760e-11,5.197408e-13,3.886812e-12,2.777362e-13
114.2000,7.987965e-12,2.958556e-13,4.108195e-11,5.286556e-13,4.012862e-12,2.802572e-13
114.2500,7.792305e-12,2.935077e-13,4.076016e-11,5.260813e-13,4.226708e-12,2.845342e-13
114.3000,8.232731e-12,2.987928e-13,3.992766e-11,5.194213e-13,4.365513e-12,2.873103e-13
114.3500,8.050351e-12,2.966042e-13,4.072849e-11,5.258279e-13,4.249750e-12,2.849950e-13
114.4000,7.967951e-12,2.956154e-13,4.105254e-11,5.284203e-13,4.368715e-12,2.873743e-13
114.4500,7.558351e-12,2.907002e-13,4.032893e-11,5.226314e-13,4.401104e-12,2.880221e-13
114.5000,7.793814e-12,2.935258e-13,4.057695e-11,5.246156e-13,3.830221e-12,2.766044e-13
114.5500,7.468363e-12,2.896204e-13,3.997709e-11,5.198167e-13,3.909393e-12,2.781879e-13
114.6000,7.229796e-12,2.867576e-13,4.128471e-11,5.302776e-13,3.969140e-12,2.793828e-13
114.6500,7.787432e-12,2.934492e-13,4.065959e-11,5.252768e-13,4.013472e-12,2.802694e-13
114.7000,6.913364e-12,2.829604e-13,4.028859e-11,5.223087e-13,3.798290e-12,2.759658e-13
114.7500,6.964869e-12,2.835784e-13,4.094066e-11,5.275253e-13,3.766641e-12,2.753328e-13
114.8000,6.890026e-12,2.826803e-13,4.103995e-11,5.283196e-13,3.851757e-12,2.770351e-13
114.8500,6.914665e-12,2.829760e-13,4.045144e-11,5.236115e-13,3.637813e-12,2.727563e-13
114.9000,7.385971e-12,2.886317e-13,4.111629e-11,5.289304e-13,3.381563e-12,2.676313e-13
114.9500,7.288829e-12,2.874659e-13,4.042163e-11,5.233730e-13,3.803115e-12,2.760623e-13
115.0000,7.130844e-12,2.855701e-13,4.098875e-11,5.279100e-13,3.484703e-12,2.696941e-13
115.0500,6.487841e-12,2.778541e-13,4.003066e-11,5.202453e-13,3.528811e-12,2.705762e-13
115.1000,6.699030e-12,2.803884e-13,4.081591e-11,5.265273e-13,3.647688e-12,2.729538e-13
115.1500,6.598101e-12,2.791772e-13,4.079921e-11,5.263937e-13,3.044205e-12,2.608841e-13
115.2000,6.390287e-12,2.766834e-13,4.062774e-11,5.250220e-13,3.999091e-12,2.799818e-13
115.2500,6.462909e-12,2.775549e-13,4.082135e-11,5.265708e-13,3.167513e-12,2.633503e-13
115.3000,6.710559e-12,2.805267e-13,4.093587e-11,5.274870e-13,3.833127e-12,2.766625e-13
115.3500,6.797062e-12,2.815647e-13,4.055935e-11,5.244748e-13,3.592502e-12,2.718500e-13
115.4000,6.588086e-12,2.790570e-13,4.130538e-11,5.304431e-13,3.407839e-12,2.681568e-13
115.4500,6.628359e-12,2.795403e-13,4.126559e-11,5.301248e-13,3.471026e-12,2.694205e-13
115.5000,6.345522e-12,2.761463e-13,4.040595e-11,5.232476e-13,3.522647e-12,2.704529e-13
115.5500,6.559100e-12,2.787092e-13,4.116705e-11,5.293364e-13,3.487489e-12,2.697498e-13
115.6000,6.074068e-12,2.728888e-13,4.051451e-11,5.241161e-13,3.156343e-12,2.631269e-13
115.6500,6.261995e-12,2.751439e-13,4.060622e-11,5.248498e-13,3.268278e-12,2.653656e-13
115.7000,6.161718e-12,2.739406e-13,4.052033e-11,5.241626e-13,3.361057e-12,2.672211e-13
115.7500,6.283219e-12,2.753986e-13,4.095684e-11,5.276547e-13,3.251174e-12,2.650235e-13
115.8000,6.394733e-12,2.767368e-13,4.105749e-11,5.284599e-13,3.403311e-12,2.680662e-13
115.8500,6.017697e-12,2.722124e-13,4.100654e-11,5.280523e-13,3.237895e-12,2.647579e-13
115.9000,6.081545e-12,2.729785e-13,4.158650e-11,5.326920e-13,3.608337e-12,2.721667e-13
115.9500,6.350684e-12,2.762082e-13,4.096691e-11,5.277353e-13,3.151012e-12,2.630202e-13
116.0000,6.438654e-12,2.772638e-13,4.130095e-11,5.304076e-13,2.928783e-12,2.585757e-13
116.0500,5.980682e-12,2.717682e-13,4.081649e-11,5.265319e-13,3.474160e-12,2.694832e-13
116.1000,6.293815e-12,2.755258e-13,4.142121e-11,5.313697e-13,3.204374e-12,2.640875e-13
116.1500,6.397516e-12,2.767702e-13,4.078027e-11,5.262422e-13,2.898219e-12,2.579644e-13
116.2000,5.970597e-12,2.716472e-13,4.062830e-11,5.250264e-13,3.164203e-12,2.632841e-13
116.2500,6.202298e-12,2.744276e-13,4.074586e-11,5.259669e-13,3.194588e-12,2.638918e-13
116.3000,5.981320e-12,2.717758e-13,4.059516e-11,5.247612e-13,2.565228e-12,2.513046e-13
116.3500,5.711150e-12,2.685338e-13,4.129345e-11,5.303476e-13,3.099249e-12,2.619850e-13
116.4000,5.981447e-12,2.717774e-13,4.127891e-11,5.302313e-13,3.167528e-12,2.633506e-13
116.4500,5.755772e-12,2.690693e-13,4.146048e-11,5.316838e-13,2.761357e-12,2.552271e-13
116.5000,6.298570e-12,2.755828e-13,4.095310e-11,5.276248e-13,2.685058e-12,2.537012e-13
116.5500,6.805978e-12,2.816717e-13,4.137848e-11,5.310279e-13,2.561029e-12,2.512206e-13
116.6000,5.876640e-12,2.705197e-13,4.110665e-11,5.288532e-13,3.001285e-12,2.600257e-13
116.6500,6.045071e-12,2.725408e-13,4.133101e-11,5.306480e-13,2.978509e-12,2.595702e-13
116.7000,5.543998e-12,2.665280e-13,4.131288e-11,5.305030e-13,2.503311e-12,2.500662e-13
116.7500,5.700999e-12,2.684120e-13,4.134996e-11,5.307996e-13,2.611987e-12,2.522397e-13
116.8000,5.819766e-12,2.698372e-13,4.038828e-11,5.231062e-13,2.841874e-12,2.568375e-13
116.8500,5.925199e-12,2.711024e-13,4.120276e-11,5.296221e-13,2.846824e-12,2.569365e-13
116.9000,5.725076e-12,2.687009e-13,4.085038e-11,5.268030e-13,2.844801e-12,2.568960e-13
116.9500,5.652581e-12,2.678310e-13,4.159403e-11,5.327522e-13,2.388314e-12,2.477663e-13
117.0000,5.998831e-12,2.719860e-13,4.095730e-11,5.276584e-13,2.670261e-12,2.534052e-13
117.0500,6.197296e-12,2.743676e-13,4.129052e-11,5.303242e-13,2.659319e-12,2.531864e-13
117.1000,5.978995e-12,2.717479e-13,4.103238e-11,5.282590e-13,2.751535e-12,2.550307e-13
117.1500,5.330269e-12,2.639632e-13,4.111194e-11,5.288955e-13,2.666182e-12,2.533236e-13
117.2000,5.667004e-12,2.680040e-13,4.108429e-11,5.286743e-13,2.361171e-12,2.472234e-13
117.2500,5.887761e-12,2.706531e-13,4.119307e-11,5.295446e-13,2.248686e-12,2.449737e-13
117.3000,5.655319e-12,2.678638e-13,4.102473e-11,5.281978e-13,2.338015e-12,2.467603e-13
117.3500,5.853084e-12,2.702370e-13,4.120999e-11,5.296799e-13,2.772551e-12,2.554510e-13
117.4000,5.831622e-12,2.699795e-13,4.102674e-11,5.282139e-13,2.729727e-12,2.545945e-13
117.4500,6.348145e-12,2.761777e-13,4.134140e-11,5.307312e-13,2.824065e-12,2.564813e-13
117.5000,5.825802e-12,2.699096e-13,4.115121e-11,5.292097e-13,2.368697e-12,2.473739e-13
117.5500,6.075025e-12,2.729003e-13,4.119397e-11,5.295517e-13,2.348856e-12,2.469771e-13
117.6000,5.790382e-12,2.694846e-13,4.202785e-11,5.362228e-13,2.429739e-12,2.485948e-13
117.6500,5.867594e-12,2.704111e-13,4.109538e-11,5.287631e-13,2.192625e-12,2.438525e-13
117.7000,6.143115e-12,2.737174e-13,4.182579e-11,5.346063e-13,2.358336e-12,2.471667e-13
117.7500,5.720174e-12,2.686421e-13,4.109069e-11,5.287255e-13,2.243269e-12,2.448654e-13
117.8000,5.957603e-12,2.714912e-13,4.157117e-11,5.325694e-13,2.148588e-12,2.429718e-13
117.8500,5.673371e-12,2.680805e-13,4.120004e-11,5.296003e-13,2.477505e-12,2.495501e-13
117.9000,5.985479e-12,2.718257e-13,4.145290e-11,5.316232e-13,2.416634e-12,2.483327e-13
117.9500,5.793015e-12,2.695162e-13,4.071548e-11,5.257238e-13,2.047917e-12,2.409583e-13
118.0000,5.667047e-12,2.680046e-13,4.152385e-11,5.321908e-13,2.227696e-12,2.445539e-13
118.0500,5.628439e-12,2.675413e-13,4.114390e-11,5.291512e-13,2.144334e-12,2.428867e-13
118.1000,5.387093e-12,2.646451e-13,4.153756e-11,5.323005e-13,2.448959e-12,2.489792e-13
118.1500,5.511721e-12,2.661407e-13,4.197792e-11,5.358233e-13,2.291985e-12,2.458397e-13
118.2000,5.551603e-12,2.666192e-13,4.110346e-11,5.288277e-13,2.610045e-12,2.522009e-13
118.2500,5.883727e-12,2.706047e-13,4.150136e-11,5.320108e-13,2.452620e-12,2.490524e-13
118.3000,5.852516e-12,2.702302e-13,4.098513e-11,5.278810e-13,2.338950e-12,2.467790e-13
118.3500,5.556733e-12,2.666808e-13,4.123725e-11,5.298980e-13,1.666829e-12,2.333366e-13
118.4000,5.956744e-12,2.714809e-13,4.165108e-11,5.332087e-13,2.275706e-12,2.455141e-13
118.4500,5.777420e-12,2.693290e-13,4.147871e-11,5.318297e-13,1.789438e-12,2.357888e-13
118.5000,5.471868e-12,2.656624e-13,4.113826e-11,5.291061e-13,2.164551e-12,2.432910e-13
118.5500,5.779604e-12,2.693552e-13,4.141692e-11,5.313354e-13,2.093094e-12,2.418619e-13
118.6000,5.648662e-12,2.677839e-13,4.185802e-11,5.348641e-13,1.758005e-12,2.351601e-13
118.6500,5.560570e-12,2.667268e-13,4.121185e-11,5.296948e-13,2.058610e-12,2.411722e-13
118.7000,5.368277e-12,2.644193e-13,4.127872e-11,5.302298e-13,2.000786e-12,2.400157e-13
118.7500,6.008886e-12,2.721066e-13,4.132607e-11,5.306085e-13,2.132319e-12,2.426464e-13
118.8000,5.556921e-12,2.666831e-13,4.148815e-11,5.319052e-13,2.362416e-12,2.472483e-13
118.8500,5.985676e-12,2.718281e-13,4.174548e-11,5.339638e-13,1.991319e-12,2.398264e-13
118.9000,5.939049e-12,2.712686e-13,4.112984e-11,5.290387e-13,2.033200e-12,2.406640e-13
118.9500,5.497447e-12,2.659694e-13,4.144696e-11,5.315756e-13,1.876076e-12,2.375215e-13
119.0000,5.544775e-12,2.665373e-13,4.193863e-11,5.355091e-13,2.016224e-12,2.403245e-13
119.0500,5.112312e-12,2.613477e-13,4.123967e-11,5.299174e-13,2.227871e-12,2.445574e-13
119.1000,5.997397e-12,2.719688e-13,4.135184e-11,5.308148e-13,2.053515e-12,2.410703e-13
119.1500,5.513985e-12,2.661678e-13,4.221903e-11,5.377522e-13,2.041935e-12,2.408387e-13
119.2000,5.040018e-12,2.604802e-13,4.196084e-11,5.356868e-13,1.773951e-12,2.354790e-13
119.2500,5.383533e-12,2.646024e-13,4.178791e-11,5.343033e-13,2.174493e-12,2.434899e-13
119.3000,5.566445e-12,2.667973e-13,4.156620e-11,5.325296e-13,1.915921e-12,2.383184e-13
119.3500,5.369042e-12,2.644285e-13,4.157391e-11,5.325913e-13,1.671797e-12,2.334359e-13
119.4000,5.141696e-12,2.617003e-13,4.126105e-11,5.300884e-13,2.284024e-12,2.456805e-13
119.4500,5.320493e-12,2.638459e-13,4.171270e-11,5.337016e-13,1.899969e-12,2.379994e-13
119.5000,5.352354e-12,2.642283e-13,4.122066e-11,5.297652e-13,1.724648e-12,2.344930e-13
119.5500,5.527316e-12,2.663278e-13,4.185770e-11,5.348616e-13,1.896276e-12,2.379255e-13
119.6000,5.885634e-12,2.706276e-13,4.083351e-11,5.266681e-13,2.152603e-12,2.430521e-13
119.6500,5.350844e-12,2.642101e-13,4.114256e-11,5.291405e-13,1.735271e-12,2.347054e-13
119.7000,5.895113e-12,2.707414e-13,4.147495e-11,5.317996e-13,1.624037e-12,2.324807e-13
119.7500,5.404514e-12,2.648542e-13,4.173790e-11,5.339032e-13,1.730790e-12,2.346158e-13
119.8000,5.654190e-12,2.678503e-13,4.158096e-11,5.326477e-13,1.739347e-12,2.347869e-13
119.8500,5.324783e-12,2.638974e-13,4.184543e-11,5.347634e-13,1.564669e-12,2.312934e-13
119.9000,5.304119e-12,2.636494e-13,4.085521e-11,5.268416e-13,2.036777e-12,2.407355e-13
119.9500,5.993519e-12,2.719222e-13,4.150767e-11,5.320614e-13,1.465829e-12,2.293166e-13
120.0000,6.230609e-12,2.747673e-13,4.225728e-11,5.380583e-13,1.844805e-12,2.368961e-13
120.0500,6.328667e-12,2.759440e-13,4.144307e-11,5.315445e-13,1.200046e-12,2.240009e-13
120.1000,7.129022e-12,2.855483e-13,4.118556e-11,5.294845e-13,1.966548e-12,2.393310e-13
120.1500,7.572197e-12,2.908664e-13,4.041596e-11,5.233276e-13,1.706353e-12,2.341271e-13
120.2000,8.293281e-12,2.995194e-13,4.176195e-11,5.340956e-13,1.917290e-12,2.383458e-13
120.2500,9.007829e-12,3.080940e-13,4.148706e-11,5.318965e-13,1.960097e-12,2.392019e-13
120.3000,9.223447e-12,3.106814e-13,4.175899e-11,5.340719e-13,1.797959e-12,2.359592e-13
120.3500,9.862902e-12,3.183548e-13,4.135030e-11,5.308024e-13,1.947714e-12,2.389543e-13
120.4000,9.906277e-12,3.188753e-13,4.133040e-11,5.306432e-13,1.904962e-12,2.380992e-13
120.4500,1.087747e-11,3.305297e-13,4.075995e-11,5.260796e-13,1.836614e-12,2.367323e-13
120.5000,1.125936e-11,3.351123e-13,4.128585e-11,5.302868e-13,2.168585e-12,2.433717e-13
120.5500,1.119059e-11,3.342871e-13,4.211020e-11,5.368816e-13,1.722677e-12,2.344535e-13
120.6000,1.174141e-11,3.408969e-13,4.107467e-11,5.285973e-13,1.685642e-12,2.337128e-13
120.6500,1.238195e-11,3.485834e-13,4.068979e-11,5.255183e-13,1.740339e-12,2.348068e-13
120.7000,1.236849e-11,3.484219e-13,4.198249e-11,5.358599e-13,2.040108e-12,2.408022e-13
120.7500,1.268696e-11,3.522435e-13,4.180724e-11,5.344579e-13,2.176508e-12,2.435302e-13
120.8000,1.324976e-11,3.589971e-13,4.137448e-11,5.309958e-13,1.911568e-12,2.382314e-13
120.8500,1.318418e-11,3.582101e-13,4.152659e-11,5.322127e-13,1.825490e-12,2.365098e-13
120.9000,1.370790e-11,3.644948e-13,4.221910e-11,5.377528e-13,2.410130e-12,2.482026e-13
120.9500,1.347488e-11,3.616985e-13,4.087068e-11,5.269654e-13,2.060408e-12,2.412082e-13
121.0000,1.505796e-11,3.806955e-13,4.138182e-11,5.310545e-13,1.930527e-12,2.386105e-13
121.0500,1.444435e-11,3.733322e-13,4.090451e-11,5.272361e-13,2.417542e-12,2.483508e-13
121.1000,1.480684e-11,3.776821e-13,4.111690e-11,5.289352e-13,2.307366e-12,2.461473e-13
121.1500,1.489164e-11,3.786997e-13,4.136965e-11,5.309572e-13,2.216131e-12,2.443226e-13
121.2000,1.589487e-11,3.907384e-13,4.106821e-11,5.285457e-13,2.388463e-12,2.477693e-13
121.2500,1.520959e-11,3.825151e-13,4.111852e-11,5.289481e-13,2.388189e-12,2.477638e-13
121.3000,1.593048e-11,3.911657e-13,4.044739e-11,5.235791e-13,2.414966e-12,2.482993e-13
121.3500,1.564466e-11,3.877359e-13,4.179201e-11,5.343361e-13,2.631267e-12,2.526253e-13
121.4000,1.611192e-11,3.933431e-13,4.116195e-11,5.292956e-13,2.380800e-12,2.476160e-13
121.4500,1.645821e-11,3.974986e-13,4.124025e-11,5.299220e-13,2.340684e-12,2.468137e-13
121.5000,1.659085e-11,3.990901e-13,4.060689e-11,5.248551e-13,2.662633e-12,2.532527e-13
121.5500,1.699708e-11,4.039650e-13,4.106238e-11,5.284991e-13,2.747045e-12,2.549409e-13
121.6000,1.677961e-11,4.013554e-13,4.125605e-11,5.300484e-13,2.652171e-12,2.530434e-13
121.6500,1.723740e-11,4.068488e-13,4.064327e-11,5.251462e-13,2.647396e-12,2.529479e-13
121.7000,1.749741e-11,4.099690e-13,4.121623e-11,5.297298e-13,2.440541e-12,2.488108e-13
121.7500,1.746196e-11,4.095435e-13,4.108721e-11,5.286977e-13,2.474920e-12,2.494984e-13
121.8000,1.790528e-11,4.148634e-13,4.089529e-11,5.271623e-13,3.010279e-12,2.602056e-13
121.8500,1.865483e-11,4.238580e-13,4.093214e-11,5.274572e-13,3.102206e-12,2.620441e-13
121.9000,1.760621e-11,4.112746e-13,4.069809e-11,5.255847e-13,2.785936e-12,2.557187e-13
121.9500,1.836410e-11,4.203692e-13,4.074079e-11,5.259263e-13,3.076976e-12,2.615395e-13
122.0000,1.851164e-11,4.221396e-13,4.028670e-11,5.222936e-13,3.047565e-12,2.609513e-13
122.0500,1.855412e-11,4.226495e-13,4.078494e-11,5.262795e-13,3.027416e-12,2.605483e-13
122.1000,1.848157e-11,4.217789e-13,4.086080e-11,5.268864e-13,3.367100e-12,2.673420e-13
122.1500,1.862983e-11,4.235580e-13,4.087859e-11,5.270287e-13,2.944921e-12,2.588984e-13
122.2000,1.863721e-11,4.236465e-13,4.084489e-11,5.267591e-13,3.115066e-12,2.623013e-13
122.2500,1.914170e-11,4.297004e-13,4.080050e-11,5.264040e-13,3.087738e-12,2.617548e-13
122.3000,1.881644e-11,4.257972e-13,4.041500e-11,5.233200e-13,3.428595e-12,2.685719e-13
122.3500,1.938345e-11,4.326014e-13,4.050264e-11,5.240211e-13,3.560136e-12,2.712027e-13
122.4000,1.921092e-11,4.305310e-13,4.092704e-11,5.274163e-13,3.610432e-12,2.722086e-13
122.4500,1.951465e-11,4.341758e-13,4.007289e-11,5.205831e-13,3.364149e-12,2.672830e-13
122.5000,2.005711e-11,4.406853e-13,4.043661e-11,5.234929e-13,2.927545e-12,2.585509e-13
122.5500,1.864495e-11,4.237394e-13,4.069655e-11,5.255724e-13,3.472615e-12,2.694523e-13
122.6000,2.012129e-11,4.414554e-13,4.027155e-11,5.221724e-13,3.528455e-12,2.705691e-13
122.6500,1.935202e-11,4.322243e-13,4.035514e-11,5.228412e-13,3.454666e-12,2.690933e-13
122.7000,1.928969e-11,4.314763e-13,4.027270e-11,5.221816e-13,3.488292e-12,2.697658e-13
122.7500,1.962576e-11,4.355091e-13,4.035043e-11,5.228035e-13,3.782031e-12,2.756406e-13
122.8000,1.983941e-11,4.380729e-13,4.099035e-11,5.279228e-13,3.725723e-12,2.745145e-13
122.8500,2.024312e-11,4.429174e-13,4.062123e-11,5.249698e-13,4.061902e-12,2.812380e-13
122.9000,2.042675e-11,4.451210e-13,4.058506e-11,5.246805e-13,3.907203e-12,2.781441e-13
122.9500,1.937130e-11,4.324556e-13,4.103317e-11,5.282654e-13,3.410891e-12,2.682178e-13
123.0000,1.976213e-11,4.371455e-13,4.076589e-11,5.261271e-13,4.037093e-12,2.807419e-13
123.0500,2.013505e-11,4.416206e-13,4.051642e-11,5.241313e-13,4.231021e-12,2.846204e-13
123.1000,2.018183e-11,4.421819e-13,4.007945e-11,5.206356e-13,4.259075e-12,2.851815e-13
123.1500,2.015130e-11,4.418156e-13,4.012728e-11,5.210182e-13,4.246155e-12,2.849231e-13
123.2000,2.097965e-11,4.517558e-13,4.090779e-11,5.272623e-13,4.310209e-12,2.862042e-13
123.2500,2.067248e-11,4.480697e-13,4.113279e-11,5.290623e-13,3.659767e-12,2.731953e-13
123.3000,2.065902e-11,4.479082e-13,4.071427e-11,5.257142e-13,3.964772e-12,2.792954e-13
123.3500,2.063301e-11,4.475961e-13,4.019014e-11,5.215211e-13,3.899216e-12,2.779843e-13
123.4000,2.040736e-11,4.448883e-13,3.982810e-11,5.186248e-13,4.190619e-12,2.838124e-13
123.4500,2.069012e-11,4.482815e-13,4.103108e-11,5.282486e-13,4.517393e-12,2.903479e-13
123.5000,2.077583e-11,4.493100e-13,4.059858e-11,5.247886e-13,4.028336e-12,2.805667e-13
123.5500,2.053967e-11,4.464761e-13,4.040218e-11,5.232174e-13,4.509158e-12,2.901832e-13
123.6000,2.052667e-11,4.463200e-13,4.101142e-11,5.280913e-13,4.505508e-12,2.901102e-13
123.6500,2.129747e-11,4.555696e-13,4.048954e-11,5.239163e-13,4.315010e-12,2.863002e-13
123.7000,2.086387e-11,4.503665e-13,4.051389e-11,5.241111e-13,4.605219e-12,2.921044e-13
123.7500,2.081991e-11,4.498389e-13,4.004900e-11,5.203920e-13,4.342146e-12,2.868429e-13
123.8000,1.995154e-11,4.394185e-13,4.087681e-11,5.270145e-13,4.401122e-12,2.880224e-13
123.8500,2.056736e-11,4.468083e-13,3.980183e-11,5.184147e-13,4.814961e-12,2.962992e-13
123.9000,2.115897e-11,4.539077e-13,4.059677e-11,5.247741e-13,4.663932e-12,2.932786e-13
123.9500,2.109089e-11,4.530907e-13,4.034356e-11,5.227485e-13,4.460247e-12,2.892049e-13
124.0000,2.094723e-11,4.513667e-13,4.034756e-11,5.227805e-13,4.586497e-12,2.917299e-13
124.0500,2.150334e-11,4.580401e-13,3.985138e-11,5.188110e-13,4.618236e-12,2.923647e-13
124.1000,2.044957e-11,4.453949e-13,4.029161e-11,5.223329e-13,4.847359e-12,2.969472e-13
124.1500,2.117256e-11,4.540707e-13,4.105574e-11,5.284459e-13,4.592710e-12,2.918542e-13
124.2000,2.131946e-11,4.558335e-13,4.030948e-11,5.224759e-13,4.556285e-12,2.911257e-13
124.2500,2.166297e-11,4.599557e-13,4.007783e-11,5.206227e-13,4.621460e-12,2.924292e-13
124.3000,2.154801e-11,4.585762e-13,4.068953e-11,5.255162e-13,5.071550e-12,3.014310e-13
124.3500,2.149501e-11,4.579402e-13,4.008034e-11,5.206427e-13,4.765880e-12,2.953176e-13
124.4000,2.173472e-11,4.608166e-13,4.094907e-11,5.275925e-13,4.837000e-12,2.967400e-13
124.4500,2.142658e-11,4.571189e-13,4.019387e-11,5.215510e-13,5.062670e-12,3.012534e-13
124.5000,2.134533e-11,4.561440e-13,4.073695e-11,5.258956e-13,5.040686e-12,3.008137e-13
124.5500,2.161081e-11,4.593297e-13,3.954503e-11,5.163603e-13,4.605814e-12,2.921163e-13
124.6000,2.100511e-11,4.520613e-13,4.005905e-11,5.204724e-13,5.036231e-12,3.007246e-13
124.6500,2.166555e-11,4.599867e-13,4.066443e-11,5.253154e-13,5.100542e-12,3.020108e-13
124.7000,2.179450e-11,4.615340e-13,4.015104e-11,5.212084e-13,5.044263e-12,3.008853e-13
124.7500,2.117647e-11,4.541177e-13,3.998502e-11,5.198801e-13,5.159630e-12,3.031926e-13
124.8000,2.176196e-11,4.611436e-13,4.030281e-11,5.224225e-13,5.048127e-12,3.009625e-13
124.8500,2.132384e-11,4.558861e-13,4.085393e-11,5.268314e-13,5.507390e-12,3.101478e-13
124.9000,2.119580e-11,4.543496e-13,4.010983e-11,5.208786e-13,5.278295e-12,3.055659e-13
124.9500,2.158093e-11,4.589711e-13,4.037824e-11,5.230259e-13,5.114850e-12,3.022970e-13
125.0000,2.085325e-11,4.502390e-13,4.077373e-11,5.261898e-13,5.174980e-12,3.034996e-13
125.0500,2.102517e-11,4.523020e-13,3.994661e-11,5.195728e-13,5.143852e-12,3.028770e-13
125.1000,2.160539e-11,4.592647e-13,4.021510e-11,5.217208e-13,5.194879e-12,3.038976e-13
125.1500,2.132718e-11,4.559261e-13,4.111046e-11,5.288837e-13,5.500761e-12,3.100152e-13
125.2000,2.157195e-11,4.588634e-13,4.005747e-11,5.204598e-13,5.850749e-12,3.170150e-13
125.2500,2.172277e-11,4.606732e-13,4.008896e-11,5.207117e-13,5.424542e-12,3.084908e-13
125.3000,2.162576e-11,4.595091e-13,4.059402e-11,5.247521e-13,5.152528e-12,3.030506e-13
125.3500,2.099255e-11,4.519106e-13,4.001921e-11,5.201537e-13,5.218803e-12,3.043761e-13
125.4000,2.165260e-11,4.598312e-13,4.033280e-11,5.226624e-13,5.344970e-12,3.068994e-13
125.4500,2.137763e-11,4.565316e-13,4.017134e-11,5.213707e-13,5.850212e-12,3.170042e-13
125.5000,2.177352e-11,4.612822e-13,4.035555e-11,5.228444e-13,5.348206e-12,3.069641e-13
125.5500,2.205744e-11,4.646893e-13,4.026723e-11,5.221378e-13,5.867430e-12,3.173486e-13
125.6000,2.178097e-11,4.613717e-13,4.053179e-11,5.242543e-13,5.584895e-12,3.116979e-13
125.6500,2.170548e-11,4.604657e-13,4.038590e-11,5.230872e-13,5.917379e-12,3.183476e-13
125.7000,2.134414e-11,4.561297e-13,3.985680e-11,5.188544e-13,5.756436e-12,3.151287e-13
125.7500,2.211388e-11,4.653666e-13,3.973974e-11,5.179179e-13,5.514356e-12,3.102871e-13
125.8000,2.171237e-11,4.605484e-13,4.003194e-11,5.202555e-13,5.383996e-12,3.076799e-13
125.8500,2.225568e-11,4.670681e-13,4.006957e-11,5.205566e-13,5.746760e-12,3.149352e-13
125.9000,2.186760e-11,4.624112e-13,4.014110e-11,5.211288e-13,5.671042e-12,3.134208e-13
125.9500,2.236704e-11,4.684045e-13,4.036720e-11,5.229376e-13,5.509319e-12,3.101864e-13
126.0000,2.113479e-11,4.536175e-13,4.010324e-11,5.208259e-13,5.650238e-12,3.130048e-13
126.0500,2.037290e-11,4.444749e-13,4.001377e-11,5.201102e-13,6.048281e-12,3.209656e-13
126.1000,2.004167e-11,4.405000e-13,3.980835e-11,5.184668e-13,6.002106e-12,3.200421e-13
126.1500,1.911100e-11,4.293320e-13,4.029381e-11,5.223505e-13,5.639638e-12,3.127928e-13
126.2000,1.898390e-11,4.278068e-13,3.945666e-11,5.156533e-13,5.714122e-12,3.142824e-13
126.2500,1.867076e-11,4.240492e-13,3.982571e-11,5.186057e-13,5.826102e-12,3.165220e-13
126.3000,1.822005e-11,4.186406e-13,3.962176e-11,5.169741e-13,5.900805e-12,3.180161e-13
126.3500,1.804215e-11,4.165058e-13,3.972390e-11,5.177912e-13,6.357936e-12,3.271587e-13
126.4000,1.721423e-11,4.065707e-13,4.049345e-11,5.239476e-13,5.605490e-12,3.121098e-13
126.4500,1.729609e-11,4.075530e-13,4.058813e-11,5.247050e-13,5.524313e-12,3.104863e-13
126.5000,1.701106e-11,4.041327e-13,4.000011e-11,5.200009e-13,5.523338e-12,3.104668e-13
126.5500,1.596257e-11,3.915508e-13,3.965321e-11,5.172257e-13,5.563975e-12,3.112795e-13
126.6000,1.581154e-11,3.897385e-13,4.015258e-11,5.212206e-13,6.053723e-12,3.210745e-13
126.6500,1.492973e-11,3.791568e-13,4.000599e-11,5.200479e-13,5.520360e-12,3.104072e-13
126.7000,1.514719e-11,3.817663e-13,3.968382e-11,5.174706e-13,6.248592e-12,3.249718e-13
126.7500,1.414338e-11,3.697205e-13,4.025914e-11,5.220731e-13,5.997062e-12,3.199412e-13
126.8000,1.452580e-11,3.743096e-13,4.033079e-11,5.226463e-13,5.655605e-12,3.131121e-13
126.8500,1.412481e-11,3.694978e-13,3.966399e-11,5.173119e-13,6.050720e-12,3.210144e-13
126.9000,1.392160e-11,3.670592e-13,3.951264e-11,5.161012e-13,5.574670e-12,3.114934e-13
126.9500,1.331989e-11,3.598386e-13,4.018657e-11,5.214926e-13,5.423595e-12,3.084719e-13
127.0000,1.314288e-11,3.577145e-13,3.990064e-11,5.192051e-13,5.126650e-12,3.025330e-13
127.0500,1.271389e-11,3.525666e-13,4.008779e-11,5.207023e-13,5.332369e-12,3.066474e-13
127.1000,1.243740e-11,3.492488e-13,4.051527e-11,5.241222e-13,5.486624e-12,3.097325e-13
127.1500,1.205504e-11,3.446605e-13,4.036337e-11,5.229070e-13,5.569927e-12,3.113985e-13
127.2000,1.206725e-11,3.448071e-13,4.005128e-11,5.204102e-13,5.828946e-12,3.165789e-13
127.2500,1.223434e-11,3.468121e-13,3.927209e-11,5.141767e-13,5.403771e-12,3.080754e-13
127.3000,1.170523e-11,3.404628e-13,4.017554e-11,5.214043e-13,5.498271e-12,3.099654e-13
127.3500,1.175600e-11,3.410720e-13,3.911032e-11,5.128826e-13,5.024515e-12,3.004903e-13
127.4000,1.079004e-11,3.294804e-13,4.073051e-11,5.258441e-13,5.606680e-12,3.121336e-13
127.4500,1.110633e-11,3.332759e-13,3.936057e-11,5.148846e-13,5.832329e-12,3.166466e-13
127.5000,1.086252e-11,3.303502e-13,4.029713e-11,5.223770e-13,4.951658e-12,2.990332e-13
127.5500,1.058335e-11,3.270002e-13,3.999744e-11,5.199795e-13,5.284923e-12,3.056985e-13
127.6000,1.001273e-11,3.201527e-13,4.011377e-11,5.209102e-13,5.471047e-12,3.094209e-13
127.6500,9.471011e-12,3.136521e-13,4.039338e-11,5.231471e-13,5.190802e-12,3.038160e-13
127.7000,1.015153e-11,3.218183e-13,3.995855e-11,5.196684e-13,5.018712e-12,3.003742e-13
127.7500,9.693182e-12,3.163182e-13,4.010715e-11,5.208572e-13,5.343149e-12,3.068630e-13
127.8000,9.131622e-12,3.095795e-13,3.979865e-11,5.183892e-13,4.861683e-12,2.972337e-13
127.8500,9.620473e-12,3.154457e-13,4.000731e-11,5.200585e-13,4.976091e-12,2.995218e-13
127.9000,9.428212e-12,3.131385e-13,4.074650e-11,5.259720e-13,5.086610e-12,3.017322e-13
127.9500,9.337582e-12,3.120510e-13,4.030876e-11,5.224701e-13,5.387756e-12,3.077551e-13
128.0000,9.115679e-12,3.093881e-13,4.018593e-11,5.214874e-13,4.694747e-12,2.938949e-13
128.0500,8.833688e-12,3.060043e-13,4.045117e-11,5.236094e-13,4.823304e-12,2.964661e-13
128.1000,8.786332e-12,3.054360e-13,4.014680e-11,5.211744e-13,4.571506e-12,2.914301e-13
128.1500,8.941789e-12,3.073015e-13,4.032929e-11,5.226343e-13,4.998658e-12,2.999732e-13
128.2000,8.650441e-12,3.038053e-13,4.044446e-11,5.235557e-13,4.863213e-12,2.972643e-13
128.2500,8.240299e-12,2.988836e-13,4.048806e-11,5.239045e-13,4.563927e-12,2.912785e-13
128.3000,8.488175e-12,3.018581e-13,4.057510e-11,5.246008e-13,4.604309e-12,2.920862e-13
128.3500,8.577163e-12,3.029260e-13,4.091322e-11,5.273058e-13,4.517613e-12,2.903523e-13
128.4000,8.251332e-12,2.990160e-13,3.988093e-11,5.190474e-13,4.618722e-12,2.923744e-13
128.4500,8.113260e-12,2.973591e-13,4.030043e-11,5.224034e-13,4.331794e-12,2.866359e-13
128.5000,8.455489e-12,3.014659e-13,4.019732e-11,5.215785e-13,4.520068e-12,2.904014e-13
128.5500,8.132691e-12,2.975923e-13,4.036061e-11,5.228848e-13,4.366143e-12,2.873229e-13
128.6000,7.758786e-12,2.931054e-13,3.986666e-11,5.189333e-13,4.445537e-12,2.889107e-13
128.6500,7.772721e-12,2.932727e-13,4.089057e-11,5.271246e-13,4.400300e-12,2.880060e-13
128.7000,7.455108e-12,2.894613e-13,4.041695e-11,5.233356e-13,4.339761e-12,2.867952e-13
128.7500,7.507378e-12,2.900885e-13,3.996010e-11,5.196808e-13,4.777180e-12,2.955436e-13
128.8000,7.454781e-12,2.894574e-13,4.105754e-11,5.284603e-13,4.593688e-12,2.918738e-13
128.8500,7.181380e-12,2.861766e-13,4.072865e-11,5.258292e-13,3.866842e-12,2.773368e-13
128.9000,7.906972e-12,2.948837e-13,4.054003e-11,5.243202e-13,4.067465e-12,2.813493e-13
128.9500,7.347696e-12,2.881724e-13,4.075012e-11,5.260010e-13,4.057405e-12,2.811481e-13
129.0000,6.970040e-12,2.836405e-13,4.133397e-11,5.306718e-13,3.993309e-12,2.798662e-13
129.0500,7.168464e-12,2.860216e-13,4.065799e-11,5.252639e-13,3.936085e-12,2.787217e-13
129.1000,6.832930e-12,2.819952e-13,3.978007e-11,5.182406e-13,3.908314e-12,2.781663e-13
129.1500,7.028252e-12,2.843390e-13,4.080897e-11,5.264718e-13,3.771737e-12,2.754347e-13
129.2000,7.151296e-12,2.858156e-13,4.000507e-11,5.200405e-13,3.879567e-12,2.775913e-13
129.2500,6.828279e-12,2.819394e-13,4.065139e-11,5.252111e-13,3.574334e-12,2.714867e-13
129.3000,6.863856e-12,2.823663e-13,4.049882e-11,5.239905e-13,4.034644e-12,2.806929e-13
129.3500,6.624599e-12,2.794952e-13,4.096170e-11,5.276936e-13,3.912330e-12,2.782466e-13
129.4000,6.924428e-12,2.830931e-13,4.081430e-11,5.265144e-13,3.682760e-12,2.736552e-13
129.4500,6.802924e-12,2.816351e-13,4.026754e-11,5.221403e-13,3.785525e-12,2.757105e-13
129.5000,6.781209e-12,2.813745e-13,4.145587e-11,5.316470e-13,3.547662e-12,2.709532e-13
129.5500,6.705269e-12,2.804632e-13,4.053485e-11,5.242788e-13,3.669373e-12,2.733875e-13
129.6000,6.544592e-12,2.785351e-13,4.052337e-11,5.241870e-13,3.604782e-12,2.720956e-13
129.6500,6.673407e-12,2.800809e-13,3.967637e-11,5.174109e-13,3.783401e-12,2.756680e-13
129.7000,6.654404e-12,2.798529e-13,4.121287e-11,5.297030e-13,3.388007e-12,2.677601e-13
129.7500,6.722945e-12,2.806753e-13,4.080120e-11,5.264096e-13,3.298861e-12,2.659772e-13
129.8000,6.621495e-12,2.794579e-13,4.100042e-11,5.280034e-13,3.781251e-12,2.756250e-13
129.8500,6.505844e-12,2.780701e-13,4.140210e-11,5.312168e-13,3.763003e-12,2.752601e-13
129.9000,6.131053e-12,2.735726e-13,4.072995e-11,5.258396e-13,3.644837e-12,2.728967e-13
129.9500,6.200927e-12,2.744111e-13,4.140614e-11,5.312491e-13,3.391986e-12,2.678397e-13
130.0000,6.590661e-12,2.790879e-13,4.121604e-11,5.297284e-13,3.032183e-12,2.606437e-13
130.0500,6.447839e-12,2.773741e-13,4.098521e-11,5.278817e-13,3.379475e-12,2.675895e-13
130.1000,5.988398e-12,2.718608e-13,4.103349e-11,5.282679e-13,3.145747e-12,2.629149e-13
130.1500,6.541943e-12,2.785033e-13,4.096131e-11,5.276904e-13,3.400831e-12,2.680166e-13
130.2000,6.471478e-12,2.776577e-13,4.101726e-11,5.281381e-13,2.753901e-12,2.550780e-13
130.2500,6.018830e-12,2.722260e-13,4.109670e-11,5.287736e-13,3.299494e-12,2.659899e-13
130.3000,6.260112e-12,2.751213e-13,4.118573e-11,5.294858e-13,3.544936e-12,2.708987e-13
130.3500,5.875923e-12,2.705111e-13,4.029553e-11,5.223643e-13,3.189642e-12,2.637928e-13
130.4000,6.511093e-12,2.781331e-13,4.039952e-11,5.231962e-13,3.175590e-12,2.635118e-13
130.4500,6.110931e-12,2.733312e-13,4.088627e-11,5.270902e-13,2.968435e-12,2.593687e-13
130.5000,5.994814e-12,2.719378e-13,4.097224e-11,5.277779e-13,3.058992e-12,2.611798e-13
130.5500,5.936797e-12,2.712416e-13,4.072873e-11,5.258298e-13,3.450127e-12,2.690025e-13
130.6000,6.354576e-12,2.762549e-13,4.083853e-11,5.267083e-13,3.018353e-12,2.603671e-13
130.6500,5.619535e-12,2.674344e-13,4.207833e-11,5.366266e-13,3.017004e-12,2.603401e-13
130.7000,6.321248e-12,2.758550e-13,4.097952e-11,5.278362e-13,3.091874e-12,2.618375e-13
130.7500,6.032224e-12,2.723867e-13,4.047546e-11,5.238037e-13,2.474029e-12,2.494806e-13
130.8000,5.915589e-12,2.709871e-13,4.175547e-11,5.340438e-13,2.871392e-12,2.574278e-13
130.8500,6.034520e-12,2.724142e-13,4.035113e-11,5.228091e-13,2.916200e-12,2.583240e-13
130.9000,6.193471e-12,2.743216e-13,4.101640e-11,5.281312e-13,2.555105e-12,2.511021e-13
130.9500,6.250726e-12,2.750087e-13,4.126863e-11,5.301490e-13,3.067151e-12,2.613430e-13
131.0000,5.752761e-12,2.690331e-13,4.140831e-11,5.312665e-13,3.042089e-12,2.608418e-13
131.0500,6.016714e-12,2.722006e-13,4.121768e-11,5.297414e-13,2.807844e-12,2.561569e-13
131.1000,6.089193e-12,2.730703e-13,4.075764e-11,5.260611e-13,2.768916e-12,2.553783e-13
131.1500,5.855969e-12,2.702716e-13,4.064973e-11,5.251978e-13,2.614796e-12,2.522959e-13
131.2000,5.618746e-12,2.674250e-13,4.079640e-11,5.263712e-13,2.495404e-12,2.499081e-13
131.2500,5.899834e-12,2.707980e-13,4.078460e-11,5.262768e-13,2.748856e-12,2.549771e-13
131.3000,5.639536e-12,2.676744e-13,4.135929e-11,5.308744e-13,2.575796e-12,2.515159e-13
131.3500,6.087172e-12,2.730461e-13,4.167976e-11,5.334381e-13,2.955486e-12,2.591097e-13
131.4000,5.911939e-12,2.709433e-13,4.160313e-11,5.328250e-13,2.684922e-12,2.536984e-13
131.4500,5.918751e-12,2.710250e-13,4.108440e-11,5.286752e-13,2.318675e-12,2.463735e-13
131.5000,6.097436e-12,2.731692e-13,4.102752e-11,5.282201e-13,2.706781e-12,2.541356e-13
131.5500,5.768702e-12,2.692244e-13,4.096122e-11,5.276898e-13,3.039308e-12,2.607862e-13
131.6000,5.569594e-12,2.668351e-13,4.170451e-11,5.336361e-13,2.539901e-12,2.507980e-13
131.6500,5.857045e-12,2.702845e-13,4.132414e-11,5.305931e-13,2.790663e-12,2.558133e-13
131.7000,5.494690e-12,2.659363e-13,4.136682e-11,5.309346e-13,2.363168e-12,2.472634e-13
131.7500,5.516540e-12,2.661985e-13,4.148274e-11,5.318619e-13,2.517489e-12,2.503498e-13
131.8000,5.807330e-12,2.696880e-13,4.142100e-11,5.313680e-13,2.786804e-12,2.557361e-13
131.8500,5.493615e-12,2.659234e-13,4.134218e-11,5.307375e-13,2.936950e-12,2.587390e-13
131.9000,5.716788e-12,2.686015e-13,4.134409e-11,5.307527e-13,2.435977e-12,2.487195e-13
131.9500,5.465095e-12,2.655811e-13,4.074388e-11,5.259511e-13,2.631020e-12,2.526204e-13
132.0000,6.528334e-12,2.783400e-13,4.119460e-11,5.295568e-13,2.504317e-12,2.500863e-13
132.0500,6.576741e-12,2.789209e-13,4.100354e-11,5.280283e-13,2.539565e-12,2.507913e-13
132.1000,7.368452e-12,2.884214e-13,4.134139e-11,5.307311e-13,2.234916e-12,2.446983e-13
132.1500,7.562403e-12,2.907488e-13,4.100175e-11,5.280140e-13,2.375219e-12,2.475044e-13
132.2000,8.500609e-12,3.020073e-13,4.132335e-11,5.305868e-13,2.292748e-12,2.458550e-13
132.2500,9.374876e-12,3.124985e-13,4.116937e-11,5.293549e-13,2.399241e-12,2.479848e-13
132.3000,9.222520e-12,3.106702e-13,4.122280e-11,5.297824e-13,2.315554e-12,2.463111e-13
132.3500,9.641572e-12,3.156989e-13,4.147040e-11,5.317632e-13,2.400785e-12,2.480157e-13
132.4000,1.051927e-11,3.262312e-13,4.079167e-11,5.263333e-13,2.496190e-12,2.499238e-13
132.4500,1.041311e-11,3.249573e-13,4.124139e-11,5.299311e-13,2.562332e-12,2.512466e-13
132.5000,1.114662e-11,3.337595e-13,4.074371e-11,5.259496e-13,2.532754e-12,2.506551e-13
132.5500,1.146214e-11,3.375456e-13,4.156145e-11,5.324916e-13,2.499379e-12,2.499876e-13
132.6000,1.182177e-11,3.418612e-13,4.158432e-11,5.326746e-13,2.453473e-12,2.490695e-13
132.6500,1.226372e-11,3.471646e-13,4.175513e-11,5.340410e-13,2.153715e-12,2.430743e-13
132.7000,1.257863e-11,3.509435e-13,4.103935e-11,5.283148e-13,3.032459e-12,2.606492e-13
132.7500,1.317638e-11,3.581166e-13,4.000474e-11,5.200379e-13,2.393653e-12,2.478731e-13
132.8000,1.307059e-11,3.568470e-13,4.114950e-11,5.291960e-13,2.535236e-12,2.507047e-13
132.8500,1.334999e-11,3.601998e-13,4.137980e-11,5.310384e-13,2.209979e-12,2.441996e-13
132.9000,1.399023e-11,3.678828e-13,4.149579e-11,5.319663e-13,2.630704e-12,2.526141e-13
132.9500,1.459086e-11,3.750903e-13,4.089290e-11,5.271432e-13,2.501123e-12,2.500225e-13
133.0000,1.448234e-11,3.737880e-13,4.143494e-11,5.314795e-13,2.784821e-12,2.556964e-13
133.0500,1.457417e-11,3.748901e-13,4.071347e-11,5.257077e-13,2.908711e-12,2.581742e-13
133.1000,1.458859e-11,3.750631e-13,4.172877e-11,5.338302e-13,2.787662e-12,2.557532e-13
133.1500,1.514453e-11,3.817344e-13,4.077138e-11,5.261710e-13,2.672347e-12,2.534469e-13
133.2000,1.558452e-11,3.870142e-13,4.083362e-11,5.266690e-13,2.823473e-12,2.564695e-13
133.2500,1.534760e-11,3.841713e-13,4.167269e-11,5.333815e-13,2.706656e-12,2.541331e-13
133.3000,1.571033e-11,3.885239e-13,4.138476e-11,5.310781e-13,2.936379e-12,2.587276e-13
133.3500,1.602490e-11,3.922988e-13,4.055148e-11,5.244119e-13,2.944204e-12,2.588841e-13
133.4000,1.635814e-11,3.962976e-13,4.029698e-11,5.223758e-13,2.624134e-12,2.524827e-13
133.4500,1.700830e-11,4.040996e-13,4.108157e-11,5.286526e-13,2.916263e-12,2.583253e-13
133.5000,1.671186e-11,4.005424e-13,4.125685e-11,5.300548e-13,3.114695e-12,2.622939e-13
133.5500,1.658612e-11,3.990334e-13,4.104563e-11,5.283650e-13,3.355579e-12,2.671116e-13
133.6000,1.751616e-11,4.101939e-13,4.107281e-11,5.285825e-13,2.888416e-12,2.577683e-13
133.6500,1.710895e-11,4.053074e-13,4.081177e-11,5.264942e-13,2.831671e-12,2.566334e-13
133.7000,1.736686e-11,4.084023e-13,4.112771e-11,5.290217e-13,2.829810e-12,2.565962e-13
133.7500,1.774346e-11,4.129216e-13,4.116823e-11,5.293458e-13,2.954676e-12,2.590935e-13
133.8000,1.841170e-11,4.209404e-13,4.182957e-11,5.346366e-13,3.229558e-12,2.645912e-13
133.8500,1.797838e-11,4.157406e-13,4.100058e-11,5.280046e-13,3.301537e-12,2.660307e-13
133.9000,1.808052e-11,4.169662e-13,4.079672e-11,5.263737e-13,3.189621e-12,2.637924e-13
133.9500,1.732780e-11,4.079336e-13,4.098107e-11,5.278485e-13,3.175525e-12,2.635105e-13
134.0000,1.772529e-11,4.127035e-13,4.052011e-11,5.241608e-13,3.253026e-12,2.650605e-13
134.0500,1.743349e-11,4.092019e-13,4.064687e-11,5.251750e-13,3.403658e-12,2.680732e-13
134.1000,1.633073e-11,3.959687e-13,4.052920e-11,5.242336e-13,3.306476e-12,2.661295e-13
134.1500,1.648145e-11,3.977774e-13,4.067136e-11,5.253709e-13,3.336131e-12,2.667226e-13
134.2000,1.606739e-11,3.928087e-13,4.033209e-11,5.226568e-13,3.185752e-12,2.637150e-13
134.2500,1.553866e-11,3.864639e-13,4.084940e-11,5.267952e-13,3.476361e-12,2.695272e-13
134.3000,1.550012e-11,3.860015e-13,4.129670e-11,5.303736e-13,3.443105e-12,2.688621e-13
134.3500,1.503014e-11,3.803617e-13,4.023965e-11,5.219172e-13,3.736085e-12,2.747217e-13
134.4000,1.481615e-11,3.777939e-13,4.022561e-11,5.218049e-13,3.520619e-12,2.704124e-13
134.4500,1.404013e-11,3.684815e-13,4.075033e-11,5.260027e-13,3.698413e-12,2.739683e-13
134.5000,1.414919e-11,3.697903e-13,4.045988e-11,5.236790e-13,3.656526e-12,2.731305e-13
134.5500,1.368354e-11,3.642025e-13,4.068436e-11,5.254749e-13,3.582251e-12,2.716450e-13
134.6000,1.352907e-11,3.623488e-13,4.131654e-11,5.305323e-13,3.276642e-12,2.655328e-13
134.6500,1.321840e-11,3.586208e-13,4.064141e-11,5.251313e-13,3.676872e-12,2.735374e-13
134.7000,1.245794e-11,3.494953e-13,4.021228e-11,5.216982e-13,3.532564e-12,2.706513e-13
134.7500,1.268307e-11,3.521969e-13,4.049735e-11,5.239788e-13,3.924608e-12,2.784922e-13
134.8000,1.272736e-11,3.527283e-13,4.102630e-11,5.282104e-13,3.421257e-12,2.684251e-13
134.8500,1.185071e-11,3.422085e-13,4.141619e-11,5.313295e-13,3.363774e-12,2.672755e-13
134.9000,1.182267e-11,3.418720e-13,4.073921e-11,5.259136e-13,3.918552e-12,2.783710e-13
134.9500,1.144918e-11,3.373901e-13,4.140042e-11,5.312033e-13,3.843720e-12,2.768744e-13
135.0000,1.116716e-11,3.340059e-13,4.109049e-11,5.287239e-13,3.747407e-12,2.749481e-13
135.0500,1.113100e-11,3.335720e-13,4.089277e-11,5.271421e-13,3.740363e-12,2.748073e-13
135.1000,1.114830e-11,3.337796e-13,4.119952e-11,5.295962e-13,3.542643e-12,2.708529e-13
135.1500,1.113866e-11,3.336639e-13,4.134526e-11,5.307621e-13,3.091091e-12,2.618218e-13
135.2000,1.042094e-11,3.250512e-13,4.155334e-11,5.324267e-13,3.454938e-12,2.690988e-13
135.2500,1.033968e-11,3.240761e-13,3.967981e-11,5.174385e-13,3.465960e-12,2.693192e-13
135.3000,1.034550e-11,3.241460e-13,4.092608e-11,5.274086e-13,3.389926e-12,2.677985e-13
135.3500,9.953016e-12,3.194362e-13,4.117587e-11,5.294070e-13,3.583652e-12,2.716730e-13
135.4000,9.543453e-12,3.145214e-13,4.032096e-11,5.225677e-13,3.727751e-12,2.745550e-13
135.4500,9.901511e-12,3.188181e-13,4.090416e-11,5.272333e-13,3.432345e-12,2.686469e-13
135.5000,9.592770e-12,3.151132e-13,4.057622e-11,5.246097e-13,3.805631e-12,2.761126e-13
135.5500,9.148083e-12,3.097770e-13,4.061781e-11,5.249425e-13,3.086541e-12,2.617308e-13
135.6000,9.463385e-12,3.135606e-13,4.111118e-11,5.288895e-13,3.123476e-12,2.624695e-13
135.6500,9.177940e-12,3.101353e-13,4.120543e-11,5.296435e-13,3.222397e-12,2.644479e-13
135.7000,8.769857e-12,3.052383e-13,4.115242e-11,5.292193e-13,3.436203e-12,2.687241e-13
135.7500,9.083034e-12,3.089964e-13,4.099932e-11,5.279945e-13,3.180584e-12,2.636117e-13
135.8000,8.522810e-12,3.022737e-13,4.054124e-11,5.243299e-13,3.441327e-12,2.688265e-13
135.8500,8.643384e-12,3.037206e-13,3.973338e-11,5.178670e-13,3.450467e-12,2.690093e-13
135.9000,8.659600e-12,3.039152e-13,4.056368e-11,5.245094e-13,3.385357e-12,2.677071e-13
135.9500,8.593814e-12,3.031258e-13,4.086699e-11,5.269359e-13,3.580368e-12,2.716074e-13
136.0000,8.595232e-12,3.031428e-13,4.075406e-11,5.260324e-13,3.183878e-12,2.636776e-13
136.0500,8.226553e-12,2.987186e-13,4.137193e-11,5.309754e-13,3.273932e-12,2.654786e-13
136.1000,8.265663e-12,2.991880e-13,4.155336e-11,5.324269e-13,3.702014e-12,2.740403e-13
136.1500,7.998898e-12,2.959868e-13,4.085230e-11,5.268184e-13,3.263654e-12,2.652731e-13
136.2000,8.217414e-12,2.986090e-13,4.118770e-11,5.295016e-13,3.278740e-12,2.655748e-13
136.2500,7.811358e-12,2.937363e-13,4.036355e-11,5.229084e-13,3.325880e-12,2.665176e-13
136.3000,8.090917e-12,2.970910e-13,4.086487e-11,5.269189e-13,2.881961e-12,2.576392e-13
136.3500,7.495911e-12,2.899509e-13,4.080159e-11,5.264127e-13,3.300979e-12,2.660196e-13
136.4000,7.729531e-12,2.927544e-13,4.075432e-11,5.260345e-13,3.060127e-12,2.612025e-13
136.4500,7.758580e-12,2.931030e-13,4.074310e-11,5.259448e-13,3.122536e-12,2.624507e-13
136.5000,7.543503e-12,2.905220e-13,4.010908e-11,5.208727e-13,3.108011e-12,2.621602e-13
136.5500,7.168097e-12,2.860172e-13,4.151330e-11,5.321064e-13,2.909288e-12,2.581858e-13
136.6000,7.662967e-12,2.919556e-13,4.143901e-11,5.315120e-13,2.989223e-12,2.597845e-13
136.6500,7.433515e-12,2.892022e-13,4.117226e-11,5.293781e-13,2.811744e-12,2.562349e-13
136.7000,7.296727e-12,2.875607e-13,4.075692e-11,5.260553e-13,2.755415e-12,2.551083e-13
136.7500,7.154866e-12,2.858584e-13,4.042956e-11,5.234365e-13,2.985783e-12,2.597157e-13
136.8000,7.129690e-12,2.855563e-13,4.124217e-11,5.299374e-13,3.077693e-12,2.615539e-13
136.8500,6.933890e-12,2.832067e-13,4.105528e-11,5.284422e-13,3.172244e-12,2.634449e-13
136.9000,6.961135e-12,2.835336e-13,4.150014e-11,5.320011e-13,3.046671e-12,2.609334e-13
136.9500,6.542059e-12,2.785047e-13,4.123315e-11,5.298652e-13,2.884879e-12,2.576976e-13
137.0000,6.915133e-12,2.829816e-13,4.152670e-11,5.322136e-13,2.662867e-12,2.532573e-13
137.0500,6.908509e-12,2.829021e-13,4.136798e-11,5.309438e-13,2.856419e-12,2.571284e-13
137.1000,6.957246e-12,2.834870e-13,4.090070e-11,5.272056e-13,2.657746e-12,2.531549e-13
137.1500,6.711607e-12,2.805393e-13,4.119163e-11,5.295330e-13,2.780450e-12,2.556090e-13
137.2000,6.429542e-12,2.771545e-13,4.068564e-11,5.254851e-13,2.772694e-12,2.554539e-13
137.2500,6.575319e-12,2.789038e-13,4.072531e-11,5.258025e-13,2.437336e-12,2.487467e-13
137.3000,6.499856e-12,2.779983e-13,4.146817e-11,5.317454e-13,2.773458e-12,2.554692e-13
137.3500,6.663266e-12,2.799592e-13,4.114284e-11,5.291428e-13,2.777236e-12,2.555447e-13
137.4000,7.112581e-12,2.853510e-13,4.052027e-11,5.241621e-13,2.913930e-12,2.582786e-13
137.4500,6.855552e-12,2.822666e-13,4.088341e-11,5.270672e-13,2.322391e-12,2.464478e-13
137.5000,6.498747e-12,2.779850e-13,4.096044e-11,5.276835e-13,2.940449e-12,2.588090e-13
137.5500,6.721005e-12,2.806521e-13,4.108200e-11,5.286560e-13,2.688516e-12,2.537703e-13
137.6000,6.450846e-12,2.774102e-13,4.166106e-11,5.332885e-13,2.571676e-12,2.514335e-13
137.6500,6.353279e-12,2.762394e-13,4.131198e-11,5.304958e-13,2.641152e-12,2.528230e-13
137.7000,6.061355e-12,2.727363e-13,4.134514e-11,5.307611e-13,2.606344e-12,2.521269e-13
137.7500,6.379365e-12,2.765524e-13,4.084301e-11,5.267441e-13,2.853526e-12,2.570705e-13
137.8000,6.047338e-12,2.725681e-13,4.087777e-11,5.270222e-13,3.059353e-12,2.611871e-13
137.8500,6.228587e-12,2.747430e-13,4.127147e-11,5.301718e-13,2.791743e-12,2.558349e-13
137.9000,6.424422e-12,2.770931e-13,4.089603e-11,5.271682e-13,2.723780e-12,2.544756e-13
137.9500,6.279518e-12,2.753542e-13,4.121650e-11,5.297320e-13,2.393145e-12,2.478629e-13
138.0000,6.527442e-12,2.783293e-13,4.121622e-11,5.297298e-13,2.656392e-12,2.531278e-13
138.0500,7.340322e-12,2.880839e-13,4.102188e-11,5.281750e-13,2.791639e-12,2.558328e-13
138.1000,7.887538e-12,2.946505e-13,4.146193e-11,5.316955e-13,2.356499e-12,2.471300e-13
138.1500,8.148863e-12,2.977864e-13,4.146672e-11,5.317337e-13,2.522292e-12,2.504458e-13
138.2000,8.915345e-12,3.069841e-13,4.106102e-11,5.284882e-13,2.153346e-12,2.430669e-13
138.2500,9.447400e-12,3.133688e-13,4.160688e-11,5.328551e-13,2.402734e-12,2.480547e-13
138.3000,9.878243e-12,3.185389e-13,4.048462e-11,5.238769e-13,2.226810e-12,2.445362e-13
138.3500,1.084062e-11,3.300875e-13,4.133734e-11,5.306987e-13,2.478036e-12,2.495607e-13
138.4000,1.097550e-11,3.317060e-13,4.063064e-11,5.250452e-13,2.327567e-12,2.465513e-13
138.4500,1.131921e-11,3.358305e-13,4.050547e-11,5.240437e-13,2.485904e-12,2.497181e-13
138.5000,1.166479e-11,3.399775e-13,4.091572e-11,5.273258e-13,2.622820e-12,2.524564e-13
138.5500,1.199841e-11,3.439809e-13,4.115027e-11,5.292022e-13,2.898374e-12,2.579675e-13
138.6000,1.228390e-11,3.474068e-13,4.089948e-11,5.271958e-13,2.638303e-12,2.527661e-13
138.6500,1.266336e-11,3.519603e-13,4.080960e-11,5.264768e-13,2.346466e-12,2.469293e-13
138.7000,1.288770e-11,3.546524e-13,4.092210e-11,5.273768e-13,2.811253e-12,2.562251e-13
138.7500,1.295892e-11,3.555070e-13,4.154821e-11,5.323857e-13,2.427916e-12,2.485583e-13
138.8000,1.333443e-11,3.600132e-13,4.162239e-11,5.329791e-13,2.544175e-12,2.508835e-13
138.8500,1.368200e-11,3.641840e-13,4.146172e-11,5.316938e-13,2.845346e-12,2.569069e-13
138.9000,1.377578e-11,3.653094e-13,4.159311e-11,5.327449e-13,2.956515e-12,2.591303e-13
138.9500,1.417382e-11,3.700858e-13,4.153439e-11,5.322751e-13,2.382282e-12,2.476456e-13
139.0000,1.524209e-11,3.829051e-13,4.126099e-11,5.300879e-13,2.720075e-12,2.544015e-13
139.0500,1.521764e-11,3.826117e-13,4.057045e-11,5.245636e-13,2.573213e-12,2.514643e-13
139.1000,1.542714e-11,3.851256e-13,4.078907e-11,5.263126e-13,2.725262e-12,2.545052e-13
139.1500,1.586347e-11,3.903616e-13,4.168190e-11,5.334552e-13,2.860684e-12,2.572137e-13
139.2000,1.557399e-11,3.868879e-13,4.098959e-11,5.279167e-13,2.885665e-12,2.577133e-13
139.2500,1.561920e-11,3.874304e-13,4.142627e-11,5.314102e-13,2.766762e-12,2.553352e-13
139.3000,1.622306e-11,3.946768e-13,4.117245e-11,5.293796e-13,3.018216e-12,2.603643e-13
139.3500,1.600427e-11,3.920512e-13,4.075165e-11,5.260132e-13,2.793400e-12,2.558680e-13
139.4000,1.713500e-11,4.056201e-13,4.063842e-11,5.251074e-13,3.285931e-12,2.657186e-13
139.4500,1.678138e-11,4.013765e-13,4.045779e-11,5.236623e-13,2.604433e-12,2.520887e-13
139.5000,1.651687e-11,3.982024e-13,4.107844e-11,5.286275e-13,3.028278e-12,2.605656e-13
139.5500,1.693275e-11,4.031930e-13,4.140863e-11,5.312691e-13,3.257272e-12,2.651454e-13
139.6000,1.720958e-11,4.065149e-13,4.069291e-11,5.255433e-13,3.250520e-12,2.650104e-13
139.6500,1.772034e-11,4.126440e-13,4.044299e-11,5.235439e-13,2.808528e-12,2.561706e-13
139.7000,1.734330e-11,4.081196e-13,4.154395e-11,5.323516e-13,3.346222e-12,2.669244e-13
139.7500,1.770691e-11,4.124829e-13,4.122553e-11,5.298042e-13,2.944790e-12,2.588958e-13
139.8000,1.761482e-11,4.113779e-13,4.098666e-11,5.278933e-13,3.132632e-12,2.626526e-13
139.8500,1.828964e-11,4.194756e-13,4.075276e-11,5.260221e-13,3.800970e-12,2.760194e-13
139.9000,1.863848e-11,4.236618e-13,4.029048e-11,5.223238e-13,3.298453e-12,2.659691e-13
139.9500,1.812462e-11,4.174955e-13,4.060833e-11,5.248666e-13,3.424295e-12,2.684859e-13
140.0000,1.795308e-11,4.154369e-13,4.069497e-11,5.255598e-13,3.375657e-12,2.675131e-13
140.0500,1.711250e-11,4.053500e-13,4.118743e-11,5.294995e-13,3.460778e-12,2.692156e-13
140.1000,1.724212e-11,4.069054e-13,4.070584e-11,5.256467e-13,3.716299e-12,2.743260e-13
140.1500,1.684658e-11,4.021589e-13,4.087836e-11,5.270269e-13,3.824283e-12,2.764857e-13
140.2000,1.612829e-11,3.935394e-13,4.097947e-11,5.278358e-13,3.387498e-12,2.677500e-13
140.2500,1.530300e-11,3.836360e-13,4.042982e-11,5.234386e-13,3.202881e-12,2.640576e-13
140.3000,1.508221e-11,3.809865e-13,4.091708e-11,5.273366e-13,3.786897e-12,2.757379e-13
140.3500,1.524945e-11,3.829934e-13,4.063987e-11,5.251189e-13,3.625042e-12,2.725008e-13
140.4000,1.465130e-11,3.758156e-13,4.035323e-11,5.228259e-13,3.704472e-12,2.740894e-13
140.4500,1.367132e-11,3.640559e-13,4.079859e-11,5.263887e-13,3.484190e-12,2.696838e-13
140.5000,1.414438e-11,3.697325e-13,4.094490e-11,5.275592e-13,3.486340e-12,2.697268e-13
140.5500,1.401757e-11,3.682108e-13,4.131764e-11,5.305411e-13,3.780771e-12,2.756154e-13
140.6000,1.325232e-11,3.590278e-13,4.164612e-11,5.331690e-13,3.793023e-12,2.758605e-13
140.6500,1.304147e-11,3.564976e-13,4.146827e-11,5.317462e-13,3.184446e-12,2.636889e-13
140.7000,1.270999e-11,3.525199e-13,4.000118e-11,5.200095e-13,3.543072e-12,2.708614e-13
140.7500,1.256664e-11,3.507997e-13,4.019171e-11,5.215337e-13,3.429339e-12,2.685868e-13
140.8000,1.314653e-11,3.577584e-13,4.080904e-11,5.264723e-13,3.757548e-12,2.751510e-13
140.8500,1.203037e-11,3.443645e-13,4.121426e-11,5.297141e-13,3.346117e-12,2.669223e-13
140.9000,1.201505e-11,3.441806e-13,4.023879e-11,5.219103e-13,4.016185e-12,2.803237e-13
140.9500,1.195547e-11,3.434657e-13,4.054808e-11,5.243847e-13,3.754557e-12,2.750911e-13
141.0000,1.140065e-11,3.368078e-13,4.002232e-11,5.201786e-13,3.799309e-12,2.759862e-13
141.0500,1.136651e-11,3.363982e-13,4.072164e-11,5.257731e-13,3.417201e-12,2.683440e-13
141.1000,1.136363e-11,3.363636e-13,4.096640e-11,5.277312e-13,3.545298e-12,2.709060e-13
141.1500,1.064671e-11,3.277605e-13,4.014990e-11,5.211992e-13,3.144599e-12,2.628920e-13
141.2000,1.071013e-11,3.285216e-13,4.054886e-11,5.243909e-13,3.567697e-12,2.713539e-13
141.2500,1.036239e-11,3.243487e-13,4.077102e-11,5.261682e-13,3.590988e-12,2.718198e-13
141.3000,1.011829e-11,3.214194e-13,4.036567e-11,5.229254e-13,3.703760e-12,2.740752e-13
141.3500,1.018464e-11,3.222157e-13,4.060034e-11,5.248027e-13,3.459020e-12,2.691804e-13
141.4000,1.014051e-11,3.216861e-13,4.028500e-11,5.222800e-13,3.508961e-12,2.701792e-13
141.4500,9.919543e-12,3.190345e-13,4.116730e-11,5.293384e-13,3.831531e-12,2.766306e-13
141.5000,9.999345e-12,3.199921e-13,4.008856e-11,5.207085e-13,3.204416e-12,2.640883e-13
141.5500,9.503774e-12,3.140453e-13,4.064865e-11,5.251892e-13,3.345680e-12,2.669136e-13
141.6000,9.353333e-12,3.122400e-13,4.049150e-11,5.239320e-13,3.974412e-12,2.794882e-13
141.6500,8.922927e-12,3.070751e-13,4.144781e-11,5.315825e-13,3.512873e-12,2.702575e-13
141.7000,8.809954e-12,3.057195e-13,4.022666e-11,5.218133e-13,3.557969e-12,2.711594e-13
141.7500,8.916458e-12,3.069975e-13,4.112519e-11,5.290015e-13,3.448714e-12,2.689743e-13
141.8000,9.193128e-12,3.103175e-13,4.095137e-11,5.276109e-13,3.753167e-12,2.750633e-13
141.8500,9.019824e-12,3.082379e-13,4.120671e-11,5.296537e-13,3.776650e-12,2.755330e-13
141.9000,8.253877e-12,2.990465e-13,4.059681e-11,5.247745e-13,3.572884e-12,2.714577e-13
141.9500,8.323055e-12,2.998767e-13,4.057016e-11,5.245613e-13,3.004596e-12,2.600919e-13
142.0000,8.323585e-12,2.998830e-13,4.110091e-11,5.288073e-13,3.226767e-12,2.645353e-13
142.0500,7.970434e-12,2.956452e-13,4.061696e-11,5.249356e-13,3.160126e-12,2.632025e-13
142.1000,8.119366e-12,2.974324e-13,4.071384e-11,5.257108e-13,3.294991e-12,2.658998e-13
142.1500,7.978627e-12,2.957435e-13,4.105441e-11,5.284353e-13,3.383793e-12,2.676759e-13
142.2000,8.138564e-12,2.976628e-13,4.120262e-11,5.296209e-13,3.405656e-12,2.681131e-13
142.2500,7.911492e-12,2.949379e-13,4.100050e-11,5.280040e-13,3.635940e-12,2.727188e-13
142.3000,7.611824e-12,2.913419e-13,4.107918e-11,5.286334e-13,3.099306e-12,2.619861e-13
142.3500,7.723029e-12,2.926764e-13,4.098905e-11,5.279124e-13,2.920201e-12,2.584040e-13
142.4000,7.811583e-12,2.937390e-13,4.113443e-11,5.290754e-13,2.746198e-12,2.549240e-13
142.4500,7.762943e-12,2.931553e-13,4.096811e-11,5.277449e-13,2.843021e-12,2.568604e-13
142.5000,7.513000e-12,2.901560e-13,4.133757e-11,5.307006e-13,3.132311e-12,2.626462e-13
142.5500,7.591706e-12,2.911005e-13,4.041594e-11,5.233276e-13,3.206114e-12,2.641223e-13
142.6000,6.982547e-12,2.837906e-13,4.193667e-11,5.354933e-13,3.173028e-12,2.634606e-13
142.6500,7.479715e-12,2.897566e-13,4.052774e-11,5.242220e-13,2.891598e-12,2.578320e-13
142.7000,7.125615e-12,2.855074e-13,4.084773e-11,5.267819e-13,3.265805e-12,2.653161e-13
142.7500,7.150698e-12,2.858084e-13,4.066050e-11,5.252840e-13,3.178515e-12,2.635703e-13
142.8000,6.687877e-12,2.802545e-13,4.089841e-11,5.271873e-13,3.147288e-12,2.629458e-13
142.8500,6.829814e-12,2.819578e-13,4.123897e-11,5.299118e-13,2.937654e-12,2.587531e-13
142.9000,7.253153e-12,2.870378e-13,4.131827e-11,5.305462e-13,2.834096e-12,2.566819e-13
142.9500,6.846693e-12,2.821603e-13,4.089154e-11,5.271324e-13,2.998489e-12,2.599698e-13
143.0000,7.148034e-12,2.857764e-13,4.177066e-11,5.341653e-13,2.983570e-12,2.596714e-13
143.0500,6.770172e-12,2.812421e-13,4.088616e-11,5.270893e-13,2.800036e-12,2.560007e-13
143.1000,6.924714e-12,2.830966e-13,4.062327e-11,5.249862e-13,2.476830e-12,2.495366e-13
143.1500,6.966356e-12,2.835963e-13,4.086501e-11,5.269201e-13,2.844396e-12,2.568879e-13
143.2000,6.801206e-12,2.816145e-13,4.060447e-11,5.248357e-13,3.182192e-12,2.636438e-13
143.2500,6.800919e-12,2.816110e-13,4.135963e-11,5.308771e-13,2.668625e-12,2.533725e-13
143.3000,6.579437e-12,2.789532e-13,4.052294e-11,5.241835e-13,2.633763e-12,2.526753e-13
143.3500,6.287752e-12,2.754530e-13,4.129118e-11,5.303294e-13,2.287666e-12,2.457533e-13
143.4000,6.452746e-12,2.774329e-13,4.097287e-11,5.277830e-13,2.438598e-12,2.487720e-13
143.4500,6.146157e-12,2.737539e-13,4.109503e-11,5.287602e-13,2.999646e-12,2.599929e-13
143.5000,6.687554e-12,2.802506e-13,4.104137e-11,5.283310e-13,2.592165e-12,2.518433e-13
143.5500,6.179505e-12,2.741541e-13,4.178766e-11,5.343013e-13,3.061579e-12,2.612316e-13
143.6000,6.414501e-12,2.769740e-13,4.144667e-11,5.315733e-13,2.250785e-12,2.450157e-13
143.6500,6.812803e-12,2.817536e-13,4.118098e-11,5.294478e-13,2.701807e-12,2.540361e-13
143.7000,6.470789e-12,2.776495e-13,4.092066e-11,5.273653e-13,2.423256e-12,2.484651e-13
143.7500,6.601368e-12,2.792164e-13,4.046059e-11,5.236848e-13,2.673535e-12,2.534707e-13
143.8000,6.609870e-12,2.793184e-13,4.099299e-11,5.279439e-13,2.527998e-12,2.505600e-13
143.8500,6.299509e-12,2.755941e-13,4.090034e-11,5.272027e-13,2.504520e-12,2.500904e-13
143.9000,6.399893e-12,2.767987e-13,4.098284e-11,5.278627e-13,2.811575e-12,2.562315e-13
143.9500,6.533778e-12,2.784053e-13,4.119005e-11,5.295204e-13,2.729528e-12,2.545906e-13
144.0000,6.439109e-12,2.772693e-13,4.083963e-11,5.267171e-13,2.628569e-12,2.525714e-13
144.0500,7.084450e-12,2.850134e-13,4.063461e-11,5.250769e-13,2.448580e-12,2.489716e-13
144.1000,7.802985e-12,2.936358e-13,4.138176e-11,5.310541e-13,2.351191e-12,2.470238e-13
144.1500,8.609133e-12,3.033096e-13,4.144279e-11,5.315423e-13,2.671438e-12,2.534288e-13
144.2000,8.889188e-12,3.066703e-13,4.092964e-11,5.274371e-13,2.570277e-12,2.514055e-13
144.2500,8.949570e-12,3.073948e-13,4.113414e-11,5.290731e-13,2.002125e-12,2.400425e-13
144.3000,9.709405e-12,3.165129e-13,4.196315e-11,5.357052e-13,2.219863e-12,2.443973e-13
144.3500,1.000955e-11,3.201146e-13,4.124220e-11,5.299376e-13,2.174770e-12,2.434954e-13
144.4000,1.074097e-11,3.288917e-13,4.136892e-11,5.309513e-13,2.764107e-12,2.552821e-13
144.4500,1.051600e-11,3.261920e-13,4.075096e-11,5.260077e-13,2.994471e-12,2.598894e-13
144.5000,1.113105e-11,3.335726e-13,4.085062e-11,5.268049e-13,2.688524e-12,2.537705e-13
144.5500,1.189025e-11,3.426830e-13,4.094999e-11,5.275999e-13,2.495712e-12,2.499142e-13
144.6000,1.186708e-11,3.424050e-13,4.119232e-11,5.295386e-13,2.585833e-12,2.517167e-13
144.6500,1.234035e-11,3.480843e-13,4.145611e-11,5.316489e-13,2.321039e-12,2.464208e-13
144.7000,1.276783e-11,3.532140e-13,4.143586e-11,5.314869e-13,2.691895e-12,2.538379e-13
144.7500,1.289283e-11,3.547139e-13,4.122781e-11,5.298224e-13,2.741222e-12,2.548244e-13
144.8000,1.348341e-11,3.618009e-13,4.167531e-11,5.334025e-13,2.724033e-12,2.544807e-13
144.8500,1.366924e-11,3.640309e-13,4.110029e-11,5.288023e-13,2.585532e-12,2.517106e-13
144.9000,1.410612e-11,3.692735e-13,4.123546e-11,5.298837e-13,2.610509e-12,2.522102e-13
144.9500,1.432351e-11,3.718821e-13,4.072150e-11,5.257720e-13,2.671580e-12,2.534316e-13
145.0000,1.469933e-11,3.763920e-13,4.062119e-11,5.249695e-13,3.178844e-12,2.635769e-13
145.0500,1.504793e-11,3.805751e-13,4.154638e-11,5.323711e-13,2.796923e-12,2.559385e-13
145.1000,1.497900e-11,3.797481e-13,4.155334e-11,5.324268e-13,2.660592e-12,2.532118e-13
145.1500,1.572557e-11,3.887069e-13,4.107547e-11,5.286037e-13,2.972151e-12,2.594430e-13
145.2000,1.549623e-11,3.859548e-13,4.115311e-11,5.292249e-13,3.112450e-12,2.622490e-13
145.2500,1.534786e-11,3.841743e-13,4.107302e-11,5.285841e-13,3.153199e-12,2.630640e-13
145.3000,1.621632e-11,3.945959e-13,4.181926e-11,5.345541e-13,3.189211e-12,2.637842e-13
145.3500,1.597043e-11,3.916451e-13,4.016047e-11,5.212838e-13,3.322037e-12,2.664407e-13
145.4000,1.683554e-11,4.020265e-13,4.077799e-11,5.262239e-13,2.995997e-12,2.599199e-13
145.4500,1.666131e-11,3.999357e-13,4.114115e-11,5.291292e-13,2.606276e-12,2.521255e-13
145.5000,1.704339e-11,4.045207e-13,4.058390e-11,5.246712e-13,2.975000e-12,2.595000e-13
145.5500,1.658522e-11,3.990227e-13,4.086713e-11,5.269371e-13,2.805413e-12,2.561083e-13
145.6000,1.720753e-11,4.064903e-13,4.105134e-11,5.284107e-13,3.229217e-12,2.645843e-13
145.6500,1.709642e-11,4.051570e-13,4.067591e-11,5.254073e-13,3.195995e-12,2.639199e-13
145.7000,1.786136e-11,4.143364e-13,4.114134e-11,5.291307e-13,3.524214e-12,2.704843e-13
145.7500,1.776992e-11,4.132390e-13,4.032559e-11,5.226047e-13,3.327583e-12,2.665517e-13
145.8000,1.801703e-11,4.162043e-13,4.058191e-11,5.246553e-13,3.507350e-12,2.701470e-13
145.8500,1.785906e-11,4.143087e-13,4.027722e-11,5.222178e-13,3.003242e-12,2.600648e-13
145.9000,1.831731e-11,4.198077e-13,4.114851e-11,5.291881e-13,3.504166e-12,2.700833e-13
145.9500,1.884233e-11,4.261079e-13,4.044440e-11,5.235552e-13,3.470326e-12,2.694065e-13
146.0000,1.828048e-11,4.193657e-13,4.014421e-11,5.211536e-13,3.508275e-12,2.701655e-13
146.0500,1.895030e-11,4.274036e-13,4.165873e-11,5.332698e-13,3.240197e-12,2.648039e-13
146.1000,1.889991e-11,4.267990e-13,4.117482e-11,5.293986e-13,3.197522e-12,2.639504e-13
146.1500,1.875807e-11,4.250969e-13,4.046923e-11,5.237539e-13,3.626864e-12,2.725373e-13
146.2000,1.917876e-11,4.301451e-13,4.077043e-11,5.261634e-13,3.533640e-12,2.706728e-13
146.2500,1.929575e-11,4.315490e-13,4.144607e-11,5.315685e-13,3.632198e-12,2.726440e-13
146.3000,1.957167e-11,4.348600e-13,4.138280e-11,5.310624e-13,4.219621e-12,2.843924e-13
146.3500,1.885226e-11,4.262272e-13,4.089432e-11,5.271546e-13,3.894084e-12,2.778817e-13
146.4000,1.980760e-11,4.376912e-13,4.028648e-11,5.222918e-13,3.508842e-12,2.701768e-13
146.4500,1.926921e-11,4.312305e-13,4.067643e-11,5.254114e-13,3.907958e-12,2.781592e-13
146.5000,1.953041e-11,4.343649e-13,4.058888e-11,5.247111e-13,3.919516e-12,2.783903e-13
146.5500,2.030135e-11,4.436162e-13,3.996171e-11,5.196937e-13,4.254023e-12,2.850805e-13
146.6000,1.987071e-11,4.384485e-13,4.100756e-11,5.280605e-13,4.026260e-12,2.805252e-13
146.6500,1.976167e-11,4.371400e-13,4.028805e-11,5.223044e-13,3.525483e-12,2.705097e-13
146.7000,1.994497e-11,4.393396e-13,4.029430e-11,5.223544e-13,3.965000e-12,2.793000e-13
146.7500,2.015898e-11,4.419078e-13,4.033438e-11,5.226750e-13,4.069301e-12,2.813860e-13
146.8000,2.032015e-11,4.438418e-13,4.044286e-11,5.235429e-13,3.975783e-12,2.795157e-13
146.8500,1.997428e-11,4.396914e-13,4.076574e-11,5.261259e-13,4.504192e-12,2.900838e-13
146.9000,1.993154e-11,4.391785e-13,4.139859e-11,5.311887e-13,4.143605e-12,2.828721e-13
146.9500,1.991886e-11,4.390264e-13,4.118415e-11,5.294732e-13,4.037662e-12,2.807532e-13
147.0000,2.040168e-11,4.448202e-13,4.062057e-11,5.249646e-13,4.427079e-12,2.885416e-13
147.0500,2.077651e-11,4.493181e-13,4.053301e-11,5.242641e-13,3.950242e-12,2.790048e-13
147.1000,1.998326e-11,4.397991e-13,4.017514e-11,5.214011e-13,4.287851e-12,2.857570e-13
147.1500,2.041130e-11,4.449356e-13,4.086501e-11,5.269200e-13,4.343030e-12,2.868606e-13
147.2000,2.045737e-11,4.454884e-13,4.094819e-11,5.275855e-13,4.437678e-12,2.887536e-13
147.2500,1.968416e-11,4.362099e-13,4.071568e-11,5.257254e-13,4.021545e-12,2.804309e-13
147.3000,2.006916e-11,4.408299e-13,4.015267e-11,5.212213e-13,4.275287e-12,2.855057e-13
147.3500,2.066682e-11,4.480018e-13,4.050216e-11,5.240173e-13,3.874674e-12,2.774935e-13
147.4000,2.063386e-11,4.476063e-13,4.065603e-11,5.252482e-13,4.384498e-12,2.876900e-13
147.4500,2.021100e-11,4.425319e-13,3.983206e-11,5.186565e-13,4.510950e-12,2.902190e-13
147.5000,2.046051e-11,4.455261e-13,4.055506e-11,5.244404e-13,4.295474e-12,2.859095e-13
147.5500,2.090774e-11,4.508929e-13,4.004053e-11,5.203242e-13,4.256886e-12,2.851377e-13
147.6000,2.048487e-11,4.458184e-13,4.014138e-11,5.211310e-13,4.690978e-12,2.938196e-13
147.6500,2.114338e-11,4.537206e-13,4.056965e-11,5.245572e-13,4.713373e-12,2.942675e-13
147.7000,2.078964e-11,4.494757e-13,3.987511e-11,5.190009e-13,4.685856e-12,2.937171e-13
147.7500,2.071588e-11,4.485906e-13,4.049417e-11,5.239534e-13,4.722119e-12,2.944424e-13
147.8000,2.109338e-11,4.531205e-13,4.013854e-11,5.211083e-13,4.840227e-12,2.968045e-13
147.8500,2.055831e-11,4.466998e-13,3.982817e-11,5.186254e-13,5.246324e-12,3.049265e-13
147.9000,2.088370e-11,4.506044e-13,3.981211e-11,5.184969e-13,5.011202e-12,3.002240e-13
147.9500,2.102534e-11,4.523040e-13,4.008062e-11,5.206450e-13,4.943013e-12,2.988603e-13
148.0000,2.062398e-11,4.474878e-13,3.974814e-11,5.179851e-13,4.868694e-12,2.973739e-13
148.0500,1.947550e-11,4.337060e-13,4.021792e-11,5.217434e-13,4.825402e-12,2.965080e-13
148.1000,1.951551e-11,4.341861e-13,4.015301e-11,5.212241e-13,5.013124e-12,3.002625e-13
148.1500,1.912556e-11,4.295067e-13,3.987318e-11,5.189855e-13,5.033022e-12,3.006604e-13
148.2000,1.837074e-11,4.204489e-13,4.039040e-11,5.231232e-13,4.818122e-12,2.963624e-13
148.2500,1.794290e-11,4.153148e-13,4.024715e-11,5.219772e-13,5.211178e-12,3.042236e-13
148.3000,1.772640e-11,4.127168e-13,3.997207e-11,5.197766e-13,5.145737e-12,3.029147e-13
148.3500,1.693775e-11,4.032530e-13,3.968090e-11,5.174472e-13,5.103975e-12,3.020795e-13
148.4000,1.679904e-11,4.015885e-13,4.035607e-11,5.228485e-13,5.035699e-12,3.007140e-13
148.4500,1.606176e-11,3.927411e-13,4.079674e-11,5.263739e-13,4.456636e-12,2.891327e-13
148.5000,1.635020e-11,3.962024e-13,4.021425e-11,5.217140e-13,5.171402e-12,3.034280e-13
148.5500,1.565698e-11,3.878838e-13,4.026383e-11,5.221106e-13,5.361517e-12,3.072303e-13
148.6000,1.523923e-11,3.828707e-13,3.987113e-11,5.189690e-13,5.332672e-12,3.066534e-13
148.6500,1.513299e-11,3.815959e-13,4.011016e-11,5.208813e-13,5.135889e-12,3.027178e-13
148.7000,1.396297e-11,3.675557e-13,4.089592e-11,5.271674e-13,4.962259e-12,2.992452e-13
148.7500,1.419058e-11,3.702869e-13,4.074030e-11,5.259224e-13,4.988292e-12,2.997658e-13
148.8000,1.414992e-11,3.697991e-13,4.055059e-11,5.244047e-13,4.832221e-12,2.966444e-13
148.8500,1.414881e-11,3.697857e-13,4.006656e-11,5.205325e-13,4.581344e-12,2.916269e-13
148.9000,1.329320e-11,3.595184e-13,4.041920e-11,5.233536e-13,4.891636e-12,2.978327e-13
148.9500,1.310812e-11,3.572974e-13,3.995502e-11,5.196402e-13,4.873061e-12,2.974612e-13
149.0000,1.261171e-11,3.513406e-13,4.011646e-11,5.209317e-13,4.870928e-12,2.974186e-13
149.0500,1.240390e-11,3.488468e-13,3.998027e-11,5.198421e-13,5.006220e-12,3.001244e-13
149.1000,1.263836e-11,3.516603e-13,4.027616e-11,5.222093e-13,4.992967e-12,2.998593e-13
149.1500,1.216686e-11,3.460023e-13,4.015168e-11,5.212134e-13,4.939624e-12,2.987925e-13
149.2000,1.209433e-11,3.451319e-13,4.042332e-11,5.233866e-13,4.482054e-12,2.896411e-13
149.2500,1.170550e-11,3.404660e-13,4.055194e-11,5.244155e-13,4.987587e-12,2.997517e-13
149.3000,1.173067e-11,3.407680e-13,4.034516e-11,5.227613e-13,4.964597e-12,2.992919e-13
149.3500,1.120719e-11,3.344863e-13,4.158114e-11,5.326491e-13,4.844013e-12,2.968803e-13
149.4000,1.100370e-11,3.320443e-13,4.077965e-11,5.262372e-13,4.535070e-12,2.907014e-13
149.4500,1.078265e-11,3.293917e-13,4.030602e-11,5.224481e-13,4.688672e-12,2.937734e-13
149.5000,1.077057e-11,3.292469e-13,4.038675e-11,5.230940e-13,4.566983e-12,2.913397e-13
149.5500,1.049044e-11,3.258853e-13,3.994921e-11,5.195937e-13,4.872980e-12,2.974596e-13
149.6000,1.003980e-11,3.204776e-13,4.026580e-11,5.221264e-13,4.882536e-12,2.976507e-13
149.6500,9.394280e-12,3.127314e-13,4.013120e-11,5.210496e-13,5.022697e-12,3.004539e-13
149.7000,1.002755e-11,3.203306e-13,4.044799e-11,5.235839e-13,4.168066e-12,2.833613e-13
149.7500,9.887004e-12,3.186440e-13,4.063818e-11,5.251054e-13,4.055921e-12,2.811184e-13
149.8000,9.499776e-12,3.139973e-13,4.127642e-11,5.302114e-13,4.282869e-12,2.856574e-13
149.8500,9.118031e-12,3.094164e-13,4.037679e-11,5.230143e-13,4.459235e-12,2.891847e-13
149.9000,9.287610e-12,3.114513e-13,4.099211e-11,5.279369e-13,4.223746e-12,2.844749e-13
149.9500,8.914486e-12,3.069738e-13,3.909650e-11,5.127720e-13,4.509795e-12,2.901959e-13
150.0000,9.816942e-12,3.178033e-13,4.009376e-11,5.207501e-13,4.119754e-12,2.823951e-13
150.0500,1.003877e-11,3.204652e-13,4.035596e-11,5.228476e-13,4.610733e-12,2.922147e-13
150.1000,1.062209e-11,3.274651e-13,4.022104e-11,5.217684e-13,4.145695e-12,2.829139e-13
150.1500,1.118413e-11,3.342095e-13,4.097985e-11,5.278388e-13,4.527024e-12,2.905405e-13
150.2000,1.167946e-11,3.401535e-13,4.085547e-11,5.268437e-13,4.388749e-12,2.877750e-13
150.2500,1.184057e-11,3.420868e-13,4.100379e-11,5.280303e-13,4.260328e-12,2.852066e-13
150.3000,1.217347e-11,3.460817e-13,4.021007e-11,5.216805e-13,3.975826e-12,2.795165e-13
150.3500,1.279133e-11,3.534959e-13,4.109132e-11,5.287306e-13,4.203940e-12,2.840788e-13
150.4000,1.274310e-11,3.529172e-13,4.034597e-11,5.227677e-13,4.092511e-12,2.818502e-13
150.4500,1.339060e-11,3.606872e-13,4.077999e-11,5.262400e-13,4.191877e-12,2.838375e-13
150.5000,1.311320e-11,3.573584e-13,4.010081e-11,5.208065e-13,3.914142e-12,2.782828e-13
150.5500,1.442769e-11,3.731323e-13,4.062732e-11,5.250186e-13,4.039759e-12,2.807952e-13
150.6000,1.376261e-11,3.651513e-13,4.029740e-11,5.223792e-13,4.032410e-12,2.806482e-13
150.6500,1.384598e-11,3.661517e-13,4.082169e-11,5.265736e-13,4.238417e-12,2.847683e-13
150.7000,1.462818e-11,3.755382e-13,4.019660e-11,5.215728e-13,4.505711e-12,2.901142e-13
150.7500,1.478752e-11,3.774503e-13,4.066262e-11,5.253010e-13,3.941817e-12,2.788363e-13
150.8000,1.494985e-11,3.793982e-13,4.071156e-11,5.256924e-13,4.259454e-12,2.851891e-13
150.8500,1.572559e-11,3.887070e-13,4.025822e-11,5.220658e-13,4.305913e-12,2.861183e-13
150.9000,1.571763e-11,3.886116e-13,4.104287e-11,5.283430e-13,4.186513e-12,2.837303e-13
150.9500,1.581469e-11,3.897763e-13,3.977337e-11,5.181870e-13,4.178777e-12,2.835755e-13
151.0000,1.610335e-11,3.932403e-13,4.045109e-11,5.236087e-13,4.200742e-12,2.840148e-13
151.0500,1.627881e-11,3.953457e-13,4.057855e-11,5.246284e-13,4.504829e-12,2.900966e-13
151.1000,1.624741e-11,3.949690e-13,4.080255e-11,5.264204e-13,4.395567e-12,2.879113e-13
151.1500,1.733073e-11,4.079688e-13,4.080156e-11,5.264124e-13,4.507596e-12,2.901519e-13
151.2000,1.713375e-11,4.056050e-13,4.094929e-11,5.275943e-13,4.234370e-12,2.846874e-13
151.2500,1.643597e-11,3.972316e-13,4.095130e-11,5.276104e-13,4.351889e-12,2.870378e-13
151.3000,1.741474e-11,4.089768e-13,4.065063e-11,5.252050e-13,4.610416e-12,2.922083e-13
151.3500,1.770837e-11,4.125005e-13,4.075858e-11,5.260687e-13,4.504356e-12,2.900871e-13
151.4000,1.758855e-11,4.110626e-13,4.037899e-11,5.230319e-13,4.379910e-12,2.875982e-13
151.4500,1.769178e-11,4.123013e-13,4.035479e-11,5.228383e-13,4.431550e-12,2.886310e-13
151.5000,1.760584e-11,4.112701e-13,4.025292e-11,5.220234e-13,4.165449e-12,2.833090e-13
151.5500,1.793784e-11,4.152541e-13,4.023986e-11,5.219189e-13,4.306175e-12,2.861235e-13
151.6000,1.852809e-11,4.223370e-13,4.007834e-11,5.206268e-13,4.400321e-12,2.880064e-13
151.6500,1.820940e-11,4.185128e-13,4.058922e-11,5.247138e-13,4.457582e-12,2.891516e-13
151.7000,1.816000e-11,4.179200e-13,4.083643e-11,5.266915e-13,4.689995e-12,2.937999e-13
151.7500,1.860023e-11,4.232028e-13,4.021738e-11,5.217391e-13,4.636910e-12,2.927382e-13
151.8000,1.819527e-11,4.183432e-13,4.074801e-11,5.259841e-13,4.443700e-12,2.888740e-13
151.8500,1.883818e-11,4.260581e-13,3.945617e-11,5.156494e-13,4.535891e-12,2.907178e-13
151.9000,1.913308e-11,4.295970e-13,4.032659e-11,5.226127e-13,4.849973e-12,2.969995e-13
151.9500,1.929147e-11,4.314976e-13,3.970722e-11,5.176578e-13,4.388370e-12,2.877674e-13
152.0000,1.906444e-11,4.287733e-13,4.029143e-11,5.223315e-13,4.563115e-12,2.912623e-13
152.0500,1.935343e-11,4.322412e-13,3.971886e-11,5.177509e-13,4.900938e-12,2.980188e-13
152.1000,1.959500e-11,4.351400e-13,4.060184e-11,5.248147e-13,4.917909e-12,2.983582e-13
152.1500,1.950970e-11,4.341165e-13,3.992988e-11,5.194390e-13,4.575668e-12,2.915134e-13
152.2000,1.955835e-11,4.347002e-13,4.024891e-11,5.219912e-13,4.348939e-12,2.869788e-13
152.2500,1.945804e-11,4.334965e-13,4.043553e-11,5.234843e-13,4.936242e-12,2.987248e-13
152.3000,1.940405e-11,4.328487e-13,4.099172e-11,5.279338e-13,4.542609e-12,2.908522e-13
152.3500,1.963928e-11,4.356714e-13,4.016565e-11,5.213252e-13,4.910671e-12,2.982134e-13
152.4000,2.002944e-11,4.403533e-13,4.028059e-11,5.222447e-13,4.717433e-12,2.943487e-13
152.4500,1.972480e-11,4.366976e-13,4.006015e-11,5.204812e-13,5.118998e-12,3.023800e-13
152.5000,2.014309e-11,4.417170e-13,4.002419e-11,5.201936e-13,4.709033e-12,2.941807e-13
152.5500,1.936107e-11,4.323328e-13,3.975850e-11,5.180680e-13,4.918095e-12,2.983619e-13
152.6000,2.003987e-11,4.404784e-13,4.033053e-11,5.226442e-13,4.932521e-12,2.986504e-13
152.6500,2.004904e-11,4.405884e-13,3.976562e-11,5.181250e-13,5.235493e-12,3.047099e-13
152.7000,2.026597e-11,4.431917e-13,3.998470e-11,5.198776e-13,5.419908e-12,3.083982e-13
152.7500,2.049537e-11,4.459445e-13,3.986059e-11,5.188848e-13,4.813592e-12,2.962718e-13
152.8000,2.030281e-11,4.436337e-13,4.060058e-11,5.248047e-13,5.195714e-12,3.039143e-13
152.8500,2.107533e-11,4.529039e-13,4.038470e-11,5.230776e-13,5.154821e-12,3.030964e-13
152.9000,2.076715e-11,4.492058e-13,4.022002e-11,5.217601e-13,5.181701e-12,3.036340e-13
152.9500,2.137170e-11,4.564604e-13,3.997415e-11,5.197932e-13,5.233655e-12,3.046731e-13
153.0000,2.056984e-11,4.468380e-13,4.004300e-11,5.203440e-13,5.170356e-12,3.034071e-13
153.0500,2.055976e-11,4.467171e-13,4.038856e-11,5.231085e-13,5.111659e-12,3.022332e-13
153.1000,2.072834e-11,4.487400e-13,4.085100e-11,5.268080e-13,5.290071e-12,3.058014e-13
153.1500,2.084287e-11,4.501144e-13,4.049841e-11,5.239873e-13,4.968406e-12,2.993681e-13
153.2000,2.113016e-11,4.535619e-13,4.036864e-11,5.229492e-13,5.158004e-12,3.031601e-13
153.2500,2.054885e-11,4.465862e-13,4.056413e-11,5.245130e-13,5.355976e-12,3.071195e-13
153.3000,2.073792e-11,4.488550e-13,4.056798e-11,5.245438e-13,5.465521e-12,3.093104e-13
153.3500,2.070001e-11,4.484002e-13,3.997986e-11,5.198388e-13,5.252687e-12,3.050537e-13
153.4000,2.096050e-11,4.515259e-13,3.967224e-11,5.173779e-13,5.464790e-12,3.092958e-13
153.4500,2.076771e-11,4.492125e-13,4.040100e-11,5.232080e-13,5.714144e-12,3.142829e-13
153.5000,2.072209e-11,4.486650e-13,4.010141e-11,5.208113e-13,5.671646e-12,3.134329e-13
153.5500,2.113886e-11,4.536663e-13,4.052713e-11,5.242171e-13,5.275177e-12,3.055035e-13
153.6000,2.118462e-11,4.542155e-13,3.930904e-11,5.144723e-13,5.614062e-12,3.122812e-13
153.6500,2.139073e-11,4.566888e-13,4.020341e-11,5.216273e-13,5.228726e-12,3.045745e-13
153.7000,2.102859e-11,4.523431e-13,4.092288e-11,5.273831e-13,5.581881e-12,3.116376e-13
153.7500,2.111599e-11,4.533918e-13,4.027318e-11,5.221855e-13,5.317802e-12,3.063560e-13
153.8000,2.119079e-11,4.542895e-13,3.957524e-11,5.166019e-13,5.301227e-12,3.060245e-13
153.8500,2.074422e-11,4.489307e-13,3.944020e-11,5.155216e-13,5.559259e-12,3.111852e-13
153.9000,2.099335e-11,4.519202e-13,4.073661e-11,5.258929e-13,5.570382e-12,3.114076e-13
153.9500,2.198559e-11,4.638271e-13,4.017856e-11,5.214285e-13,5.527756e-12,3.105551e-13
154.0000,2.045418e-11,4.454502e-13,3.990925e-11,5.192740e-13,5.746416e-12,3.149283e-13
154.0500,2.024213e-11,4.429055e-13,4.014417e-11,5.211534e-13,5.750891e-12,3.150178e-13
154.1000,1.944366e-11,4.333239e-13,3.970863e-11,5.176690e-13,5.279658e-12,3.055932e-13
154.1500,1.937513e-11,4.325015e-13,4.095699e-11,5.276559e-13,5.622773e-12,3.124555e-13
154.2000,1.882425e-11,4.258910e-13,4.067915e-11,5.254332e-13,5.185954e-12,3.037191e-13
154.2500,1.803335e-11,4.164002e-13,4.002190e-11,5.201752e-13,5.711728e-12,3.142346e-13
154.3000,1.804881e-11,4.165857e-13,4.013506e-11,5.210805e-13,6.308321e-12,3.261664e-13
154.3500,1.752869e-11,4.103443e-13,4.016368e-11,5.213095e-13,5.659343e-12,3.131869e-13
154.4000,1.746122e-11,4.095347e-13,4.033975e-11,5.227180e-13,5.695467e-12,3.139093e-13
154.4500,1.654810e-11,3.985772e-13,3.959155e-11,5.167324e-13,5.543824e-12,3.108765e-13
154.5000,1.674713e-11,4.009656e-13,4.086203e-11,5.268963e-13,5.186712e-12,3.037342e-13
154.5500,1.563892e-11,3.876671e-13,3.966854e-11,5.173483e-13,5.672122e-12,3.134424e-13
154.6000,1.542470e-11,3.850964e-13,4.069327e-11,5.255462e-13,5.909126e-12,3.181825e-13
154.6500,1.493189e-11,3.791827e-13,4.028086e-11,5.222469e-13,5.365626e-12,3.073125e-13
154.7000,1.495087e-11,3.794105e-13,3.977968e-11,5.182374e-13,5.470261e-12,3.094052e-13
154.7500,1.453997e-11,3.744797e-13,3.954814e-11,5.163851e-13,5.805982e-12,3.161196e-13
154.8000,1.387858e-11,3.665429e-13,3.961508e-11,5.169206e-13,5.769732e-12,3.153946e-13
154.8500,1.400053e-11,3.680064e-13,3.961657e-11,5.169326e-13,5.570530e-12,3.114106e-13
154.9000,1.321772e-11,3.586126e-13,4.014388e-11,5.211511e-13,5.516502e-12,3.103300e-13
154.9500,1.308406e-11,3.570087e-13,3.948974e-11,5.159179e-13,5.449338e-12,3.089868e-13
155.0000,1.300377e-11,3.560452e-13,4.006098e-11,5.204879e-13,5.310143e-12,3.062029e-13
155.0500,1.312605e-11,3.575126e-13,3.974881e-11,5.179905e-13,5.616494e-12,3.123299e-13
155.1000,1.227812e-11,3.473375e-13,4.068154e-11,5.254523e-13,5.583830e-12,3.116766e-13
155.1500,1.206153e-11,3.447384e-13,4.025177e-11,5.220141e-13,5.613798e-12,3.122760e-13
155.2000,1.166464e-11,3.399757e-13,4.033385e-11,5.226708e-13,5.369357e-12,3.073871e-13
155.2500,1.164310e-11,3.397172e-13,3.972773e-11,5.178218e-13,5.288653e-12,3.057731e-13
155.3000,1.131379e-11,3.357655e-13,4.038545e-11,5.230836e-13,5.367536e-12,3.073507e-13
155.3500,1.133418e-11,3.360102e-13,4.021000e-11,5.216800e-13,5.569742e-12,3.113948e-13
155.4000,1.134236e-11,3.361083e-13,4.054982e-11,5.243985e-13,5.106845e-12,3.021369e-13
155.4500,1.073912e-11,3.288695e-13,3.977321e-11,5.181857e-13,5.120164e-12,3.024033e-13
155.5000,1.077660e-11,3.293192e-13,4.053339e-11,5.242671e-13,4.952997e-12,2.990599e-13
155.5500,1.012279e-11,3.214735e-13,4.034638e-11,5.227711e-13,5.034278e-12,3.006856e-13
155.6000,1.069104e-11,3.282924e-13,3.933138e-11,5.146511e-13,4.753044e-12,2.950609e-13
155.6500,1.004266e-11,3.205120e-13,4.005445e-11,5.204356e-13,5.099229e-12,3.019846e-13
155.7000,9.570088e-12,3.148411e-13,4.012150e-11,5.209720e-13,4.851482e-12,2.970296e-13
155.7500,9.560697e-12,3.147284e-13,4.051577e-11,5.241261e-13,5.014329e-12,3.002866e-13
155.8000,9.813986e-12,3.177678e-13,4.013020e-11,5.210416e-13,4.949932e-12,2.989986e-13
155.8500,9.020035e-12,3.082404e-13,3.978118e-11,5.182495e-13,4.831742e-12,2.966348e-13
155.9000,9.176031e-12,3.101124e-13,4.002246e-11,5.201796e-13,4.423663e-12,2.884733e-13
155.9500,9.654275e-12,3.158513e-13,4.006778e-11,5.205423e-13,4.558889e-12,2.911778e-13
156.0000,9.546004e-12,3.145520e-13,4.039863e-11,5.231890e-13,4.711229e-12,2.942246e-13
156.0500,1.009930e-11,3.211916e-13,3.973547e-11,5.178838e-13,4.734156e-12,2.946831e-13
156.1000,1.037826e-11,3.245391e-13,4.041781e-11,5.233425e-13,4.996779e-12,2.999356e-13
156.1500,1.087067e-11,3.304481e-13,4.082286e-11,5.265829e-13,4.834569e-12,2.966914e-13
156.2000,1.101358e-11,3.321630e-13,3.980098e-11,5.184079e-13,4.708822e-12,2.941764e-13
156.2500,1.159744e-11,3.391692e-13,4.063745e-11,5.250996e-13,4.668158e-12,2.933632e-13
156.3000,1.207286e-11,3.448743e-13,4.066535e-11,5.253228e-13,4.611321e-12,2.922264e-13
156.3500,1.195866e-11,3.435039e-13,4.139245e-11,5.311396e-13,4.460393e-12,2.892079e-13
156.4000,1.284660e-11,3.541592e-13,3.977512e-11,5.182009e-13,4.652520e-12,2.930504e-13
156.4500,1.282112e-11,3.538535e-13,4.039494e-11,5.231595e-13,4.724212e-12,2.944842e-13
156.5000,1.366285e-11,3.639542e-13,3.993361e-11,5.194689e-13,4.682521e-12,2.936504e-13
156.5500,1.375269e-11,3.650323e-13,4.053625e-11,5.242900e-13,4.361201e-12,2.872240e-13
156.6000,1.424770e-11,3.709724e-13,4.029491e-11,5.223593e-13,4.841773e-12,2.968355e-13
156.6500,1.400777e-11,3.680932e-13,4.084261e-11,5.267409e-13,4.525987e-12,2.905197e-13
156.7000,1.443493e-11,3.732191e-13,3.968347e-11,5.174678e-13,4.657251e-12,2.931450e-13
156.7500,1.484693e-11,3.781631e-13,4.043718e-11,5.234975e-13,4.870961e-12,2.974192e-13
156.8000,1.464025e-11,3.756830e-13,4.009477e-11,5.207581e-13,4.142519e-12,2.828504e-13
156.8500,1.488593e-11,3.786312e-13,4.057000e-11,5.245600e-13,4.623990e-12,2.924798e-13
156.9000,1.544186e-11,3.853023e-13,4.061541e-11,5.249233e-13,4.654695e-12,2.930939e-13
156.9500,1.559852e-11,3.871823e-13,4.035169e-11,5.228135e-13,4.809490e-12,2.961898e-13
157.0000,1.591968e-11,3.910362e-13,3.987917e-11,5.190333e-13,4.317484e-12,2.863497e-13
157.0500,1.689334e-11,4.027201e-13,4.077087e-11,5.261669e-13,4.887741e-12,2.977548e-13
157.1000,1.747992e-11,4.097591e-13,4.069672e-11,5.255738e-13,4.444792e-12,2.888958e-13
157.1500,1.626154e-11,3.951385e-13,3.993296e-11,5.194636e-13,4.870921e-12,2.974184e-13
157.2000,1.710902e-11,4.053083e-13,4.015613e-11,5.212490e-13,4.909544e-12,2.981909e-13
157.2500,1.659147e-11,3.990976e-13,4.044610e-11,5.235688e-13,4.589846e-12,2.917969e-13
157.3000,1.699668e-11,4.039602e-13,4.054789e-11,5.243831e-13,4.539254e-12,2.907851e-13
157.3500,1.754503e-11,4.105404e-13,4.096418e-11,5.277134e-13,4.372466e-12,2.874493e-13
157.4000,1.745446e-11,4.094535e-13,4.027128e-11,5.221702e-13,4.510124e-12,2.902025e-13
157.4500,1.730425e-11,4.076510e-13,4.027045e-11,5.221636e-13,5.014230e-12,3.002846e-13
157.5000,1.756454e-11,4.107745e-13,4.042309e-11,5.233847e-13,4.514589e-12,2.902918e-13
157.5500,1.835074e-11,4.202088e-13,4.045256e-11,5.236205e-13,4.905401e-12,2.981080e-13
157.6000,1.726858e-11,4.072230e-13,4.067252e-11,5.253802e-13,5.021358e-12,3.004272e-13
157.6500,1.866412e-11,4.239694e-13,4.014025e-11,5.211220e-13,4.825812e-12,2.965162e-13
157.7000,1.861430e-11,4.233716e-13,4.057298e-11,5.245838e-13,4.537502e-12,2.907500e-13
157.7500,1.850427e-11,4.220513e-13,4.074068e-11,5.259254e-13,4.792075e-12,2.958415e-13
157.8000,1.871458e-11,4.245749e-13,4.071527e-11,5.257221e-13,4.875413e-12,2.975083e-13
157.8500,1.903325e-11,4.283990e-13,4.061932e-11,5.249545e-13,5.170717e-12,3.034143e-13
157.9000,1.874393e-11,4.249272e-13,4.078265e-11,5.262612e-13,4.838791e-12,2.967758e-13
157.9500,1.924659e-11,4.309591e-13,4.058402e-11,5.246721e-13,5.238401e-12,3.047680e-13
158.0000,1.890683e-11,4.268820e-13,3.952206e-11,5.161765e-13,4.941790e-12,2.988358e-13
158.0500,1.850912e-11,4.221094e-13,4.005962e-11,5.204770e-13,5.076162e-12,3.015232e-13
158.1000,1.690456e-11,4.028548e-13,4.010069e-11,5.208055e-13,4.833646e-12,2.966729e-13
158.1500,1.767284e-11,4.120741e-13,4.041353e-11,5.233083e-13,4.783622e-12,2.956724e-13
158.2000,1.686583e-11,4.023899e-13,4.080179e-11,5.264143e-13,4.726258e-12,2.945252e-13
158.2500,1.655175e-11,3.986210e-13,4.022728e-11,5.218182e-13,5.026742e-12,3.005348e-13
158.3000,1.597220e-11,3.916664e-13,4.030347e-11,5.224277e-13,4.739740e-12,2.947948e-13
158.3500,1.537155e-11,3.844586e-13,4.025941e-11,5.220753e-13,5.226777e-12,3.045355e-13
158.4000,1.553393e-11,3.864072e-13,4.073699e-11,5.258959e-13,4.922149e-12,2.984430e-13
158.4500,1.418063e-11,3.701675e-13,4.101051e-11,5.280841e-13,4.617562e-12,2.923512e-13
158.5000,1.489108e-11,3.786929e-13,4.028810e-11,5.223048e-13,4.993354e-12,2.998671e-13
158.5500,1.376214e-11,3.651457e-13,4.091911e-11,5.273529e-13,5.074933e-12,3.014987e-13
158.6000,1.397799e-11,3.677359e-13,4.079729e-11,5.263783e-13,4.794863e-12,2.958973e-13
158.6500,1.344637e-11,3.613564e-13,4.034533e-11,5.227627e-13,4.477788e-12,2.895558e-13
158.7000,1.337058e-11,3.604469e-13,4.068937e-11,5.255150e-13,5.080171e-12,3.016034e-13
158.7500,1.294964e-11,3.553957e-13,4.033074e-11,5.226459e-13,4.940193e-12,2.988039e-13
158.8000,1.252634e-11,3.503161e-13,4.052888e-11,5.242310e-13,5.217272e-12,3.043454e-13
158.8500,1.234055e-11,3.480866e-13,4.062527e-11,5.250021e-13,4.648281e-12,2.929656e-13
158.9000,1.215060e-11,3.458072e-13,4.086515e-11,5.269212e-13,4.753177e-12,2.950635e-13
158.9500,1.193445e-11,3.432135e-13,4.118721e-11,5.294977e-13,4.605700e-12,2.921140e-13
159.0000,1.154199e-11,3.385039e-13,4.067970e-11,5.254376e-13,4.506805e-12,2.901361e-13
159.0500,1.188024e-11,3.425628e-13,3.983359e-11,5.186687e-13,4.925526e-12,2.985105e-13
159.1000,1.096039e-11,3.315247e-13,4.016535e-11,5.213228e-13,4.692030e-12,2.938406e-13
159.1500,1.064295e-11,3.277154e-13,4.007830e-11,5.206264e-13,4.690389e-12,2.938078e-13
159.2000,1.070643e-11,3.284771e-13,4.081604e-11,5.265283e-13,4.357105e-12,2.871421e-13
159.2500,1.038454e-11,3.246144e-13,4.011869e-11,5.209495e-13,4.807644e-12,2.961529e-13
159.3000,1.027326e-11,3.232791e-13,4.018436e-11,5.214749e-13,4.641349e-12,2.928270e-13
159.3500,1.038221e-11,3.245865e-13,4.078134e-11,5.262508e-13,4.631282e-12,2.926256e-13
159.4000,1.024005e-11,3.228806e-13,4.016831e-11,5.213465e-13,4.315974e-12,2.863195e-13
159.4500,1.022897e-11,3.227476e-13,4.071228e-11,5.256983e-13,4.887590e-12,2.977518e-13
159.5000,1.002252e-11,3.202702e-13,4.058463e-11,5.246770e-13,4.328361e-12,2.865672e-13
159.5500,9.884787e-12,3.186174e-13,4.040643e-11,5.232514e-13,4.502793e-12,2.900559e-13
159.6000,9.428552e-12,3.131426e-13,4.042644e-11,5.234115e-13,4.162641e-12,2.832528e-13
159.6500,9.354321e-12,3.122519e-13,4.003015e-11,5.202412e-13,4.014920e-12,2.802984e-13
159.7000,8.954974e-12,3.074597e-13,3.998834e-11,5.199067e-13,4.204412e-12,2.840882e-13
159.7500,9.626720e-12,3.155206e-13,4.081674e-11,5.265340e-13,4.126748e-12,2.825350e-13
159.8000,9.278019e-12,3.113362e-13,4.092387e-11,5.273909e-13,4.582964e-12,2.916593e-13
159.8500,8.729399e-12,3.047528e-13,4.053597e-11,5.242878e-13,4.331814e-12,2.866363e-13
159.9000,8.843627e-12,3.061235e-13,4.038222e-11,5.230578e-13,4.221649e-12,2.844330e-13
159.9500,8.701069e-12,3.044128e-13,3.993617e-11,5.194893e-13,4.298465e-12,2.859693e-13
160.0000,9.434197e-12,3.132104e-13,4.037503e-11,5.230002e-13,4.375059e-12,2.875012e-13
160.0500,9.294866e-12,3.115384e-13,4.076299e-11,5.261039e-13,4.043276e-12,2.808655e-13
160.1000,9.881392e-12,3.185767e-13,4.059751e-11,5.247800e-13,4.242238e-12,2.848448e-13
160.1500,1.020168e-11,3.224201e-13,4.095352e-11,5.276281e-13,3.940914e-12,2.788183e-13
160.2000,1.081674e-11,3.298008e-13,4.021932e-11,5.217546e-13,4.306635e-12,2.861327e-13
160.2500,1.162594e-11,3.395113e-13,4.106928e-11,5.285542e-13,3.842201e-12,2.768440e-13
160.3000,1.192527e-11,3.431033e-13,4.115512e-11,5.292409e-13,4.015673e-12,2.803135e-13
160.3500,1.212519e-11,3.455023e-13,4.048736e-11,5.238989e-13,4.102271e-12,2.820454e-13
160.4000,1.224831e-11,3.469798e-13,4.035536e-11,5.228429e-13,3.840968e-12,2.768194e-13
160.4500,1.302079e-11,3.562495e-13,4.142614e-11,5.314091e-13,4.148371e-12,2.829674e-13
160.5000,1.324258e-11,3.589109e-13,4.128794e-11,5.303035e-13,3.447934e-12,2.689587e-13
160.5500,1.351606e-11,3.621927e-13,4.046188e-11,5.236950e-13,4.270693e-12,2.854139e-13
160.6000,1.340100e-11,3.608120e-13,3.999900e-11,5.199920e-13,3.539449e-12,2.707890e-13
160.6500,1.388358e-11,3.666030e-13,4.089614e-11,5.271692e-13,4.081740e-12,2.816348e-13
160.7000,1.430632e-11,3.716758e-13,4.058916e-11,5.247133e-13,3.998542e-12,2.799708e-13
160.7500,1.444070e-11,3.732884e-13,4.085706e-11,5.268565e-13,3.566612e-12,2.713322e-13
160.8000,1.531941e-11,3.838329e-13,4.056605e-11,5.245284e-13,3.837696e-12,2.767539e-13
160.8500,1.528909e-11,3.834691e-13,4.061733e-11,5.249386e-13,4.235692e-12,2.847138e-13
160.9000,1.535986e-11,3.843183e-13,4.048344e-11,5.238675e-13,4.383707e-12,2.876741e-13
160.9500,1.572128e-11,3.886554e-13,4.041891e-11,5.233513e-13,4.169658e-12,2.833932e-13
161.0000,1.559624e-11,3.871549e-13,3.984847e-11,5.187877e-13,4.326799e-12,2.865360e-13
161.0500,1.611670e-11,3.934005e-13,4.053850e-11,5.243080e-13,4.357319e-12,2.871464e-13
161.1000,1.614306e-11,3.937168e-13,4.063063e-11,5.250451e-13,3.644119e-12,2.728824e-13
161.1500,1.614477e-11,3.937372e-13,4.007952e-11,5.206362e-13,4.628225e-12,2.925645e-13
161.2000,1.661209e-11,3.993450e-13,4.086687e-11,5.269350e-13,4.119040e-12,2.823808e-13
161.2500,1.750041e-11,4.100049e-13,4.052168e-11,5.241734e-13,3.952287e-12,2.790457e-13
161.3000,1.729317e-11,4.075180e-13,4.098023e-11,5.278418e-13,4.219178e-12,2.843836e-13
161.3500,1.736620e-11,4.083944e-13,4.081731e-11,5.265385e-13,4.493908e-12,2.898782e-13
161.4000,1.687806e-11,4.025367e-13,4.038629e-11,5.230903e-13,4.073650e-12,2.814730e-13
161.4500,1.740880e-11,4.089056e-13,4.067823e-11,5.254258e-13,4.164923e-12,2.832985e-13
161.5000,1.791274e-11,4.149529e-13,4.048010e-11,5.238408e-13,4.472560e-12,2.894512e-13
161.5500,1.800855e-11,4.161026e-13,4.084237e-11,5.267390e-13,4.251557e-12,2.850311e-13
161.6000,1.765272e-11,4.118326e-13,4.095332e-11,5.276266e-13,4.040366e-12,2.808073e-13
161.6500,1.819646e-11,4.183575e-13,4.077117e-11,5.261694e-13,4.607143e-12,2.921429e-13
161.7000,1.859374e-11,4.231249e-13,4.087293e-11,5.269834e-13,4.578423e-12,2.915685e-13
161.7500,1.807002e-11,4.168402e-13,4.097116e-11,5.277693e-13,4.583326e-12,2.916665e-13
161.8000,1.832009e-11,4.198411e-13,4.082912e-11,5.266329e-13,4.622765e-12,2.924553e-13
161.8500,1.814130e-11,4.176956e-13,4.085056e-11,5.268045e-13,4.605736e-12,2.921147e-13
161.9000,1.854531e-11,4.225437e-13,4.038519e-11,5.230815e-13,4.594701e-12,2.918940e-13
161.9500,1.944266e-11,4.333120e-13,4.149736e-11,5.319789e-13,4.452009e-12,2.890402e-13
162.0000,1.870582e-11,4.244698e-13,4.093130e-11,5.274504e-13,4.173338e-12,2.834668e-13
162.0500,1.905952e-11,4.287143e-13,4.095776e-11,5.276621e-13,4.260966e-12,2.852193e-13
162.1000,1.868025e-11,4.241630e-13,4.003666e-11,5.202933e-13,4.515403e-12,2.903081e-13
162.1500,1.939829e-11,4.327795e-13,4.054025e-11,5.243220e-13,4.528489e-12,2.905698e-13
162.2000,1.953615e-11,4.344338e-13,4.117698e-11,5.294158e-13,4.144401e-12,2.828880e-13
162.2500,1.967778e-11,4.361334e-13,4.027771e-11,5.222217e-13,4.860371e-12,2.972074e-13
162.3000,1.975654e-11,4.370785e-13,4.051413e-11,5.241130e-13,4.966189e-12,2.993238e-13
162.3500,1.902207e-11,4.282649e-13,4.070022e-11,5.256017e-13,5.034483e-12,3.006897e-13
162.4000,1.961994e-11,4.354393e-13,4.041535e-11,5.233228e-13,4.749129e-12,2.949826e-13
162.4500,1.988828e-11,4.386593e-13,4.068625e-11,5.254900e-13,4.747276e-12,2.949455e-13
162.5000,2.018221e-11,4.421865e-13,4.022600e-11,5.218080e-13,4.745570e-12,2.949114e-13
162.5500,2.022131e-11,4.426557e-13,4.042899e-11,5.234319e-13,4.798195e-12,2.959639e-13
162.6000,1.997928e-11,4.397514e-13,4.010423e-11,5.208338e-13,4.931987e-12,2.986397e-13
162.6500,2.011576e-11,4.413891e-13,4.025011e-11,5.220009e-13,4.309995e-12,2.861999e-13
162.7000,2.017175e-11,4.420610e-13,4.052734e-11,5.242188e-13,4.679117e-12,2.935823e-13
162.7500,1.998896e-11,4.398675e-13,4.044889e-11,5.235911e-13,5.131304e-12,3.026261e-13
162.8000,2.047064e-11,4.456477e-13,3.967589e-11,5.174071e-13,4.720720e-12,2.944144e-13
162.8500,2.035542e-11,4.442651e-13,3.943777e-11,5.155021e-13,4.707518e-12,2.941504e-13
162.9000,2.011504e-11,4.413805e-13,4.048607e-11,5.238885e-13,5.117964e-12,3.023593e-13
162.9500,2.030967e-11,4.437161e-13,4.044575e-11,5.235660e-13,5.010590e-12,3.002118e-13
163.0000,2.092474e-11,4.510968e-13,3.985295e-11,5.188236e-13,4.974333e-12,2.994867e-13
163.0500,2.058725e-11,4.470470e-13,3.952119e-11,5.161695e-13,5.094888e-12,3.018978e-13
163.1000,2.039540e-11,4.447448e-13,4.007383e-11,5.205906e-13,4.958822e-12,2.991764e-13
163.1500,2.084957e-11,4.501949e-13,4.052246e-11,5.241797e-13,5.199392e-12,3.039878e-13
163.2000,2.122321e-11,4.546785e-13,4.007080e-11,5.205664e-13,5.476653e-12,3.095331e-13
163.2500,2.142240e-11,4.570688e-13,3.993654e-11,5.194924e-13,5.326816e-12,3.065363e-13
163.3000,2.087040e-11,4.504448e-13,4.061372e-11,5.249098e-13,4.818635e-12,2.963727e-13
163.3500,2.080847e-11,4.497017e-13,4.058429e-11,5.246743e-13,5.240192e-12,3.048038e-13
163.4000,2.146575e-11,4.575890e-13,4.088136e-11,5.270509e-13,5.067744e-12,3.013549e-13
163.4500,2.069352e-11,4.483222e-13,4.037659e-11,5.230127e-13,5.232074e-12,3.046415e-13
163.5000,2.073066e-11,4.487680e-13,4.039245e-11,5.231396e-13,5.243455e-12,3.048691e-13
163.5500,2.078581e-11,4.494297e-13,4.097239e-11,5.277791e-13,4.930514e-12,2.986103e-13
163.6000,2.166368e-11,4.599642e-13,4.025368e-11,5.220294e-13,5.218565e-12,3.043713e-13
163.6500,2.061909e-11,4.474291e-13,3.988810e-11,5.191048e-13,5.118223e-12,3.023645e-13
163.7000,2.101760e-11,4.522112e-13,4.015060e-11,5.212048e-13,5.336402e-12,3.067280e-13
163.7500,2.103612e-11,4.524335e-13,4.039645e-11,5.231716e-13,5.366492e-12,3.073298e-13
163.8000,2.176043e-11,4.611251e-13,3.966822e-11,5.173457e-13,5.209566e-12,3.041913e-13
163.8500,2.138820e-11,4.566584e-13,3.963678e-11,5.170942e-13,5.688388e-12,3.137678e-13
163.9000,2.149726e-11,4.579671e-13,4.063201e-11,5.250561e-13,5.853687e-12,3.170737e-13
163.9500,2.128307e-11,4.553968e-13,4.006055e-11,5.204844e-13,5.731001e-12,3.146200e-13
164.0000,2.019378e-11,4.423254e-13,3.936212e-11,5.148970e-13,5.679588e-12,3.135918e-13
164.0500,2.036866e-11,4.444239e-13,4.048799e-11,5.239039e-13,5.785982e-12,3.157196e-13
164.1000,1.979871e-11,4.375845e-13,4.019639e-11,5.215711e-13,5.558167e-12,3.111633e-13
164.1500,1.849519e-11,4.219423e-13,4.056006e-11,5.244805e-13,5.959001e-12,3.191800e-13
164.2000,1.868799e-11,4.242559e-13,3.974308e-11,5.179446e-13,5.715196e-12,3.143039e-13
164.2500,1.837681e-11,4.205217e-13,4.009353e-11,5.207482e-13,5.903607e-12,3.180721e-13
164.3000,1.766844e-11,4.120213e-13,4.018270e-11,5.214616e-13,5.489739e-12,3.097948e-13
164.3500,1.764637e-11,4.117564e-13,4.021242e-11,5.216993e-13,5.666644e-12,3.133329e-13
164.4000,1.661177e-11,3.993413e-13,4.039493e-11,5.231594e-13,5.684937e-12,3.136987e-13
164.4500,1.659830e-11,3.991796e-13,4.037901e-11,5.230321e-13,6.032030e-12,3.206406e-13
164.5000,1.613465e-11,3.936157e-13,3.979740e-11,5.183792e-13,6.085950e-12,3.217190e-13
164.5500,1.558283e-11,3.869940e-13,4.078223e-11,5.262579e-13,5.341640e-12,3.068328e-13
164.6000,1.528334e-11,3.834001e-13,4.016042e-11,5.212833e-13,5.257771e-12,3.051554e-13
164.6500,1.504708e-11,3.805650e-13,3.915591e-11,5.132473e-13,5.992081e-12,3.198416e-13
164.7000,1.445847e-11,3.735016e-13,3.975542e-11,5.180434e-13,5.277224e-12,3.055445e-13
164.7500,1.453347e-11,3.744016e-13,3.954102e-11,5.163282e-13,5.817286e-12,3.163457e-13
164.8000,1.437581e-11,3.725097e-13,4.044723e-11,5.235779e-13,5.479467e-12,3.095893e-13
164.8500,1.370365e-11,3.644438e-13,4.004337e-11,5.203470e-13,5.323904e-12,3.064781e-13
164.9000,1.391776e-11,3.670132e-13,3.991396e-11,5.193117e-13,5.060138e-12,3.012028e-13
164.9500,1.319849e-11,3.583819e-13,4.032109e-11,5.225687e-13,5.531913e-12,3.106383e-13
165.0000,1.263317e-11,3.515981e-13,4.023646e-11,5.218917e-13,5.478572e-12,3.095714e-13
165.0500,1.233254e-11,3.479904e-13,4.064164e-11,5.251332e-13,5.472315e-12,3.094463e-13
165.1000,1.228311e-11,3.473973e-13,4.038323e-11,5.230658e-13,5.169471e-12,3.033894e-13
165.1500,1.191882e-11,3.430259e-13,4.001299e-11,5.201039e-13,4.778522e-12,2.955704e-13
165.2000,1.183303e-11,3.419964e-13,4.071701e-11,5.257360e-13,5.178469e-12,3.035694e-13
165.2500,1.193902e-11,3.432683e-13,4.034405e-11,5.227524e-13,5.275106e-12,3.055021e-13
165.3000,1.142615e-11,3.371138e-13,3.994888e-11,5.195910e-13,5.225736e-12,3.045147e-13
165.3500,1.108970e-11,3.330764e-13,4.001527e-11,5.201221e-13,5.366500e-12,3.073300e-13
165.4000,1.091973e-11,3.310367e-13,3.999123e-11,5.199298e-13,5.110512e-12,3.022102e-13
165.4500,1.059498e-11,3.271397e-13,3.976496e-11,5.181197e-13,5.150717e-12,3.030143e-13
165.5000,1.085062e-11,3.302074e-13,4.021502e-11,5.217202e-13,5.087267e-12,3.017453e-13
165.5500,1.043315e-11,3.251978e-13,4.034263e-11,5.227410e-13,5.280925e-12,3.056185e-13
165.6000,1.032895e-11,3.239474e-13,4.025598e-11,5.220479e-13,4.994868e-12,2.998974e-13
165.6500,1.028321e-11,3.233985e-13,4.076149e-11,5.260919e-13,5.061784e-12,3.012357e-13
165.7000,9.665826e-12,3.159899e-13,4.046433e-11,5.237147e-13,5.253228e-12,3.050646e-13
165.7500,1.052407e-11,3.262888e-13,4.062228e-11,5.249783e-13,4.806134e-12,2.961227e-13
165.8000,9.672177e-12,3.160661e-13,4.022178e-11,5.217743e-13,4.615990e-12,2.923198e-13
165.8500,9.133618e-12,3.096034e-13,4.057506e-11,5.246005e-13,4.808411e-12,2.961682e-13
165.9000,9.539979e-12,3.144797e-13,4.006559e-11,5.205247e-13,4.812470e-12,2.962494e-13
165.9500,9.180274e-12,3.101633e-13,4.058611e-11,5.246889e-13,4.450881e-12,2.890176e-13
166.0000,9.886087e-12,3.186330e-13,4.052728e-11,5.242182e-13,4.213428e-12,2.842686e-13
166.0500,1.042180e-11,3.250616e-13,4.037602e-11,5.230081e-13,4.720990e-12,2.944198e-13
166.1000,1.104814e-11,3.325777e-13,4.122464e-11,5.297971e-13,4.860826e-12,2.972165e-13
166.1500,1.140646e-11,3.368776e-13,4.030386e-11,5.224309e-13,4.876859e-12,2.975372e-13
166.2000,1.142258e-11,3.370710e-13,3.977513e-11,5.182010e-13,4.266597e-12,2.853319e-13
166.2500,1.178232e-11,3.413878e-13,4.087346e-11,5.269877e-13,4.602436e-12,2.920487e-13
166.3000,1.201992e-11,3.442391e-13,4.009070e-11,5.207256e-13,4.534406e-12,2.906881e-13
166.3500,1.253989e-11,3.504786e-13,4.056131e-11,5.244905e-13,4.436896e-12,2.887379e-13
166.4000,1.237138e-11,3.484566e-13,4.005554e-11,5.204443e-13,4.702288e-12,2.940458e-13
166.4500,1.303829e-11,3.564595e-13,3.973188e-11,5.178550e-13,4.552011e-12,2.910402e-13
166.5000,1.347225e-11,3.616670e-13,4.070879e-11,5.256703e-13,4.220320e-12,2.844064e-13
166.5500,1.388684e-11,3.666421e-13,4.072112e-11,5.257690e-13,4.666425e-12,2.933285e-13
166.6000,1.401973e-11,3.682368e-13,4.049708e-11,5.239766e-13,4.476946e-12,2.895389e-13
166.6500,1.432685e-11,3.719222e-13,4.011062e-11,5.208850e-13,4.711165e-12,2.942233e-13
166.7000,1.456232e-11,3.747478e-13,4.066078e-11,5.252862e-13,4.447517e-12,2.889503e-13
166.7500,1.456549e-11,3.747859e-13,4.060574e-11,5.248459e-13,4.743555e-12,2.948711e-13
166.8000,1.560180e-11,3.872216e-13,4.076832e-11,5.261465e-13,4.457667e-12,2.891533e-13
166.8500,1.574735e-11,3.889682e-13,4.117506e-11,5.294005e-13,4.772112e-12,2.954422e-13
166.9000,1.610977e-11,3.933172e-13,4.015409e-11,5.212327e-13,4.548136e-12,2.909627e-13
166.9500,1.556073e-11,3.867287e-13,4.094170e-11,5.275336e-13,4.739947e-12,2.947989e-13
167.0000,1.632776e-11,3.959331e-13,3.968363e-11,5.174690e-13,4.346385e-12,2.869277e-13
167.0500,1.651605e-11,3.981926e-13,3.985793e-11,5.188634e-13,4.292601e-12,2.858520e-13
167.1000,1.645918e-11,3.975102e-13,4.094415e-11,5.275532e-13,4.409921e-12,2.881984e-13
167.1500,1.641181e-11,3.969417e-13,4.081038e-11,5.264830e-13,4.778440e-12,2.955688e-13
167.2000,1.722545e-11,4.067054e-13,4.080218e-11,5.264174e-13,4.446706e-12,2.889341e-13
167.2500,1.734224e-11,4.081069e-13,4.071162e-11,5.256930e-13,4.477035e-12,2.895407e-13
167.3000,1.724367e-11,4.069240e-13,4.014557e-11,5.211646e-13,4.549035e-12,2.909807e-13
167.3500,1.745971e-11,4.095166e-13,4.023451e-11,5.218761e-13,4.173052e-12,2.834610e-13
167.4000,1.734790e-11,4.081749e-13,4.082927e-11,5.266342e-13,4.223924e-12,2.844785e-13
167.4500,1.795116e-11,4.154140e-13,4.026299e-11,5.221040e-13,4.353064e-12,2.870613e-13
167.5000,1.766501e-11,4.119802e-13,4.042021e-11,5.233616e-13,4.774552e-12,2.954910e-13
167.5500,1.802416e-11,4.162899e-13,4.058702e-11,5.246961e-13,5.247745e-12,3.049549e-13
167.6000,1.775638e-11,4.130765e-13,4.017734e-11,5.214187e-13,4.727860e-12,2.945572e-13
167.6500,1.864427e-11,4.237312e-13,4.043344e-11,5.234675e-13,4.733739e-12,2.946748e-13
167.7000,1.875214e-11,4.250257e-13,4.087680e-11,5.270144e-13,4.857949e-12,2.971590e-13
167.7500,1.861918e-11,4.234301e-13,3.961971e-11,5.169577e-13,4.930043e-12,2.986009e-13
167.8000,1.825564e-11,4.190676e-13,4.086185e-11,5.268948e-13,4.764137e-12,2.952827e-13
167.8500,1.870173e-11,4.244207e-13,3.989980e-11,5.191984e-13,4.636003e-12,2.927201e-13
167.9000,1.892114e-11,4.270537e-13,4.063325e-11,5.250660e-13,4.356299e-12,2.871260e-13
167.9500,1.871424e-11,4.245709e-13,3.992808e-11,5.194247e-13,4.258656e-12,2.851731e-13
168.0000,1.918572e-11,4.302286e-13,4.009885e-11,5.207908e-13,5.030295e-12,3.006059e-13
168.0500,1.930463e-11,4.316555e-13,4.035124e-11,5.228099e-13,5.106963e-12,3.021393e-13
168.1000,1.941703e-11,4.330044e-13,4.034640e-11,5.227712e-13,5.115145e-12,3.023029e-13
168.1500,1.954423e-11,4.345308e-13,3.905331e-11,5.124265e-13,4.845581e-12,2.969116e-13
168.2000,1.928363e-11,4.314036e-13,4.012548e-11,5.210038e-13,5.162269e-12,3.032454e-13
168.2500,1.992039e-11,4.390447e-13,4.002600e-11,5.202080e-13,4.748716e-12,2.949743e-13
168.3000,1.947494e-11,4.336992e-13,4.060581e-11,5.248465e-13,5.204004e-12,3.040801e-13
168.3500,2.036183e-11,4.443420e-13,4.060147e-11,5.248117e-13,5.005192e-12,3.001038e-13
168.4000,2.000043e-11,4.400051e-13,4.038332e-11,5.230665e-13,4.870346e-12,2.974069e-13
168.4500,1.987597e-11,4.385116e-13,4.007162e-11,5.205730e-13,5.264887e-12,3.052977e-13
168.5000,2.061889e-11,4.474267e-13,3.978437e-11,5.182750e-13,4.914645e-12,2.982929e-13
168.5500,2.038461e-11,4.446153e-13,4.015487e-11,5.212390e-13,5.009454e-12,3.001891e-13
168.6000,1.980658e-11,4.376790e-13,4.064275e-11,5.251420e-13,5.320053e-12,3.064011e-13
168.6500,2.016741e-11,4.420089e-13,4.018715e-11,5.214972e-13,4.852948e-12,2.970590e-13
168.7000,2.000316e-11,4.400379e-13,4.005730e-11,5.204584e-13,5.242194e-12,3.048439e-13
168.7500,2.010786e-11,4.412943e-13,4.089003e-11,5.271203e-13,5.530232e-12,3.106046e-13
168.8000,2.017046e-11,4.420455e-13,4.038146e-11,5.230516e-13,5.170978e-12,3.034196e-13
168.8500,2.094968e-11,4.513961e-13,4.022609e-11,5.218087e-13,5.516253e-12,3.103251e-13
168.9000,2.071714e-11,4.486056e-13,4.011282e-11,5.209026e-13,5.152220e-12,3.030444e-13
168.9500,2.063080e-11,4.475695e-13,4.044141e-11,5.235313e-13,5.222546e-12,3.044509e-13
169.0000,2.038370e-11,4.446044e-13,4.068216e-11,5.254572e-13,5.699095e-12,3.139819e-13
169.0500,2.058976e-11,4.470771e-13,4.071316e-11,5.257053e-13,5.377999e-12,3.075600e-13
169.1000,2.041829e-11,4.450194e-13,4.027175e-11,5.221740e-13,5.131892e-12,3.026378e-13
169.1500,2.163743e-11,4.596492e-13,4.058645e-11,5.246916e-13,5.335203e-12,3.067041e-13
169.2000,2.093091e-11,4.511709e-13,4.048007e-11,5.238406e-13,5.496906e-12,3.099381e-13
169.2500,2.030343e-11,4.436412e-13,3.987156e-11,5.189725e-13,5.365287e-12,3.073057e-13
169.3000,2.099641e-11,4.519569e-13,3.943042e-11,5.154433e-13,5.139276e-12,3.027855e-13
169.3500,2.051634e-11,4.461961e-13,4.031351e-11,5.225081e-13,5.192493e-12,3.038499e-13
169.4000,2.075742e-11,4.490890e-13,4.022964e-11,5.218371e-13,5.292764e-12,3.058553e-13
169.4500,2.049925e-11,4.459911e-13,4.039802e-11,5.231842e-13,5.500596e-12,3.100119e-13
169.5000,2.058411e-11,4.470093e-13,3.950826e-11,5.160661e-13,5.466219e-12,3.093244e-13
169.5500,2.119177e-11,4.543013e-13,4.046969e-11,5.237575e-13,5.627600e-12,3.125520e-13
169.6000,2.123497e-11,4.548196e-13,3.957498e-11,5.165999e-13,5.319523e-12,3.063905e-13
169.6500,2.159262e-11,4.591115e-13,3.995002e-11,5.196002e-13,5.812209e-12,3.162442e-13
169.7000,2.146620e-11,4.575944e-13,4.000468e-11,5.200375e-13,5.461259e-12,3.092252e-13
169.7500,2.122559e-11,4.547070e-13,4.004211e-11,5.203368e-13,5.669261e-12,3.133852e-13
169.8000,2.081542e-11,4.497850e-13,4.040524e-11,5.232419e-13,5.494360e-12,3.098872e-13
169.8500,2.078140e-11,4.493768e-13,4.010184e-11,5.208147e-13,5.632918e-12,3.126584e-13
169.9000,2.085773e-11,4.502928e-13,4.015970e-11,5.212776e-13,5.899443e-12,3.179889e-13
169.9500,2.149923e-11,4.579908e-13,4.019723e-11,5.215778e-13,5.446594e-12,3.089319e-13
170.0000,2.135808e-11,4.562970e-13,4.053006e-11,5.242405e-13,5.525987e-12,3.105197e-13
170.0500,2.146077e-11,4.575292e-13,4.022823e-11,5.218258e-13,5.294048e-12,3.058810e-13
170.1000,2.125031e-11,4.550038e-13,3.940237e-11,5.152190e-13,5.666211e-12,3.133242e-13
170.1500,2.136868e-11,4.564242e-13,4.012115e-11,5.209692e-13,5.527991e-12,3.105598e-13
170.2000,2.122663e-11,4.547196e-13,4.028258e-11,5.222606e-13,5.584024e-12,3.116805e-13
170.2500,2.123629e-11,4.548355e-13,4.053304e-11,5.242644e-13,5.771322e-12,3.154264e-13
170.3000,2.096528e-11,4.515833e-13,4.012086e-11,5.209668e-13,5.572751e-12,3.114550e-13
170.3500,2.186739e-11,4.624087e-13,4.028523e-11,5.222818e-13,5.509361e-12,3.101872e-13
170.4000,2.166001e-11,4.599201e-13,4.035169e-11,5.228135e-13,5.492054e-12,3.098411e-13
170.4500,2.116482e-11,4.539778e-13,4.006375e-11,5.205100e-13,5.927778e-12,3.185556e-13
170.5000,2.093392e-11,4.512071e-13,4.043488e-11,5.234791e-13,6.099990e-12,3.219998e-13
170.5500,2.184677e-11,4.621612e-13,4.042763e-11,5.234211e-13,5.632526e-12,3.126505e-13
170.6000,2.156062e-11,4.587275e-13,3.990291e-11,5.192232e-13,6.304625e-12,3.260925e-13
170.6500,2.204927e-11,4.645913e-13,3.986405e-11,5.189124e-13,6.222175e-12,3.244435e-13
170.7000,2.153014e-11,4.583616e-13,4.013328e-11,5.210662e-13,5.973004e-12,3.194601e-13
170.7500,2.236845e-11,4.684213e-13,3.922001e-11,5.137601e-13,5.875470e-12,3.175094e-13
170.8000,2.152927e-11,4.583513e-13,3.959594e-11,5.167675e-13,6.132910e-12,3.226582e-13
170.8500,2.165398e-11,4.598478e-13,3.958901e-11,5.167121e-13,6.374770e-12,3.274954e-13
170.9000,2.206750e-11,4.648100e-13,4.003193e-11,5.202554e-13,5.879774e-12,3.175955e-13
170.9500,2.201311e-11,4.641573e-13,4.111065e-11,5.288852e-13,6.035049e-12,3.207010e-13
171.0000,2.212204e-11,4.654645e-13,3.944680e-11,5.155744e-13,6.329470e-12,3.265894e-13
171.0500,2.229753e-11,4.675704e-13,3.961499e-11,5.169199e-13,5.887099e-12,3.177420e-13
171.1000,2.184024e-11,4.620828e-13,4.006975e-11,5.205580e-13,6.017173e-12,3.203435e-13
171.1500,2.171007e-11,4.605209e-13,3.992830e-11,5.194264e-13,6.126729e-12,3.225346e-13
171.2000,2.141413e-11,4.569695e-13,4.011299e-11,5.209039e-13,6.534204e-12,3.306841e-13
171.2500,2.232796e-11,4.679355e-13,3.966919e-11,5.173535e-13,5.879131e-12,3.175826e-13
171.3000,2.145043e-11,4.574052e-13,4.060110e-11,5.248088e-13,6.151168e-12,3.230234e-13
171.3500,2.155160e-11,4.586192e-13,3.999528e-11,5.199623e-13,5.902635e-12,3.180527e-13
171.4000,2.202809e-11,4.643371e-13,3.953283e-11,5.162626e-13,6.318616e-12,3.263723e-13
171.4500,2.149779e-11,4.579735e-13,3.957427e-11,5.165941e-13,6.678732e-12,3.335746e-13
171.5000,2.193032e-11,4.631638e-13,3.982552e-11,5.186042e-13,6.376332e-12,3.275266e-13
171.5500,2.170591e-11,4.604710e-13,3.985195e-11,5.188156e-13,6.460173e-12,3.292035e-13
171.6000,2.185461e-11,4.622553e-13,3.893778e-11,5.115022e-13,6.528215e-12,3.305643e-13
171.6500,2.171747e-11,4.606097e-13,3.961702e-11,5.169362e-13,6.147292e-12,3.229458e-13
171.7000,2.210709e-11,4.652851e-13,3.996740e-11,5.197392e-13,6.281144e-12,3.256229e-13
171.7500,2.171053e-11,4.605264e-13,3.928201e-11,5.142561e-13,6.359850e-12,3.271970e-13
171.8000,2.176567e-11,4.611880e-13,4.023238e-11,5.218590e-13,6.569440e-12,3.313888e-13
171.8500,2.144707e-11,4.573648e-13,4.004452e-11,5.203561e-13,5.980490e-12,3.196098e-13
171.9000,2.184164e-11,4.620997e-13,3.988224e-11,5.190579e-13,6.470612e-12,3.294122e-13
171.9500,2.162607e-11,4.595128e-13,3.961619e-11,5.169295e-13,6.027348e-12,3.205470e-13
172.0000,2.177574e-11,4.613089e-13,4.034793e-11,5.227835e-13,6.331696e-12,3.266339e-13
172.0500,2.158199e-11,4.589839e-13,3.916545e-11,5.133236e-13,6.541868e-12,3.308374e-13
172.1000,2.153592e-11,4.584311e-13,4.025659e-11,5.220527e-13,6.704604e-12,3.340921e-13
172.1500,2.163882e-11,4.596658e-13,3.958112e-11,5.166489e-13,6.542502e-12,3.308500e-13
172.2000,2.210936e-11,4.653123e-13,3.933446e-11,5.146757e-13,6.808633e-12,3.361727e-13
172.2500,2.195585e-11,4.634702e-13,3.924097e-11,5.139278e-13,6.241571e-12,3.248314e-13
172.3000,2.209086e-11,4.650903e-13,3.966029e-11,5.172823e-13,6.652774e-12,3.330555e-13
172.3500,2.159974e-11,4.591969e-13,3.985967e-11,5.188774e-13,6.952891e-12,3.390578e-13
172.4000,2.254524e-11,4.705429e-13,3.994467e-11,5.195574e-13,6.567294e-12,3.313459e-13
172.4500,2.145834e-11,4.575001e-13,3.920833e-11,5.136666e-13,6.062753e-12,3.212551e-13
172.5000,2.241107e-11,4.689328e-13,3.993718e-11,5.194974e-13,6.407179e-12,3.281436e-13
172.5500,2.151998e-11,4.582398e-13,3.866621e-11,5.093297e-13,6.359228e-12,3.271846e-13
172.6000,2.139931e-11,4.567917e-13,3.984094e-11,5.187275e-13,6.456805e-12,3.291361e-13
172.6500,2.229004e-11,4.674805e-13,3.958641e-11,5.166913e-13,6.917853e-12,3.383571e-13
172.7000,2.148243e-11,4.577892e-13,3.919489e-11,5.135591e-13,6.550478e-12,3.310096e-13
172.7500,2.136385e-11,4.563662e-13,4.006690e-11,5.205352e-13,6.441479e-12,3.288296e-13
172.8000,2.197145e-11,4.636573e-13,3.943918e-11,5.155134e-13,6.393371e-12,3.278674e-13
172.8500,2.200487e-11,4.640584e-13,3.960271e-11,5.168217e-13,6.579839e-12,3.315968e-13
172.9000,2.130448e-11,4.556538e-13,3.946865e-11,5.157492e-13,6.907181e-12,3.381436e-13
172.9500,2.193300e-11,4.631960e-13,3.996626e-11,5.197301e-13,6.357536e-12,3.271507e-13
173.0000,2.216839e-11,4.660207e-13,4.057633e-11,5.246106e-13,6.638870e-12,3.327774e-13
173.0500,2.272107e-11,4.726528e-13,3.977754e-11,5.182203e-13,6.627636e-12,3.325527e-13
173.1000,2.158714e-11,4.590456e-13,3.968013e-11,5.174410e-13,6.736845e-12,3.347369e-13
173.1500,2.184343e-11,4.621212e-13,3.980282e-11,5.184225e-13,6.836381e-12,3.367276e-13
173.2000,2.197857e-11,4.637429e-13,3.978383e-11,5.182706e-13,6.799486e-12,3.359897e-13
173.2500,2.205952e-11,4.647142e-13,3.984150e-11,5.187320e-13,7.087792e-12,3.417558e-13
173.3000,2.226029e-11,4.671235e-13,4.018002e-11,5.214402e-13,6.855457e-12,3.371091e-13
173.3500,2.194931e-11,4.633917e-13,4.030771e-11,5.224617e-13,6.338395e-12,3.267679e-13
173.4000,2.204345e-11,4.645215e-13,4.000009e-11,5.200007e-13,6.595838e-12,3.319168e-13
173.4500,2.207136e-11,4.648563e-13,4.007645e-11,5.206116e-13,7.114147e-12,3.422829e-13
173.5000,2.180317e-11,4.616380e-13,4.013083e-11,5.210467e-13,6.734938e-12,3.346988e-13
173.5500,2.216974e-11,4.660369e-13,3.903160e-11,5.122528e-13,6.653646e-12,3.330729e-13
173.6000,2.204239e-11,4.645087e-13,3.939243e-11,5.151394e-13,6.787881e-12,3.357576e-13
173.6500,2.259123e-11,4.710948e-13,3.997555e-11,5.198044e-13,6.586900e-12,3.317380e-13
173.7000,2.217039e-11,4.660447e-13,3.968806e-11,5.175044e-13,6.760997e-12,3.352199e-13
173.7500,2.169855e-11,4.603826e-13,3.986316e-11,5.189052e-13,6.985951e-12,3.397190e-13
173.8000,2.215036e-11,4.658043e-13,3.979907e-11,5.183925e-13,6.559551e-12,3.311910e-13
173.8500,2.155938e-11,4.587126e-13,4.003732e-11,5.202985e-13,6.372549e-12,3.274510e-13
173.9000,2.197577e-11,4.637092e-13,3.974741e-11,5.179793e-13,6.335612e-12,3.267122e-13
173.9500,2.172447e-11,4.606937e-13,3.981770e-11,5.185416e-13,6.740583e-12,3.348117e-13
174.0000,2.119402e-11,4.543282e-13,3.978804e-11,5.183044e-13,6.775778e-12,3.355156e-13
174.0500,2.065124e-11,4.478149e-13,3.905903e-11,5.124723e-13,6.929768e-12,3.385954e-13
174.1000,2.040944e-11,4.449133e-13,3.903616e-11,5.122893e-13,6.642743e-12,3.328549e-13
174.1500,1.982826e-11,4.379391e-13,3.890631e-11,5.112505e-13,6.389694e-12,3.277939e-13
174.2000,1.915618e-11,4.298741e-13,3.936795e-11,5.149436e-13,6.680019e-12,3.336004e-13
174.2500,1.865647e-11,4.238777e-13,3.900035e-11,5.120028e-13,6.562377e-12,3.312475e-13
174.3000,1.799500e-11,4.159400e-13,3.946039e-11,5.156831e-13,6.970794e-12,3.394159e-13
174.3500,1.779705e-11,4.135646e-13,4.023869e-11,5.219095e-13,6.792532e-12,3.358506e-13
174.4000,1.751026e-11,4.101232e-13,3.928724e-11,5.142979e-13,6.635936e-12,3.327187e-13
174.4500,1.729592e-11,4.075510e-13,4.003114e-11,5.202491e-13,6.228134e-12,3.245627e-13
174.5000,1.696054e-11,4.035264e-13,3.962599e-11,5.170080e-13,6.914063e-12,3.382813e-13
174.5500,1.618026e-11,3.941631e-13,3.950010e-11,5.160008e-13,6.163686e-12,3.232737e-13
174.6000,1.565305e-11,3.878366e-13,3.902979e-11,5.122383e-13,6.838203e-12,3.367641e-13
174.6500,1.556870e-11,3.868244e-13,3.912811e-11,5.130248e-13,7.087901e-12,3.417580e-13
174.7000,1.528576e-11,3.834291e-13,4.012100e-11,5.209680e-13,6.552569e-12,3.310514e-13
174.7500,1.513335e-11,3.816003e-13,3.993581e-11,5.194865e-13,6.432212e-12,3.286442e-13
174.8000,1.493366e-11,3.792039e-13,3.963671e-11,5.170937e-13,6.513900e-12,3.302780e-13
174.8500,1.426596e-11,3.711916e-13,4.071108e-11,5.256886e-13,6.864371e-12,3.372874e-13
174.9000,1.381528e-11,3.657834e-13,3.884254e-11,5.107403e-13,6.110453e-12,3.222091e-13
174.9500,1.373438e-11,3.648125e-13,4.000720e-11,5.200576e-13,6.424104e-12,3.284821e-13
175.0000,1.376368e-11,3.651641e-13,3.974997e-11,5.179998e-13,6.533364e-12,3.306673e-13
175.0500,1.325830e-11,3.590996e-13,3.989760e-11,5.191808e-13,6.428258e-12,3.285652e-13
175.1000,1.246793e-11,3.496151e-13,4.033895e-11,5.227116e-13,6.525020e-12,3.305004e-13
175.1500,1.265297e-11,3.518356e-13,3.996542e-11,5.197233e-13,6.343623e-12,3.268725e-13
175.2000,1.202770e-11,3.443324e-13,4.012938e-11,5.210351e-13,6.244605e-12,3.248921e-13
175.2500,1.188378e-11,3.426053e-13,4.043237e-11,5.234589e-13,6.318078e-12,3.263616e-13
175.3000,1.141741e-11,3.370089e-13,3.952137e-11,5.161709e-13,5.793610e-12,3.158722e-13
175.3500,1.155330e-11,3.386396e-13,4.028230e-11,5.222584e-13,6.187755e-12,3.237551e-13
175.4000,1.117496e-11,3.340995e-13,4.075446e-11,5.260357e-13,5.884689e-12,3.176938e-13
175.4500,1.084795e-11,3.301754e-13,3.999708e-11,5.199766e-13,6.441719e-12,3.288344e-13
175.5000,1.040158e-11,3.248189e-13,3.970256e-11,5.176205e-13,5.921951e-12,3.184390e-13
175.5500,1.040307e-11,3.248368e-13,3.993041e-11,5.194433e-13,5.688689e-12,3.137738e-13
175.6000,1.032058e-11,3.238470e-13,3.966735e-11,5.173388e-13,6.173195e-12,3.234639e-13
175.6500,1.015199e-11,3.218239e-13,4.000189e-11,5.200151e-13,5.847928e-12,3.169586e-13
175.7000,1.026631e-11,3.231958e-13,4.055996e-11,5.244797e-13,5.680087e-12,3.136017e-13
175.7500,9.996828e-12,3.199619e-13,3.978451e-11,5.182761e-13,5.686869e-12,3.137374e-13
175.8000,9.960883e-12,3.195306e-13,3.970332e-11,5.176265e-13,5.754381e-12,3.150876e-13
175.8500,9.661201e-12,3.159344e-13,4.007560e-11,5.206048e-13,5.512117e-12,3.102423e-13
175.9000,9.213717e-12,3.105646e-13,4.006270e-11,5.205016e-13,5.273429e-12,3.054686e-13
175.9500,8.875983e-12,3.065118e-13,3.950812e-11,5.160650e-13,5.683757e-12,3.136751e-13
176.0000,9.642317e-12,3.157078e-13,4.001014e-11,5.200811e-13,5.427697e-12,3.085539e-13
176.0500,1.011472e-11,3.213767e-13,3.922520e-11,5.138016e-13,6.056162e-12,3.211232e-13
176.1000,1.032583e-11,3.239099e-13,4.054414e-11,5.243531e-13,5.295534e-12,3.059107e-13
176.1500,1.046728e-11,3.256074e-13,3.998919e-11,5.199136e-13,5.555564e-12,3.111113e-13
176.2000,1.139108e-11,3.366930e-13,4.036679e-11,5.229343e-13,5.112738e-12,3.022548e-13
176.2500,1.212814e-11,3.455377e-13,4.043157e-11,5.234526e-13,5.291068e-12,3.058214e-13
176.3000,1.208411e-11,3.450093e-13,4.005329e-11,5.204263e-13,5.116983e-12,3.023397e-13
176.3500,1.283307e-11,3.539969e-13,4.020882e-11,5.216706e-13,5.100119e-12,3.020024e-13
176.4000,1.319122e-11,3.582946e-13,3.973049e-11,5.178439e-13,5.108215e-12,3.021643e-13
176.4500,1.345640e-11,3.614768e-13,4.026533e-11,5.221226e-13,5.071529e-12,3.014306e-13
176.5000,1.356110e-11,3.627332e-13,4.073415e-11,5.258732e-13,5.036516e-12,3.007303e-13
176.5500,1.362717e-11,3.635260e-13,4.091196e-11,5.272957e-13,5.026012e-12,3.005202e-13
176.6000,1.390196e-11,3.668236e-13,4.006885e-11,5.205508e-13,4.988002e-12,2.997600e-13
176.6500,1.440712e-11,3.728855e-13,3.969384e-11,5.175507e-13,4.880368e-12,2.976074e-13
176.7000,1.461475e-11,3.753770e-13,4.037200e-11,5.229760e-13,5.144470e-12,3.028894e-13
176.7500,1.493116e-11,3.791739e-13,4.106473e-11,5.285178e-13,5.294453e-12,3.058891e-13
176.8000,1.564885e-11,3.877862e-13,4.069250e-11,5.255400e-13,4.647696e-12,2.929539e-13
176.8500,1.560034e-11,3.872041e-13,4.018758e-11,5.215006e-13,4.934365e-12,2.986873e-13
176.9000,1.549818e-11,3.859782e-13,4.153881e-11,5.323105e-13,4.910443e-12,2.982089e-13
176.9500,1.592077e-11,3.910493e-13,4.026910e-11,5.221528e-13,5.390275e-12,3.078055e-13
177.0000,1.615558e-11,3.938670e-13,4.010356e-11,5.208285e-13,5.284829e-12,3.056966e-13
177.0500,1.629193e-11,3.955032e-13,4.023579e-11,5.218864e-13,5.105594e-12,3.021119e-13
177.1000,1.668018e-11,4.001622e-13,3.979071e-11,5.183257e-13,4.608832e-12,2.921766e-13
177.1500,1.698572e-11,4.038286e-13,4.076766e-11,5.261413e-13,5.200913e-12,3.040183e-13
177.2000,1.709229e-11,4.051075e-13,4.056136e-11,5.244908e-13,4.685989e-12,2.937198e-13
177.2500,1.689399e-11,4.027279e-13,3.998453e-11,5.198762e-13,5.468179e-12,3.093636e-13
177.3000,1.765779e-11,4.118935e-13,4.026404e-11,5.221123e-13,5.028284e-12,3.005657e-13
177.3500,1.753494e-11,4.104193e-13,4.065501e-11,5.252401e-13,4.758026e-12,2.951605e-13
177.4000,1.784809e-11,4.141771e-13,4.049472e-11,5.239577e-13,5.306061e-12,3.061212e-13
177.4500,1.724731e-11,4.069678e-13,4.034104e-11,5.227283e-13,5.234957e-12,3.046991e-13
177.5000,1.791196e-11,4.149435e-13,4.031160e-11,5.224928e-13,5.089918e-12,3.017984e-13
177.5500,1.773782e-11,4.128539e-13,4.034909e-11,5.227927e-13,5.000639e-12,3.000128e-13
177.6000,1.817724e-11,4.181268e-13,3.989259e-11,5.191407e-13,5.390872e-12,3.078174e-13
177.6500,1.833903e-11,4.200683e-13,4.021663e-11,5.217331e-13,4.946778e-12,2.989356e-13
177.7000,1.880679e-11,4.256815e-13,4.049166e-11,5.239332e-13,5.072836e-12,3.014567e-13
177.7500,1.849360e-11,4.219232e-13,3.980939e-11,5.184751e-13,5.273352e-12,3.054670e-13
177.8000,1.914289e-11,4.297147e-13,3.970263e-11,5.176211e-13,4.846113e-12,2.969223e-13
177.8500,1.858215e-11,4.229858e-13,4.023703e-11,5.218962e-13,5.148552e-12,3.029710e-13
177.9000,1.913322e-11,4.295987e-13,3.984049e-11,5.187239e-13,5.431412e-12,3.086282e-13
177.9500,1.861648e-11,4.233977e-13,4.048977e-11,5.239181e-13,5.492556e-12,3.098511e-13
178.0000,1.955122e-11,4.346146e-13,4.007305e-11,5.205844e-13,5.189552e-12,3.037910e-13
178.0500,2.002315e-11,4.402778e-13,4.005820e-11,5.204656e-13,5.231027e-12,3.046205e-13
178.1000,1.950552e-11,4.340663e-13,3.979310e-11,5.183448e-13,5.636220e-12,3.127244e-13
178.1500,1.991023e-11,4.389228e-13,4.036126e-11,5.228901e-13,4.842587e-12,2.968517e-13
178.2000,1.955909e-11,4.347091e-13,3.985366e-11,5.188293e-13,5.727158e-12,3.145432e-13
178.2500,1.920366e-11,4.304439e-13,3.999924e-11,5.199939e-13,5.202340e-12,3.040468e-13
178.3000,1.923066e-11,4.307679e-13,3.996263e-11,5.197010e-13,5.064902e-12,3.012980e-13
178.3500,1.976633e-11,4.371960e-13,4.014308e-11,5.211446e-13,5.227532e-12,3.045506e-13
178.4000,1.990396e-11,4.388475e-13,4.120984e-11,5.296787e-13,5.294005e-12,3.058801e-13
178.4500,2.053989e-11,4.464787e-13,4.035660e-11,5.228528e-13,5.392793e-12,3.078559e-13
178.5000,1.923789e-11,4.308546e-13,4.014099e-11,5.211280e-13,5.361342e-12,3.072268e-13
178.5500,2.041662e-11,4.449994e-13,4.008769e-11,5.207016e-13,5.740895e-12,3.148179e-13
178.6000,2.014154e-11,4.416984e-13,4.034156e-11,5.227325e-13,5.556821e-12,3.111364e-13
178.6500,2.047340e-11,4.456808e-13,4.055781e-11,5.244625e-13,5.594694e-12,3.118939e-13
178.7000,2.016503e-11,4.419804e-13,4.005606e-11,5.204485e-13,5.681215e-12,3.136243e-13
178.7500,2.086844e-11,4.504213e-13,3.987473e-11,5.189978e-13,5.271208e-12,3.054242e-13
178.8000,1.997686e-11,4.397223e-13,4.095630e-11,5.276504e-13,5.556437e-12,3.111287e-13
178.8500,2.071262e-11,4.485514e-13,4.001418e-11,5.201134e-13,5.630492e-12,3.126098e-13
178.9000,2.029105e-11,4.434925e-13,4.014305e-11,5.211444e-13,5.148909e-12,3.029782e-13
178.9500,2.045055e-11,4.454066e-13,3.965670e-11,5.172536e-13,5.608577e-12,3.121715e-13
179.0000,1.991017e-11,4.389220e-13,4.069379e-11,5.255503e-13,5.619137e-12,3.123827e-13
179.0500,2.054296e-11,4.465155e-13,4.032407e-11,5.225926e-13,5.656210e-12,3.131242e-13
179.1000,2.043100e-11,4.451719e-13,3.952149e-11,5.161719e-13,5.289635e-12,3.057927e-13
179.1500,2.082836e-11,4.499403e-13,3.980594e-11,5.184475e-13,6.011623e-12,3.202325e-13
179.2000,2.080797e-11,4.496957e-13,4.039336e-11,5.231469e-13,5.555450e-12,3.111090e-13
179.2500,2.086783e-11,4.504140e-13,3.987248e-11,5.189799e-13,5.999199e-12,3.199840e-13
179.3000,2.069927e-11,4.483912e-13,4.004164e-11,5.203331e-13,5.475064e-12,3.095013e-13
179.3500,2.036847e-11,4.444217e-13,3.962654e-11,5.170123e-13,5.303195e-12,3.060639e-13
179.4000,2.061998e-11,4.474398e-13,4.012750e-11,5.210200e-13,6.074097e-12,3.214819e-13
179.4500,2.094322e-11,4.513187e-13,4.025761e-11,5.220608e-13,5.632650e-12,3.126530e-13
179.5000,2.046707e-11,4.456049e-13,4.001052e-11,5.200842e-13,5.778977e-12,3.155795e-13
179.5500,2.156077e-11,4.587292e-13,4.053299e-11,5.242639e-13,6.061232e-12,3.212246e-13
179.6000,2.096999e-11,4.516399e-13,4.035204e-11,5.228163e-13,5.504863e-12,3.100973e-13
179.6500,2.128005e-11,4.553606e-13,4.025873e-11,5.220699e-13,5.729747e-12,3.145949e-13
179.7000,2.085366e-11,4.502439e-13,4.035152e-11,5.228121e-13,6.041036e-12,3.208207e-13
179.7500,2.114384e-11,4.537260e-13,4.060116e-11,5.248093e-13,5.573442e-12,3.114688e-13
179.8000,2.087439e-11,4.504926e-13,4.097103e-11,5.277683e-13,6.166039e-12,3.233208e-13
179.8500,2.115221e-11,4.538266e-13,3.970043e-11,5.176034e-13,5.998421e-12,3.199684e-13
179.9000,2.133896e-11,4.560676e-13,3.968506e-11,5.174805e-13,6.158322e-12,3.231664e-13
179.9500,2.180747e-11,4.616897e-13,4.010174e-11,5.208139e-13,5.951429e-12,3.190286e-13
180.0000,2.067541e-11,4.481049e-13,3.982117e-11,5.185693e-13,5.883842e-12,3.176768e-13
180.0500,1.995149e-11,4.394179e-13,4.027758e-11,5.222207e-13,6.094191e-12,3.218838e-13
180.1000,1.935998e-11,4.323198e-13,4.043158e-11,5.234527e-13,5.786660e-12,3.157332e-13
180.1500,1.921025e-11,4.305230e-13,4.030640e-11,5.224512e-13,5.805952e-12,3.161190e-13
180.2000,1.883904e-11,4.260685e-13,3.932069e-11,5.145655e-13,5.812177e-12,3.162435e-13
180.2500,1.817994e-11,4.181593e-13,4.019704e-11,5.215764e-13,6.134298e-12,3.226860e-13
180.3000,1.723156e-11,4.067787e-13,4.018845e-11,5.215076e-13,5.913109e-12,3.182622e-13
180.3500,1.750971e-11,4.101166e-13,4.019115e-11,5.215292e-13,5.802794e-12,3.160559e-13
180.4000,1.699187e-11,4.039024e-13,4.036277e-11,5.229022e-13,5.639825e-12,3.127965e-13
180.4500,1.684081e-11,4.020897e-13,3.979238e-11,5.183390e-13,5.526823e-12,3.105365e-13
180.5000,1.623449e-11,3.948138e-13,4.023318e-11,5.218654e-13,6.069357e-12,3.213871e-13
180.5500,1.530140e-11,3.836168e-13,3.995564e-11,5.196451e-13,6.080903e-12,3.216181e-13
180.6000,1.515667e-11,3.818801e-13,4.057119e-11,5.245695e-13,5.884659e-12,3.176932e-13
180.6500,1.517423e-11,3.820908e-13,3.939231e-11,5.151385e-13,5.984329e-12,3.196866e-13
180.7000,1.459215e-11,3.751058e-13,4.025058e-11,5.220046e-13,5.985223e-12,3.197045e-13
180.7500,1.399712e-11,3.679655e-13,4.018979e-11,5.215183e-13,6.003985e-12,3.200797e-13
180.8000,1.395476e-11,3.674571e-13,4.006486e-11,5.205188e-13,5.823002e-12,3.164600e-13
180.8500,1.369491e-11,3.643389e-13,4.042568e-11,5.234054e-13,5.982815e-12,3.196563e-13
180.9000,1.368229e-11,3.641874e-13,4.000251e-11,5.200201e-13,5.636944e-12,3.127389e-13
180.9500,1.322383e-11,3.586860e-13,3.976898e-11,5.181519e-13,5.473656e-12,3.094731e-13
181.0000,1.287198e-11,3.544637e-13,3.935703e-11,5.148563e-13,6.005798e-12,3.201160e-13
181.0500,1.263286e-11,3.515943e-13,4.039467e-11,5.231574e-13,5.793373e-12,3.158675e-13
181.1000,1.228803e-11,3.474564e-13,4.012996e-11,5.210397e-13,5.424467e-12,3.084893e-13
181.1500,1.237299e-11,3.484759e-13,4.021049e-11,5.216839e-13,6.321409e-12,3.264282e-13
181.2000,1.156416e-11,3.387699e-13,4.014578e-11,5.211662e-13,5.334600e-12,3.066920e-13
181.2500,1.146990e-11,3.376388e-13,4.034585e-11,5.227668e-13,5.521180e-12,3.104236e-13
181.3000,1.158395e-11,3.390074e-13,3.983973e-11,5.187179e-13,5.747815e-12,3.149563e-13
181.3500,1.128479e-11,3.354175e-13,3.919508e-11,5.135606e-13,5.294575e-12,3.058915e-13
181.4000,1.089892e-11,3.307870e-13,3.920927e-11,5.136742e-13,5.208931e-12,3.041786e-13
181.4500,1.063338e-11,3.276006e-13,4.054972e-11,5.243978e-13,4.989259e-12,2.997852e-13
181.5000,1.133582e-11,3.360299e-13,3.982208e-11,5.185766e-13,5.135161e-12,3.027032e-13
181.5500,1.041081e-11,3.249297e-13,4.006970e-11,5.205576e-13,5.029711e-12,3.005942e-13
181.6000,1.014776e-11,3.217731e-13,4.079989e-11,5.263991e-13,5.012829e-12,3.002566e-13
181.6500,1.033256e-11,3.239908e-13,3.989023e-11,5.191218e-13,5.204963e-12,3.040993e-13
181.7000,1.004766e-11,3.205719e-13,4.030117e-11,5.224093e-13,5.104008e-12,3.020802e-13
181.7500,9.550510e-12,3.146061e-13,4.045227e-11,5.236181e-13,5.578274e-12,3.115655e-13
181.8000,9.270496e-12,3.112460e-13,4.037873e-11,5.230298e-13,5.268686e-12,3.053737e-13
181.8500,9.677940e-12,3.161353e-13,4.026490e-11,5.221192e-13,5.021342e-12,3.004268e-13
181.9000,9.625823e-12,3.155099e-13,4.073100e-11,5.258480e-13,4.735527e-12,2.947105e-13
181.9500,8.827098e-12,3.059252e-13,4.063236e-11,5.250589e-13,4.804769e-12,2.960954e-13
182.0000,9.107196e-12,3.092864e-13,3.989814e-11,5.191851e-13,4.439433e-12,2.887887e-13
182.0500,8.995825e-12,3.079499e-13,4.060334e-11,5.248267e-13,4.806531e-12,2.961306e-13
182.1000,8.957097e-12,3.074852e-13,4.071440e-11,5.257152e-13,5.022273e-12,3.004455e-13
182.1500,8.921739e-12,3.070609e-13,4.002097e-11,5.201678e-13,4.469019e-12,2.893804e-13
182.2000,8.649066e-12,3.037888e-13,4.008306e-11,5.206645e-13,4.591870e-12,2.918374e-13
182.2500,8.152032e-12,2.978244e-13,4.039802e-11,5.231842e-13,4.743330e-12,2.948666e-13
182.3000,8.223035e-12,2.986764e-13,4.077374e-11,5.261899e-13,4.943827e-12,2.988765e-13
182.3500,8.383881e-12,3.006066e-13,4.087972e-11,5.270378e-13,4.422839e-12,2.884568e-13
182.4000,7.995349e-12,2.959442e-13,4.109262e-11,5.287410e-13,4.676531e-12,2.935306e-13
182.4500,7.923148e-12,2.950778e-13,4.072423e-11,5.257938e-13,4.707466e-12,2.941493e-13
182.5000,8.075619e-12,2.969074e-13,4.018265e-11,5.214612e-13,4.114910e-12,2.822982e-13
182.5500,8.296587e-12,2.995590e-13,4.031265e-11,5.225012e-13,4.272617e-12,2.854523e-13
182.6000,7.987273e-12,2.958473e-13,4.019066e-11,5.215252e-13,4.607802e-12,2.921560e-13
182.6500,7.816413e-12,2.937970e-13,4.089603e-11,5.271682e-13,4.437166e-12,2.887433e-13
182.7000,7.530236e-12,2.903628e-13,4.174104e-11,5.339283e-13,4.508063e-12,2.901613e-13
182.7500,7.279279e-12,2.873513e-13,3.980963e-11,5.184770e-13,4.178932e-12,2.835786e-13
182.8000,7.728894e-12,2.927467e-13,4.078417e-11,5.262733e-13,4.197410e-12,2.839482e-13
182.8500,7.375052e-12,2.885006e-13,4.072684e-11,5.258147e-13,4.307424e-12,2.861485e-13
182.9000,7.277905e-12,2.873349e-13,4.066723e-11,5.253379e-13,4.152792e-12,2.830558e-13
182.9500,7.437763e-12,2.892532e-13,4.068957e-11,5.255166e-13,3.850111e-12,2.770022e-13
183.0000,7.380647e-12,2.885678e-13,4.066073e-11,5.252858e-13,4.289760e-12,2.857952e-13
183.0500,7.632106e-12,2.915853e-13,4.068107e-11,5.254485e-13,4.041732e-12,2.808346e-13
183.1000,7.208117e-12,2.864974e-13,4.055826e-11,5.244661e-13,3.912179e-12,2.782436e-13
183.1500,6.845118e-12,2.821414e-13,4.123290e-11,5.298632e-13,4.002335e-12,2.800467e-13
183.2000,6.769849e-12,2.812382e-13,4.100850e-11,5.280680e-13,4.100136e-12,2.820027e-13
183.2500,7.071408e-12,2.848569e-13,4.018771e-11,5.215017e-13,4.133596e-12,2.826719e-13
183.3000,7.279654e-12,2.873558e-13,4.029593e-11,5.223674e-13,3.904610e-12,2.780922e-13
183.3500,6.980886e-12,2.837706e-13,4.062165e-11,5.249732e-13,3.808468e-12,2.761694e-13
183.4000,6.825423e-12,2.819051e-13,4.082597e-11,5.266078e-13,3.724439e-12,2.744888e-13
183.4500,6.300156e-12,2.756019e-13,4.055945e-11,5.244756e-13,3.726535e-12,2.745307e-13
183.5000,6.556634e-12,2.786796e-13,4.043969e-11,5.235175e-13,3.703440e-12,2.740688e-13
183.5500,6.983885e-12,2.838066e-13,4.099670e-11,5.279736e-13,3.524764e-12,2.704953e-13
183.6000,6.890631e-12,2.826876e-13,4.094190e-11,5.275352e-13,3.569089e-12,2.713818e-13
183.6500,6.504061e-12,2.780487e-13,4.031766e-11,5.225413e-13,3.577309e-12,2.715462e-13
183.7000,6.561768e-12,2.787412e-13,4.057248e-11,5.245798e-13,3.639769e-12,2.727954e-13
183.7500,6.566272e-12,2.787953e-13,4.109784e-11,5.287827e-13,3.528761e-12,2.705752e-13
183.8000,6.194391e-12,2.743327e-13,4.086588e-11,5.269270e-13,3.465825e-12,2.693165e-13
183.8500,6.420853e-12,2.770502e-13,4.101495e-11,5.281196e-13,3.158683e-12,2.631737e-13
183.9000,6.164111e-12,2.739693e-13,4.031134e-11,5.224907e-13,3.230850e-12,2.646170e-13
183.9500,6.310753e-12,2.757290e-13,4.122874e-11,5.298300e-13,3.363442e-12,2.672688e-13
184.0000,6.036324e-12,2.724359e-13,4.073294e-11,5.258635e-13,3.552491e-12,2.710498e-13
184.0500,6.170512e-12,2.740461e-13,4.026164e-11,5.220931e-13,3.210490e-12,2.642098e-13
184.1000,6.517981e-12,2.782158e-13,4.045278e-11,5.236223e-13,3.296895e-12,2.659379e-13
184.1500,6.379308e-12,2.765517e-13,4.078859e-11,5.263087e-13,3.232330e-12,2.646466e-13
184.2000,5.777846e-12,2.693342e-13,4.092779e-11,5.274223e-13,3.321036e-12,2.664207e-13
184.2500,5.968604e-12,2.716232e-13,4.020714e-11,5.216571e-13,3.354149e-12,2.670830e-13
184.3000,6.235325e-12,2.748239e-13,4.129158e-11,5.303326e-13,3.474997e-12,2.694999e-13
184.3500,6.077896e-12,2.729347e-13,4.031981e-11,5.225584e-13,2.844954e-12,2.568991e-13
184.4000,6.175896e-12,2.741107e-13,4.120186e-11,5.296149e-13,2.978681e-12,2.595736e-13
184.4500,5.997642e-12,2.719717e-13,4.160595e-11,5.328476e-13,3.106819e-12,2.621364e-13
184.5000,6.203367e-12,2.744404e-13,4.121554e-11,5.297243e-13,3.167507e-12,2.633501e-13
184.5500,5.917741e-12,2.710129e-13,4.056270e-11,5.245016e-13,2.993165e-12,2.598633e-13
184.6000,6.002875e-12,2.720345e-13,4.092512e-11,5.274010e-13,3.048112e-12,2.609622e-13
184.6500,6.154793e-12,2.738575e-13,4.039732e-11,5.231786e-13,2.846835e-12,2.569367e-13
184.7000,6.092626e-12,2.731115e-13,4.061063e-11,5.248851e-13,3.096879e-12,2.619376e-13
184.7500,5.584412e-12,2.670129e-13,4.130993e-11,5.304794e-13,2.814240e-12,2.562848e-13
184.8000,6.079402e-12,2.729528e-13,4.118518e-11,5.294814e-13,3.170082e-12,2.634016e-13
184.8500,5.889764e-12,2.706772e-13,4.029410e-11,5.223528e-13,3.215303e-12,2.643061e-13
184.9000,5.366185e-12,2.643942e-13,4.148814e-11,5.319051e-13,3.129833e-12,2.625967e-13
184.9500,6.024550e-12,2.722946e-13,4.057322e-11,5.245858e-13,2.876818e-12,2.575364e-13
185.0000,5.967211e-12,2.716065e-13,4.061823e-11,5.249458e-13,2.837838e-12,2.567568e-13
185.0500,5.786498e-12,2.694380e-13,4.151643e-11,5.321314e-13,3.128113e-12,2.625623e-13
185.1000,5.691884e-12,2.683026e-13,4.080001e-11,5.264000e-13,2.803545e-12,2.560709e-13
185.1500,5.641107e-12,2.676933e-13,4.096253e-11,5.277002e-13,2.712919e-12,2.542584e-13
185.2000,5.850468e-12,2.702056e-13,4.118755e-11,5.295004e-13,2.801687e-12,2.560337e-13
185.2500,5.903194e-12,2.708383e-13,4.067014e-11,5.253611e-13,2.912615e-12,2.582523e-13
185.3000,5.674765e-12,2.680972e-13,4.196537e-11,5.357230e-13,2.896504e-12,2.579301e-13
185.3500,5.604210e-12,2.672505e-13,4.073838e-11,5.259070e-13,2.763974e-12,2.552795e-13
185.4000,5.791780e-12,2.695014e-13,4.162743e-11,5.330195e-13,2.621048e-12,2.524210e-13
185.4500,5.832642e-12,2.699917e-13,4.107344e-11,5.285875e-13,2.480273e-12,2.496055e-13
185.5000,5.422291e-12,2.650675e-13,4.029050e-11,5.223240e-13,2.793464e-12,2.558693e-13
185.5500,5.783336e-12,2.694000e-13,4.155032e-11,5.324026e-13,3.018425e-12,2.603685e-13
185.6000,5.935144e-12,2.712217e-13,4.107970e-11,5.286376e-13,2.561518e-12,2.512304e-13
185.6500,5.914984e-12,2.709798e-13,4.122028e-11,5.297622e-13,2.796371e-12,2.559274e-13
185.7000,5.319875e-12,2.638385e-13,4.145685e-11,5.316548e-13,2.594539e-12,2.518908e-13
185.7500,5.756725e-12,2.690807e-13,4.087899e-11,5.270319e-13,2.536155e-12,2.507231e-13
185.8000,5.687064e-12,2.682448e-13,4.105116e-11,5.284093e-13,2.370632e-12,2.474126e-13
185.8500,5.835394e-12,2.700247e-13,3.985262e-11,5.188210e-13,2.388644e-12,2.477729e-13
185.9000,5.608253e-12,2.672990e-13,4.127399e-11,5.301919e-13,2.586617e-12,2.517323e-13
185.9500,6.121559e-12,2.734587e-13,4.066976e-11,5.253581e-13,2.657435e-12,2.531487e-13
186.0000,6.195203e-12,2.743424e-13,4.227488e-11,5.381990e-13,2.398124e-12,2.479625e-13
186.0500,6.454223e-12,2.774507e-13,4.084134e-11,5.267307e-13,2.533130e-12,2.506626e-13
186.1000,7.497632e-12,2.899716e-13,4.147835e-11,5.318268e-13,2.201401e-12,2.440280e-13
186.1500,8.137544e-12,2.976505e-13,4.049082e-11,5.239265e-13,2.674835e-12,2.534967e-13
186.2000,8.430002e-12,3.011600e-13,4.104825e-11,5.283860e-13,2.421530e-12,2.484306e-13
186.2500,9.232379e-12,3.107886e-13,4.110626e-11,5.288501e-13,2.305163e-12,2.461033e-13
186.3000,9.389672e-12,3.126761e-13,4.137516e-11,5.310013e-13,2.458691e-12,2.491738e-13
186.3500,9.549925e-12,3.145991e-13,4.126379e-11,5.301103e-13,2.544393e-12,2.508879e-13
186.4000,9.904954e-12,3.188595e-13,4.136740e-11,5.309392e-13,2.506015e-12,2.501203e-13
186.4500,1.084158e-11,3.300989e-13,4.138832e-11,5.311066e-13,2.611656e-12,2.522331e-13
186.5000,1.056101e-11,3.267322e-13,4.153397e-11,5.322717e-13,2.254877e-12,2.450975e-13
186.5500,1.147117e-11,3.376540e-13,4.078630e-11,5.262904e-13,2.733692e-12,2.546738e-13
186.6000,1.230042e-11,3.476051e-13,4.094436e-11,5.275549e-13,2.801340e-12,2.560268e-13
186.6500,1.237072e-11,3.484487e-13,4.047009e-11,5.237607e-13,2.322639e-12,2.464528e-13
186.7000,1.269291e-11,3.523149e-13,4.141408e-11,5.313126e-13,2.728469e-12,2.545694e-13
186.7500,1.302195e-11,3.562634e-13,4.073695e-11,5.258956e-13,2.533821e-12,2.506764e-13
186.8000,1.323807e-11,3.588569e-13,4.183351e-11,5.346681e-13,2.652211e-12,2.530442e-13
186.8500,1.362528e-11,3.635033e-13,4.131604e-11,5.305284e-13,2.605794e-12,2.521159e-13
186.9000,1.425932e-11,3.711118e-13,4.070430e-11,5.256344e-13,2.575625e-12,2.515125e-13
186.9500,1.401636e-11,3.681963e-13,4.131930e-11,5.305544e-13,2.358149e-12,2.471630e-13
187.0000,1.526072e-11,3.831287e-13,4.107277e-11,5.285821e-13,2.665845e-12,2.533169e-13
187.0500,1.494459e-11,3.793351e-13,4.133397e-11,5.306717e-13,2.715268e-12,2.543054e-13
187.1000,1.513164e-11,3.815797e-13,4.156981e-11,5.325585e-13,2.565411e-12,2.513082e-13
187.1500,1.492791e-11,3.791349e-13,4.126342e-11,5.301074e-13,2.728844e-12,2.545769e-13
187.2000,1.569902e-11,3.883883e-13,4.123263e-11,5.298611e-13,2.268193e-12,2.453639e-13
187.2500,1.541701e-11,3.850041e-13,4.100636e-11,5.280509e-13,2.833753e-12,2.566751e-13
187.3000,1.552497e-11,3.862996e-13,4.094534e-11,5.275627e-13,2.964977e-12,2.592995e-13
187.3500,1.589974e-11,3.907969e-13,4.046096e-11,5.236877e-13,2.984144e-12,2.596829e-13
187.4000,1.634568e-11,3.961481e-13,4.123710e-11,5.298968e-13,2.968134e-12,2.593627e-13
187.4500,1.635999e-11,3.963198e-13,4.118618e-11,5.294895e-13,3.216650e-12,2.643330e-13
187.5000,1.688211e-11,4.025853e-13,4.124026e-11,5.299221e-13,3.074665e-12,2.614933e-13
187.5500,1.682981e-11,4.019577e-13,4.012526e-11,5.210021e-13,2.894765e-12,2.578953e-13
187.6000,1.663732e-11,3.996478e-13,4.081815e-11,5.265452e-13,2.838423e-12,2.567685e-13
187.6500,1.701507e-11,4.041808e-13,4.127170e-11,5.301736e-13,3.172263e-12,2.634453e-13
187.7000,1.774038e-11,4.128845e-13,4.057640e-11,5.246112e-13,3.084062e-12,2.616812e-13
187.7500,1.786632e-11,4.143958e-13,4.009987e-11,5.207990e-13,3.260780e-12,2.652156e-13
187.8000,1.735152e-11,4.082182e-13,4.088054e-11,5.270443e-13,3.187675e-12,2.637535e-13
187.8500,1.778252e-11,4.133903e-13,4.093244e-11,5.274595e-13,3.444213e-12,2.688843e-13
187.9000,1.841687e-11,4.210025e-13,4.023163e-11,5.218531e-13,3.649288e-12,2.729858e-13
187.9500,1.878206e-11,4.253847e-13,4.066338e-11,5.253071e-13,3.224761e-12,2.644952e-13
188.0000,1.883275e-11,4.259930e-13,4.153868e-11,5.323094e-13,3.354264e-12,2.670853e-13
188.0500,1.871139e-11,4.245367e-13,4.082966e-11,5.266373e-13,3.630501e-12,2.726100e-13
188.1000,1.849347e-11,4.219216e-13,4.014070e-11,5.211256e-13,3.693685e-12,2.738737e-13
188.1500,1.872537e-11,4.247044e-13,4.101416e-11,5.281133e-13,3.286163e-12,2.657233e-13
188.2000,1.910313e-11,4.292376e-13,4.068036e-11,5.254429e-13,3.707815e-12,2.741563e-13
188.2500,1.865226e-11,4.238271e-13,4.055277e-11,5.244221e-13,3.280541e-12,2.656108e-13
188.3000,1.893411e-11,4.272093e-13,4.088080e-11,5.270464e-13,3.605457e-12,2.721091e-13
188.3500,1.903724e-11,4.284468e-13,4.077608e-11,5.262086e-13,3.649816e-12,2.729963e-13
188.4000,1.886867e-11,4.264241e-13,4.020033e-11,5.216027e-13,3.629640e-12,2.725928e-13
188.4500,1.927856e-11,4.313427e-13,4.032367e-11,5.225893e-13,3.575417e-12,2.715083e-13
188.5000,1.948624e-11,4.338349e-13,4.078587e-11,5.262869e-13,3.738449e-12,2.747690e-13
188.5500,1.932697e-11,4.319236e-13,4.000103e-11,5.200082e-13,3.734585e-12,2.746917e-13
188.6000,1.981053e-11,4.377264e-13,4.102940e-11,5.282352e-13,3.807676e-12,2.761535e-13
188.6500,1.971143e-11,4.365371e-13,4.049232e-11,5.239385e-13,4.246437e-12,2.849287e-13
188.7000,1.961744e-11,4.354092e-13,4.048383e-11,5.238706e-13,4.224237e-12,2.844847e-13
188.7500,2.004370e-11,4.405244e-13,4.073022e-11,5.258418e-13,4.004696e-12,2.800939e-13
188.8000,2.006131e-11,4.407357e-13,4.060827e-11,5.248661e-13,4.060681e-12,2.812136e-13
188.8500,1.977831e-11,4.373397e-13,4.075725e-11,5.260580e-13,4.236110e-12,2.847222e-13
188.9000,2.033126e-11,4.439751e-13,4.038653e-11,5.230922e-13,4.287563e-12,2.857513e-13
188.9500,2.060893e-11,4.473071e-13,4.103095e-11,5.282476e-13,3.703650e-12,2.740730e-13
189.0000,2.029347e-11,4.435217e-13,4.109329e-11,5.287463e-13,4.090921e-12,2.818184e-13
189.0500,2.016103e-11,4.419323e-13,4.028488e-11,5.222790e-13,4.206211e-12,2.841242e-13
189.1000,2.015526e-11,4.418631e-13,4.027483e-11,5.221987e-13,4.208152e-12,2.841630e-13
189.1500,2.017765e-11,4.421318e-13,4.033357e-11,5.226685e-13,4.188411e-12,2.837682e-13
189.2000,2.032254e-11,4.438704e-13,4.085805e-11,5.268644e-13,4.313577e-12,2.862715e-13
189.2500,2.024718e-11,4.429661e-13,4.041100e-11,5.232880e-13,4.477317e-12,2.895463e-13
189.3000,2.037512e-11,4.445015e-13,4.011988e-11,5.209590e-13,4.896437e-12,2.979287e-13
189.3500,2.069010e-11,4.482812e-13,4.031836e-11,5.225468e-13,4.428399e-12,2.885680e-13
189.4000,2.079222e-11,4.495067e-13,3.975624e-11,5.180499e-13,4.871427e-12,2.974285e-13
189.4500,2.103341e-11,4.524010e-13,4.069230e-11,5.255384e-13,3.958703e-12,2.791741e-13
189.5000,2.039879e-11,4.447855e-13,4.069016e-11,5.255213e-13,4.541228e-12,2.908246e-13
189.5500,2.101644e-11,4.521973e-13,3.996448e-11,5.197159e-13,4.860791e-12,2.972158e-13
189.6000,2.021638e-11,4.425966e-13,4.087563e-11,5.270051e-13,4.488724e-12,2.897745e-13
189.6500,2.137134e-11,4.564561e-13,4.067458e-11,5.253966e-13,4.600080e-12,2.920016e-13
189.7000,2.078650e-11,4.494380e-13,3.999086e-11,5.199269e-13,4.230863e-12,2.846173e-13
189.7500,2.065871e-11,4.479045e-13,3.930545e-11,5.144436e-13,4.679125e-12,2.935825e-13
189.8000,2.126368e-11,4.551642e-13,4.026461e-11,5.221169e-13,4.762317e-12,2.952463e-13
189.8500,2.095330e-11,4.514396e-13,4.038795e-11,5.231036e-13,5.186057e-12,3.037211e-13
189.9000,2.119981e-11,4.543977e-13,4.079613e-11,5.263691e-13,4.685653e-12,2.937131e-13
189.9500,2.092286e-11,4.510743e-13,4.029577e-11,5.223662e-13,4.709158e-12,2.941832e-13
190.0000,2.089560e-11,4.507472e-13,4.072458e-11,5.257966e-13,4.876761e-12,2.975352e-13
190.0500,1.965729e-11,4.358875e-13,3.997366e-11,5.197893e-13,4.829125e-12,2.965825e-13
190.1000,1.949544e-11,4.339453e-13,4.031143e-11,5.224914e-13,5.386301e-12,3.077260e-13
190.1500,1.951470e-11,4.341764e-13,4.056067e-11,5.244854e-13,4.862901e-12,2.972580e-13
190.2000,1.871997e-11,4.246397e-13,3.990040e-11,5.192032e-13,5.025686e-12,3.005137e-13
190.2500,1.868726e-11,4.242471e-13,3.990839e-11,5.192671e-13,4.915794e-12,2.983159e-13
190.3000,1.790843e-11,4.149012e-13,4.048262e-11,5.238610e-13,5.239361e-12,3.047872e-13
190.3500,1.694520e-11,4.033424e-13,4.041111e-11,5.232889e-13,5.015753e-12,3.003151e-13
190.4000,1.696930e-11,4.036316e-13,4.023398e-11,5.218718e-13,4.605555e-12,2.921111e-13
190.4500,1.676325e-11,4.011590e-13,4.011308e-11,5.209046e-13,4.820752e-12,2.964150e-13
190.5000,1.607670e-11,3.929203e-13,4.064747e-11,5.251798e-13,5.292417e-12,3.058483e-13
190.5500,1.603285e-11,3.923942e-13,4.092425e-11,5.273940e-13,5.108190e-12,3.021638e-13
190.6000,1.542021e-11,3.850425e-13,4.020283e-11,5.216226e-13,5.481575e-12,3.096315e-13
190.6500,1.442229e-11,3.730675e-13,4.057881e-11,5.246304e-13,4.868842e-12,2.973768e-13
190.7000,1.501492e-11,3.801790e-13,4.074552e-11,5.259641e-13,4.714579e-12,2.942916e-13
190.7500,1.424223e-11,3.709068e-13,4.000650e-11,5.200520e-13,5.014751e-12,3.002950e-13
190.8000,1.399253e-11,3.679104e-13,3.964174e-11,5.171339e-13,4.964514e-12,2.992903e-13
190.8500,1.299302e-11,3.559162e-13,4.036994e-11,5.229596e-13,5.033575e-12,3.006715e-13
190.9000,1.305576e-11,3.566691e-13,4.088533e-11,5.270826e-13,5.211153e-12,3.042231e-13
190.9500,1.282571e-11,3.539086e-13,4.056027e-11,5.244821e-13,5.039715e-12,3.007943e-13
191.0000,1.230192e-11,3.476230e-13,4.035414e-11,5.228332e-13,5.033377e-12,3.006675e-13
191.0500,1.256579e-11,3.507895e-13,4.097073e-11,5.277659e-13,4.788077e-12,2.957615e-13
191.1000,1.237007e-11,3.484408e-13,4.025094e-11,5.220075e-13,5.017908e-12,3.003582e-13
191.1500,1.232074e-11,3.478488e-13,4.043509e-11,5.234807e-13,5.005385e-12,3.001077e-13
191.2000,1.177184e-11,3.412621e-13,4.026018e-11,5.220814e-13,4.737413e-12,2.947483e-13
191.2500,1.167902e-11,3.401482e-13,4.088764e-11,5.271011e-13,4.790197e-12,2.958039e-13
191.3000,1.105433e-11,3.326519e-13,4.045236e-11,5.236189e-13,5.099613e-12,3.019923e-13
191.3500,1.103683e-11,3.324420e-13,4.023100e-11,5.218480e-13,4.514774e-12,2.902955e-13
191.4000,1.127049e-11,3.352458e-13,4.063908e-11,5.251126e-13,4.797813e-12,2.959563e-13
191.4500,1.063504e-11,3.276205e-13,4.057701e-11,5.246161e-13,4.387682e-12,2.877536e-13
191.5000,1.011851e-11,3.214222e-13,4.025371e-11,5.220297e-13,5.245907e-12,3.049181e-13
191.5500,1.022855e-11,3.227425e-13,4.022543e-11,5.218034e-13,4.571494e-12,2.914299e-13
191.6000,9.983749e-12,3.198050e-13,4.020251e-11,5.216201e-13,4.461956e-12,2.892391e-13
191.6500,1.018018e-11,3.221622e-13,4.081705e-11,5.265364e-13,4.592773e-12,2.918555e-13
191.7000,9.886807e-12,3.186417e-13,4.125732e-11,5.300585e-13,4.520125e-12,2.904025e-13
191.7500,9.511376e-12,3.141365e-13,4.019102e-11,5.215281e-13,4.812243e-12,2.962449e-13
191.8000,9.910961e-12,3.189315e-13,4.033218e-11,5.226574e-13,4.185754e-12,2.837151e-13
191.8500,9.735371e-12,3.168245e-13,4.016012e-11,5.212810e-13,4.716202e-12,2.943240e-13
191.9000,8.789414e-12,3.054730e-13,4.076615e-11,5.261292e-13,4.465050e-12,2.893010e-13
191.9500,9.068125e-12,3.088175e-13,4.051433e-11,5.241146e-13,4.041046e-12,2.808209e-13
192.0000,9.618321e-12,3.154198e-13,4.042856e-11,5.234284e-13,4.549125e-12,2.909825e-13
192.0500,9.872626e-12,3.184715e-13,4.065471e-11,5.252376e-13,4.184670e-12,2.836934e-13
192.1000,1.033892e-11,3.240670e-13,4.056990e-11,5.245592e-13,4.103031e-12,2.820606e-13
192.1500,1.105643e-11,3.326771e-13,4.034209e-11,5.227367e-13,4.215353e-12,2.843071e-13
192.2000,1.141982e-11,3.370378e-13,4.112517e-11,5.290014e-13,4.497501e-12,2.899500e-13
192.2500,1.218640e-11,3.462369e-13,4.085600e-11,5.268480e-13,4.142196e-12,2.828439e-13
192.3000,1.181760e-11,3.418112e-13,4.066028e-11,5.252822e-13,4.255470e-12,2.851094e-13
192.3500,1.281548e-11,3.537858e-13,4.027459e-11,5.221967e-13,4.332936e-12,2.866587e-13
192.4000,1.256588e-11,3.507905e-13,4.060803e-11,5.248643e-13,3.960578e-12,2.792116e-13
192.4500,1.313383e-11,3.576060e-13,4.059472e-11,5.247577e-13,4.077377e-12,2.815475e-13
192.5000,1.364403e-11,3.637283e-13,4.065609e-11,5.252487e-13,4.315511e-12,2.863102e-13
192.5500,1.384734e-11,3.661681e-13,4.073787e-11,5.259029e-13,4.640603e-12,2.928121e-13
192.6000,1.404798e-11,3.685757e-13,4.042961e-11,5.234368e-13,4.147807e-12,2.829561e-13
192.6500,1.455841e-11,3.747009e-13,4.062928e-11,5.250342e-13,4.559598e-12,2.911920e-13
192.7000,1.455348e-11,3.746418e-13,4.018677e-11,5.214942e-13,4.286730e-12,2.857346e-13
192.7500,1.469081e-11,3.762898e-13,4.052390e-11,5.241912e-13,4.260741e-12,2.852148e-13
192.8000,1.546152e-11,3.855382e-13,4.007349e-11,5.205879e-13,4.364614e-12,2.872923e-13
192.8500,1.521686e-11,3.826023e-13,4.109100e-11,5.287280e-13,4.170817e-12,2.834163e-13
192.9000,1.546668e-11,3.856001e-13,4.063324e-11,5.250659e-13,4.170476e-12,2.834095e-13
192.9500,1.528130e-11,3.833756e-13,4.078272e-11,5.262618e-13,4.487309e-12,2.897462e-13
193.0000,1.617883e-11,3.941460e-13,4.068081e-11,5.254465e-13,4.488971e-12,2.897794e-13
193.0500,1.625939e-11,3.951127e-13,4.039388e-11,5.231511e-13,4.404603e-12,2.880921e-13
193.1000,1.625700e-11,3.950840e-13,4.047227e-11,5.237782e-13,4.108320e-12,2.821664e-13
193.1500,1.630004e-11,3.956005e-13,4.060355e-11,5.248284e-13,4.421717e-12,2.884343e-13
193.2000,1.647687e-11,3.977224e-13,4.008740e-11,5.206992e-13,4.030378e-12,2.806076e-13
193.2500,1.699885e-11,4.039862e-13,4.028482e-11,5.222786e-13,4.563551e-12,2.912710e-13
193.3000,1.735306e-11,4.082368e-13,4.066217e-11,5.252974e-13,3.991268e-12,2.798254e-13
193.3500,1.699986e-11,4.039984e-13,4.114566e-11,5.291653e-13,4.377413e-12,2.875483e-13
193.4000,1.815096e-11,4.178115e-13,4.072003e-11,5.257602e-13,3.964476e-12,2.792895e-13
193.4500,1.804617e-11,4.165540e-13,4.083123e-11,5.266498e-13,4.262157e-12,2.852431e-13
193.5000,1.762300e-11,4.114759e-13,4.070401e-11,5.256321e-13,4.479003e-12,2.895801e-13
193.5500,1.809236e-11,4.171083e-13,4.026582e-11,5.221266e-13,4.247023e-12,2.849405e-13
193.6000,1.804523e-11,4.165427e-13,4.037877e-11,5.230302e-13,4.463993e-12,2.892799e-13
193.6500,1.815629e-11,4.178755e-13,4.031292e-11,5.225034e-13,4.581531e-12,2.916306e-13
193.7000,1.868305e-11,4.241967e-13,4.067818e-11,5.254254e-13,4.292116e-12,2.858423e-13
193.7500,1.862329e-11,4.234795e-13,4.075598e-11,5.260479e-13,4.538808e-12,2.907762e-13
193.8000,1.862362e-11,4.234834e-13,4.073151e-11,5.258521e-13,4.276338e-12,2.855268e-13
193.8500,1.846555e-11,4.215866e-13,4.040798e-11,5.232639e-13,4.656274e-12,2.931255e-13
193.9000,1.893959e-11,4.272751e-13,4.005836e-11,5.204669e-13,4.521768e-12,2.904354e-13
193.9500,1.887488e-11,4.264985e-13,4.017847e-11,5.214277e-13,4.642042e-12,2.928408e-13
194.0000,1.859729e-11,4.231675e-13,4.049290e-11,5.239432e-13,4.623048e-12,2.924610e-13
194.0500,1.805296e-11,4.166355e-13,4.044914e-11,5.235931e-13,4.752126e-12,2.950425e-13
194.1000,1.793206e-11,4.151847e-13,4.059399e-11,5.247519e-13,5.220240e-12,3.044048e-13
194.1500,1.725172e-11,4.070206e-13,4.134771e-11,5.307817e-13,4.477087e-12,2.895417e-13
194.2000,1.654180e-11,3.985016e-13,4.029255e-11,5.223404e-13,4.326890e-12,2.865378e-13
194.2500,1.591608e-11,3.909929e-13,4.020992e-11,5.216794e-13,4.810778e-12,2.962156e-13
194.3000,1.593760e-11,3.912513e-13,4.002476e-11,5.201981e-13,4.312430e-12,2.862486e-13
194.3500,1.556037e-11,3.867244e-13,3.973867e-11,5.179094e-13,4.520935e-12,2.904187e-13
194.4000,1.517582e-11,3.821099e-13,4.020096e-11,5.216077e-13,4.667041e-12,2.933408e-13
194.4500,1.481738e-11,3.778086e-13,4.060307e-11,5.248245e-13,4.293589e-12,2.858718e-13
194.5000,1.451243e-11,3.741492e-13,4.006843e-11,5.205474e-13,4.857310e-12,2.971462e-13
194.5500,1.423968e-11,3.708761e-13,3.991344e-11,5.193075e-13,4.877654e-12,2.975531e-13
194.6000,1.382373e-11,3.658847e-13,3.998445e-11,5.198756e-13,4.855530e-12,2.971106e-13
194.6500,1.369879e-11,3.643854e-13,3.979998e-11,5.183998e-13,4.882149e-12,2.976430e-13
194.7000,1.357893e-11,3.629472e-13,4.035564e-11,5.228451e-13,4.800571e-12,2.960114e-13
194.7500,1.323493e-11,3.588191e-13,4.023617e-11,5.218893e-13,4.772355e-12,2.954471e-13
194.8000,1.297052e-11,3.556463e-13,4.006841e-11,5.205473e-13,4.251908e-12,2.850382e-13
194.8500,1.245135e-11,3.494162e-13,4.066971e-11,5.253577e-13,4.570175e-12,2.914035e-13
194.9000,1.174978e-11,3.409973e-13,4.092322e-11,5.273858e-13,4.616942e-12,2.923388e-13
194.9500,1.211093e-11,3.453311e-13,4.052034e-11,5.241628e-13,4.809797e-12,2.961959e-13
195.0000,1.168908e-11,3.402689e-13,3.974785e-11,5.179828e-13,4.254692e-12,2.850938e-13
195.0500,1.138999e-11,3.366799e-13,4.091237e-11,5.272990e-13,4.710916e-12,2.942183e-13
195.1000,1.177507e-11,3.413009e-13,4.045366e-11,5.236293e-13,4.647376e-12,2.929475e-13
195.1500,1.099799e-11,3.319759e-13,3.948919e-11,5.159136e-13,4.475511e-12,2.895102e-13
195.2000,1.079099e-11,3.294919e-13,4.006679e-11,5.205343e-13,4.281184e-12,2.856237e-13
195.2500,1.041003e-11,3.249204e-13,4.077144e-11,5.261715e-13,4.411232e-12,2.882246e-13
195.3000,1.074421e-11,3.289305e-13,4.016841e-11,5.213473e-13,3.950010e-12,2.790002e-13
195.3500,1.044531e-11,3.253438e-13,4.003717e-11,5.202974e-13,4.076692e-12,2.815338e-13
195.4000,1.020098e-11,3.224117e-13,4.047728e-11,5.238182e-13,4.378987e-12,2.875797e-13
195.4500,9.759190e-12,3.171103e-13,4.061216e-11,5.248972e-13,4.528170e-12,2.905634e-13
195.5000,9.838791e-12,3.180655e-13,4.113067e-11,5.290454e-13,4.520491e-12,2.904098e-13
195.5500,9.824666e-12,3.178960e-13,4.065146e-11,5.252117e-13,4.300889e-12,2.860178e-13
195.6000,9.834949e-12,3.180194e-13,4.073196e-11,5.258556e-13,4.314580e-12,2.862916e-13
195.6500,9.397805e-12,3.127737e-13,4.025429e-11,5.220343e-13,4.730569e-12,2.946114e-13
195.7000,9.309343e-12,3.117121e-13,4.086764e-11,5.269412e-13,4.168425e-12,2.833685e-13
195.7500,9.302135e-12,3.116256e-13,4.111278e-11,5.289022e-13,4.018823e-12,2.803765e-13
195.8000,9.402178e-12,3.128261e-13,4.017877e-11,5.214302e-13,3.950157e-12,2.790031e-13
195.8500,8.962315e-12,3.075478e-13,4.032809e-11,5.226247e-13,4.376327e-12,2.875265e-13
195.9000,8.636615e-12,3.036394e-13,4.030284e-11,5.224227e-13,3.804919e-12,2.760984e-13
195.9500,8.607427e-12,3.032891e-13,4.087403e-11,5.269922e-13,4.187716e-12,2.837543e-13
196.0000,8.519084e-12,3.022290e-13,4.014702e-11,5.211762e-13,4.007557e-12,2.801511e-13
196.0500,8.436754e-12,3.012410e-13,4.087145e-11,5.269716e-13,4.326209e-12,2.865242e-13
196.1000,8.318019e-12,2.998162e-13,4.077427e-11,5.261941e-13,3.867819e-12,2.773564e-13
196.1500,8.642332e-12,3.037080e-13,3.971324e-11,5.177059e-13,4.041065e-12,2.808213e-13
196.2000,8.035929e-12,2.964312e-13,4.053139e-11,5.242511e-13,3.774775e-12,2.754955e-13
196.2500,7.899268e-12,2.947912e-13,4.023073e-11,5.218459e-13,3.932949e-12,2.786590e-13
196.3000,7.964132e-12,2.955696e-13,4.071486e-11,5.257189e-13,3.942260e-12,2.788452e-13
196.3500,8.130868e-12,2.975704e-13,4.064340e-11,5.251472e-13,3.538416e-12,2.707683e-13
196.4000,7.940422e-12,2.952851e-13,4.017081e-11,5.213665e-13,3.914140e-12,2.782828e-13
196.4500,7.723159e-12,2.926779e-13,4.074782e-11,5.259825e-13,3.850843e-12,2.770169e-13
196.5000,7.535263e-12,2.904232e-13,4.090978e-11,5.272782e-13,3.977784e-12,2.795557e-13
196.5500,7.573452e-12,2.908814e-13,4.058256e-11,5.246605e-13,3.599841e-12,2.719968e-13
196.6000,7.380514e-12,2.885662e-13,4.015565e-11,5.212452e-13,4.023055e-12,2.804611e-13
196.6500,7.650801e-12,2.918096e-13,4.139507e-11,5.311606e-13,3.641226e-12,2.728245e-13
196.7000,7.384359e-12,2.886123e-13,4.106039e-11,5.284831e-13,3.440956e-12,2.688191e-13
196.7500,7.507870e-12,2.900944e-13,3.947287e-11,5.157830e-13,3.414343e-12,2.682869e-13
196.8000,7.064883e-12,2.847786e-13,3.999276e-11,5.199421e-13,3.583800e-12,2.716760e-13
196.8500,7.104915e-12,2.852590e-13,4.046344e-11,5.237075e-13,3.361364e-12,2.672273e-13
196.9000,6.792823e-12,2.815139e-13,4.102738e-11,5.282190e-13,3.540218e-12,2.708044e-13
196.9500,7.537781e-12,2.904534e-13,4.055535e-11,5.244428e-13,3.479447e-12,2.695889e-13
197.0000,7.052096e-12,2.846252e-13,4.089501e-11,5.271601e-13,3.732198e-12,2.746440e-13
197.0500,6.983639e-12,2.838037e-13,4.135821e-11,5.308657e-13,3.804333e-12,2.760867e-13
197.1000,6.991530e-12,2.838984e-13,4.103960e-11,5.283168e-13,3.493467e-12,2.698693e-13
197.1500,6.828733e-12,2.819448e-13,4.132133e-11,5.305706e-13,3.317465e-12,2.663493e-13
197.2000,6.687985e-12,2.802558e-13,4.119372e-11,5.295497e-13,3.613638e-12,2.722728e-13
197.2500,6.592664e-12,2.791120e-13,4.101968e-11,5.281574e-13,3.355288e-12,2.671058e-13
197.3000,6.751320e-12,2.810158e-13,4.147011e-11,5.317609e-13,2.961399e-12,2.592280e-13
197.3500,6.960116e-12,2.835214e-13,4.082245e-11,5.265796e-13,2.918267e-12,2.583653e-13
197.4000,6.771381e-12,2.812566e-13,4.126069e-11,5.300855e-13,3.141428e-12,2.628286e-13
197.4500,6.830730e-12,2.819688e-13,4.072658e-11,5.258126e-13,3.624560e-12,2.724912e-13
197.5000,6.470616e-12,2.776474e-13,4.102955e-11,5.282364e-13,3.093165e-12,2.618633e-13
197.5500,6.533243e-12,2.783989e-13,4.051157e-11,5.240926e-13,3.382957e-12,2.676591e-13
197.6000,6.441912e-12,2.773029e-13,4.073742e-11,5.258994e-13,3.178206e-12,2.635641e-13
197.6500,6.463719e-12,2.775646e-13,4.115583e-11,5.292467e-13,3.286970e-12,2.657394e-13
197.7000,6.490371e-12,2.778845e-13,4.045044e-11,5.236035e-13,2.923210e-12,2.584642e-13
197.7500,6.465194e-12,2.775823e-13,4.145832e-11,5.316665e-13,2.846659e-12,2.569332e-13
197.8000,6.815280e-12,2.817834e-13,4.135762e-11,5.308610e-13,3.156989e-12,2.631398e-13
197.8500,6.405399e-12,2.768648e-13,4.159916e-11,5.327933e-13,2.674774e-12,2.534955e-13
197.9000,6.356882e-12,2.762826e-13,4.070843e-11,5.256675e-13,3.073830e-12,2.614766e-13
197.9500,6.409270e-12,2.769112e-13,4.118237e-11,5.294590e-13,3.118876e-12,2.623775e-13
198.0000,6.894798e-12,2.827376e-13,4.087368e-11,5.269894e-13,2.843199e-12,2.568640e-13
198.0500,7.423943e-12,2.890873e-13,4.139606e-11,5.311685e-13,2.473807e-12,2.494761e-13
198.1000,7.933515e-12,2.952022e-13,4.097146e-11,5.277717e-13,2.726611e-12,2.545322e-13
198.1500,7.917887e-12,2.950146e-13,4.117256e-11,5.293805e-13,3.132652e-12,2.626530e-13
198.2000,9.208688e-12,3.105043e-13,4.119679e-11,5.295743e-13,3.213942e-12,2.642788e-13
198.2500,9.181808e-12,3.101817e-13,4.107425e-11,5.285940e-13,2.902186e-12,2.580437e-13
198.3000,9.726982e-12,3.167238e-13,4.103668e-11,5.282934e-13,3.174290e-12,2.634858e-13
198.3500,1.015509e-11,3.218611e-13,4.042247e-11,5.233798e-13,2.987365e-12,2.597473e-13
198.4000,1.090646e-11,3.308776e-13,4.090623e-11,5.272498e-13,3.164296e-12,2.632859e-13
198.4500,1.094414e-11,3.313296e-13,4.122798e-11,5.298238e-13,3.085817e-12,2.617163e-13
198.5000,1.122551e-11,3.347061e-13,4.167668e-11,5.334135e-13,2.819141e-12,2.563828e-13
198.5500,1.196295e-11,3.435553e-13,4.080490e-11,5.264392e-13,3.333193e-12,2.666639e-13
198.6000,1.176853e-11,3.412224e-13,4.114968e-11,5.291974e-13,2.780092e-12,2.556018e-13
198.6500,1.284024e-11,3.540828e-13,4.098803e-11,5.279043e-13,2.699679e-12,2.539936e-13
198.7000,1.308629e-11,3.570355e-13,4.035878e-11,5.228702e-13,3.171777e-12,2.634355e-13
198.7500,1.306084e-11,3.567301e-13,4.089084e-11,5.271267e-13,3.222501e-12,2.644500e-13
198.8000,1.340549e-11,3.608658e-13,4.054389e-11,5.243511e-13,2.796877e-12,2.559375e-13
198.8500,1.378785e-11,3.654542e-13,4.108079e-11,5.286463e-13,2.840810e-12,2.568162e-13
198.9000,1.374591e-11,3.649509e-13,4.115266e-11,5.292212e-13,3.084625e-12,2.616925e-13
198.9500,1.413818e-11,3.696581e-13,4.068660e-11,5.254928e-13,3.217722e-12,2.643544e-13
199.0000,1.405273e-11,3.686327e-13,4.152688e-11,5.322151e-13,3.149749e-12,2.629950e-13
199.0500,1.519351e-11,3.823221e-13,4.111141e-11,5.288913e-13,2.941224e-12,2.588245e-13
199.1000,1.550859e-11,3.861031e-13,4.087878e-11,5.270302e-13,2.894526e-12,2.578905e-13
199.1500,1.524919e-11,3.829902e-13,4.070255e-11,5.256204e-13,3.033988e-12,2.606798e-13
199.2000,1.501885e-11,3.802261e-13,4.120966e-11,5.296773e-13,3.079570e-12,2.615914e-13
199.2500,1.577939e-11,3.893526e-13,4.135549e-11,5.308439e-13,2.895901e-12,2.579180e-13
199.3000,1.608684e-11,3.930421e-13,4.021538e-11,5.217231e-13,2.935583e-12,2.587117e-13
199.3500,1.614621e-11,3.937546e-13,4.112133e-11,5.289706e-13,3.294581e-12,2.658916e-13
199.4000,1.651496e-11,3.981795e-13,4.122385e-11,5.297908e-13,3.302241e-12,2.660448e-13
199.4500,1.685782e-11,4.022939e-13,4.098684e-11,5.278948e-13,3.618749e-12,2.723750e-13
199.5000,1.714537e-11,4.057444e-13,4.106892e-11,5.285514e-13,3.267900e-12,2.653580e-13
199.5500,1.709711e-11,4.051653e-13,4.106511e-11,5.285209e-13,3.369362e-12,2.673872e-13
199.6000,1.691965e-11,4.030357e-13,4.158797e-11,5.327038e-13,3.149778e-12,2.629956e-13
199.6500,1.756387e-11,4.107665e-13,4.079550e-11,5.263640e-13,3.640672e-12,2.728134e-13
199.7000,1.738925e-11,4.086711e-13,4.035025e-11,5.228020e-13,3.149938e-12,2.629988e-13
199.7500,1.841558e-11,4.209870e-13,4.106805e-11,5.285444e-13,3.546965e-12,2.709393e-13
199.8000,1.789732e-11,4.147678e-13,4.050627e-11,5.240502e-13,3.539316e-12,2.707863e-13
199.8500,1.762431e-11,4.114918e-13,4.122147e-11,5.297718e-13,3.431795e-12,2.686359e-13
199.9000,1.828238e-11,4.193886e-13,4.118567e-11,5.294853e-13,4.036839e-12,2.807368e-13
199.9500,1.810248e-11,4.172298e-13,4.087961e-11,5.270369e-13,3.446431e-12,2.689286e-13
200.0000,1.817087e-11,4.180505e-13,4.114134e-11,5.291308e-13,3.312214e-12,2.662443e-13
200.0500,1.699580e-11,4.039496e-13,4.047033e-11,5.237626e-13,3.976146e-12,2.795229e-13
200.1000,1.723504e-11,4.068204e-13,4.117087e-11,5.293670e-13,3.536675e-12,2.707335e-13
200.1500,1.733298e-11,4.079958e-13,4.058177e-11,5.246542e-13,3.713845e-12,2.742769e-13
200.2000,1.626052e-11,3.951263e-13,4.040940e-11,5.232752e-13,3.901317e-12,2.780263e-13
200.2500,1.612244e-11,3.934693e-13,4.064791e-11,5.251833e-13,3.756217e-12,2.751243e-13
200.3000,1.579456e-11,3.895347e-13,4.060171e-11,5.248137e-13,4.144599e-12,2.828920e-13
200.3500,1.508413e-11,3.810096e-13,4.093283e-11,5.274626e-13,3.717594e-12,2.743519e-13
200.4000,1.472366e-11,3.766839e-13,4.087275e-11,5.269820e-13,4.002890e-12,2.800578e-13
200.4500,1.439265e-11,3.727118e-13,4.145848e-11,5.316678e-13,3.960826e-12,2.792165e-13
200.5000,1.397507e-11,3.677008e-13,4.072929e-11,5.258343e-13,3.722448e-12,2.744490e-13
200.5500,1.385751e-11,3.662901e-13,4.089136e-11,5.271309e-13,3.934153e-12,2.786831e-13
200.6000,1.339649e-11,3.607578e-13,4.019606e-11,5.215685e-13,3.549997e-12,2.709999e-13
200.6500,1.356434e-11,3.627721e-13,4.081316e-11,5.265053e-13,4.040263e-12,2.808053e-13
200.7000,1.345799e-11,3.614959e-13,4.057671e-11,5.246137e-13,3.887777e-12,2.777555e-13
200.7500,1.271601e-11,3.525922e-13,4.051888e-11,5.241510e-13,4.015302e-12,2.803060e-13
200.8000,1.214664e-11,3.457596e-13,4.122377e-11,5.297902e-13,3.990146e-12,2.798029e-13
200.8500,1.190412e-11,3.428494e-13,4.098473e-11,5.278778e-13,3.706607e-12,2.741321e-13
200.9000,1.168333e-11,3.401999e-13,4.090188e-11,5.272150e-13,3.842380e-12,2.768476e-13
200.9500,1.220391e-11,3.464469e-13,4.043578e-11,5.234862e-13,4.103216e-12,2.820643e-13
201.0000,1.151898e-11,3.382278e-13,4.025779e-11,5.220623e-13,3.848094e-12,2.769619e-13
201.0500,1.109967e-11,3.331960e-13,4.114181e-11,5.291345e-13,3.569282e-12,2.713856e-13
201.1000,1.115232e-11,3.338278e-13,4.033214e-11,5.226571e-13,3.848173e-12,2.769635e-13
201.1500,1.087284e-11,3.304741e-13,4.068440e-11,5.254752e-13,3.778371e-12,2.755674e-13
201.2000,1.092828e-11,3.311394e-13,4.075146e-11,5.260117e-13,4.288477e-12,2.857695e-13
201.2500,1.037538e-11,3.245045e-13,4.096404e-11,5.277123e-13,3.682151e-12,2.736430e-13
201.3000,1.028032e-11,3.233639e-13,4.124646e-11,5.299717e-13,3.658063e-12,2.731613e-13
201.3500,1.001670e-11,3.202005e-13,4.066645e-11,5.253316e-13,3.558019e-12,2.711604e-13
201.4000,9.984663e-12,3.198160e-13,4.115090e-11,5.292072e-13,3.500569e-12,2.700114e-13
201.4500,9.744370e-12,3.169324e-13,4.062623e-11,5.250098e-13,3.975680e-12,2.795136e-13
201.5000,9.772286e-12,3.172674e-13,4.099938e-11,5.279950e-13,3.801836e-12,2.760367e-13
201.5500,9.543643e-12,3.145237e-13,4.155648e-11,5.324518e-13,3.342575e-12,2.668515e-13
201.6000,9.191145e-12,3.102937e-13,4.093683e-11,5.274947e-13,3.959214e-12,2.791843e-13
201.6500,9.250697e-12,3.110084e-13,4.056319e-11,5.245055e-13,3.741932e-12,2.748386e-13
201.7000,9.453041e-12,3.134365e-13,3.986793e-11,5.189434e-13,3.381440e-12,2.676288e-13
201.7500,8.748706e-12,3.049845e-13,4.071055e-11,5.256844e-13,3.214782e-12,2.642956e-13
201.8000,8.611714e-12,3.033406e-13,4.120763e-11,5.296610e-13,3.381031e-12,2.676206e-13
201.8500,9.013041e-12,3.081565e-13,4.093254e-11,5.274603e-13,3.642231e-12,2.728446e-13
201.9000,8.298818e-12,2.995858e-13,4.089453e-11,5.271562e-13,3.528624e-12,2.705725e-13
201.9500,8.606186e-12,3.032742e-13,4.059208e-11,5.247366e-13,3.246820e-12,2.649364e-13
202.0000,9.081692e-12,3.089803e-13,4.089182e-11,5.271346e-13,3.375757e-12,2.675151e-13
202.0500,9.472571e-12,3.136709e-13,4.056703e-11,5.245362e-13,3.386626e-12,2.677325e-13
202.1000,9.767649e-12,3.172118e-13,4.154157e-11,5.323326e-13,3.601717e-12,2.720343e-13
202.1500,1.035285e-11,3.242342e-13,4.155962e-11,5.324770e-13,3.456447e-12,2.691289e-13
202.2000,1.101338e-11,3.321605e-13,4.154804e-11,5.323843e-13,3.690439e-12,2.738088e-13
202.2500,1.116164e-11,3.339397e-13,4.112443e-11,5.289954e-13,3.258284e-12,2.651657e-13
202.3000,1.151952e-11,3.382342e-13,4.072766e-11,5.258213e-13,3.231424e-12,2.646285e-13
202.3500,1.217498e-11,3.460998e-13,4.088467e-11,5.270774e-13,3.962256e-12,2.792451e-13
202.4000,1.204550e-11,3.445460e-13,4.111866e-11,5.289493e-13,4.010815e-12,2.802163e-13
202.4500,1.245475e-11,3.494570e-13,4.106153e-11,5.284922e-13,3.286607e-12,2.657321e-13
202.5000,1.259329e-11,3.511195e-13,4.111139e-11,5.288911e-13,3.670433e-12,2.734087e-13
202.5500,1.327244e-11,3.592693e-13,4.073349e-11,5.258680e-13,3.350314e-12,2.670063e-13
202.6000,1.381667e-11,3.658001e-13,4.163630e-11,5.330904e-13,3.601339e-12,2.720268e-13
202.6500,1.420260e-11,3.704312e-13,4.014391e-11,5.211513e-13,3.338960e-12,2.667792e-13
202.7000,1.436701e-11,3.724041e-13,4.053261e-11,5.242608e-13,3.495393e-12,2.699079e-13
202.7500,1.438094e-11,3.725712e-13,4.073328e-11,5.258663e-13,3.925103e-12,2.785021e-13
202.8000,1.478125e-11,3.773750e-13,4.154914e-11,5.323931e-13,3.425639e-12,2.685128e-13
202.8500,1.516979e-11,3.820374e-13,4.066003e-11,5.252802e-13,3.274428e-12,2.654886e-13
202.9000,1.524735e-11,3.829682e-13,4.096158e-11,5.276927e-13,3.807170e-12,2.761434e-13
202.9500,1.553088e-11,3.863706e-13,4.052418e-11,5.241935e-13,3.420275e-12,2.684055e-13
203.0000,1.587500e-11,3.905000e-13,4.099088e-11,5.279270e-13,3.495643e-12,2.699129e-13
203.0500,1.536844e-11,3.844212e-13,4.107233e-11,5.285787e-13,3.755515e-12,2.751103e-13
203.1000,1.594343e-11,3.913212e-13,4.067073e-11,5.253659e-13,3.539310e-12,2.707862e-13
203.1500,1.649667e-11,3.979600e-13,4.063519e-11,5.250815e-13,3.632400e-12,2.726480e-13
203.2000,1.681346e-11,4.017615e-13,4.085472e-11,5.268378e-13,3.131713e-12,2.626343e-13
203.2500,1.666585e-11,3.999902e-13,4.105890e-11,5.284712e-13,3.736755e-12,2.747351e-13
203.3000,1.670301e-11,4.004361e-13,4.081517e-11,5.265214e-13,3.846818e-12,2.769364e-13
203.3500,1.671253e-11,4.005504e-13,4.008606e-11,5.206885e-13,3.959046e-12,2.791809e-13
203.4000,1.729311e-11,4.075173e-13,4.094622e-11,5.275697e-13,3.927936e-12,2.785587e-13
203.4500,1.780080e-11,4.136096e-13,4.025303e-11,5.220242e-13,4.174685e-12,2.834937e-13
203.5000,1.767549e-11,4.121059e-13,4.040396e-11,5.232317e-13,3.607207e-12,2.721441e-13
203.5500,1.735834e-11,4.083001e-13,4.046485e-11,5.237188e-13,3.666695e-12,2.733339e-13
203.6000,1.776800e-11,4.132160e-13,4.100211e-11,5.280169e-13,3.650373e-12,2.730075e-13
203.6500,1.791536e-11,4.149843e-13,4.079550e-11,5.263640e-13,4.035634e-12,2.807127e-13
203.7000,1.794639e-11,4.153567e-13,4.080631e-11,5.264505e-13,4.097786e-12,2.819557e-13
203.7500,1.836836e-11,4.204204e-13,4.072827e-11,5.258262e-13,3.764831e-12,2.752966e-13
203.8000,1.839006e-11,4.206807e-13,4.052666e-11,5.242133e-13,4.203750e-12,2.840750e-13
203.8500,1.865009e-11,4.238010e-13,4.058955e-11,5.247164e-13,4.115930e-12,2.823186e-13
203.9000,1.850197e-11,4.220236e-13,4.023923e-11,5.219138e-13,4.129432e-12,2.825886e-13
203.9500,1.913297e-11,4.295957e-13,4.055847e-11,5.244677e-13,4.491814e-12,2.898363e-13
204.0000,1.873314e-11,4.247976e-13,4.079646e-11,5.263717e-13,3.870821e-12,2.774164e-13
204.0500,1.948375e-11,4.338050e-13,4.044917e-11,5.235933e-13,4.380143e-12,2.876029e-13
204.1000,1.890902e-11,4.269082e-13,4.014010e-11,5.211208e-13,4.284462e-12,2.856892e-13
204.1500,1.915535e-11,4.298642e-13,4.062907e-11,5.250326e-13,4.568343e-12,2.913669e-13
204.2000,1.933851e-11,4.320622e-13,4.066548e-11,5.253238e-13,4.345444e-12,2.869089e-13
204.2500,1.939659e-11,4.327591e-13,4.071869e-11,5.257495e-13,4.434932e-12,2.886986e-13
204.3000,1.983800e-11,4.380560e-13,4.094950e-11,5.275960e-13,3.947624e-12,2.789525e-13
204.3500,1.973764e-11,4.368517e-13,4.061621e-11,5.249297e-13,4.520919e-12,2.904184e-13
204.4000,2.001789e-11,4.402147e-13,4.005196e-11,5.204157e-13,4.186181e-12,2.837236e-13
204.4500,1.984451e-11,4.381341e-13,4.062552e-11,5.250041e-13,4.416384e-12,2.883277e-13
204.5000,1.983144e-11,4.379773e-13,4.034929e-11,5.227943e-13,4.402093e-12,2.880419e-13
204.5500,2.018958e-11,4.422750e-13,4.041640e-11,5.233312e-13,4.430523e-12,2.886105e-13
204.6000,2.033171e-11,4.439805e-13,4.088636e-11,5.270909e-13,4.581029e-12,2.916206e-13
204.6500,1.972847e-11,4.367417e-13,4.045413e-11,5.236330e-13,4.496061e-12,2.899212e-13
204.7000,2.035090e-11,4.442108e-13,4.115884e-11,5.292707e-13,4.467378e-12,2.893476e-13
204.7500,2.057295e-11,4.468754e-13,4.011181e-11,5.208945e-13,4.579189e-12,2.915838e-13
204.8000,2.035844e-11,4.443012e-13,4.019628e-11,5.215703e-13,4.215090e-12,2.843018e-13
204.8500,2.038129e-11,4.445755e-13,4.125873e-11,5.300699e-13,4.348230e-12,2.869646e-13
204.9000,2.055078e-11,4.466094e-13,4.109037e-11,5.287230e-13,5.202301e-12,3.040460e-13
204.9500,2.032620e-11,4.439144e-13,4.061994e-11,5.249595e-13,4.968152e-12,2.993630e-13
205.0000,1.992695e-11,4.391234e-13,4.057264e-11,5.245811e-13,4.777387e-12,2.955477e-13
205.0500,2.034716e-11,4.441659e-13,4.078677e-11,5.262941e-13,5.404322e-12,3.080864e-13
205.1000,2.074451e-11,4.489342e-13,4.080942e-11,5.264754e-13,5.064846e-12,3.012969e-13
205.1500,2.082029e-11,4.498435e-13,3.964695e-11,5.171756e-13,4.692271e-12,2.938454e-13
205.2000,2.093570e-11,4.512284e-13,4.014511e-11,5.211609e-13,4.796975e-12,2.959395e-13
205.2500,2.028512e-11,4.434215e-13,4.060971e-11,5.248777e-13,4.661494e-12,2.932299e-13
205.3000,2.040627e-11,4.448753e-13,4.043374e-11,5.234699e-13,4.956067e-12,2.991213e-13
205.3500,2.059107e-11,4.470929e-13,3.991894e-11,5.193515e-13,4.710059e-12,2.942012e-13
205.4000,2.099957e-11,4.519948e-13,4.101994e-11,5.281595e-13,5.124829e-12,3.024966e-13
205.4500,2.109421e-11,4.531305e-13,4.105685e-11,5.284548e-13,4.912022e-12,2.982404e-13
205.5000,2.076013e-11,4.491215e-13,4.043380e-11,5.234704e-13,5.247665e-12,3.049533e-13
205.5500,2.104559e-11,4.525471e-13,4.008147e-11,5.206518e-13,5.018257e-12,3.003651e-13
205.6000,2.108526e-11,4.530232e-13,3.991695e-11,5.193356e-13,5.066338e-12,3.013268e-13
205.6500,2.083543e-11,4.500252e-13,4.067838e-11,5.254270e-13,5.073382e-12,3.014676e-13
205.7000,2.123788e-11,4.548546e-13,4.028144e-11,5.222515e-13,5.179829e-12,3.035966e-13
205.7500,2.108223e-11,4.529867e-13,4.082335e-11,5.265868e-13,5.284643e-12,3.056929e-13
205.8000,2.135528e-11,4.562633e-13,4.045860e-11,5.236688e-13,5.213018e-12,3.042604e-13
205.8500,2.176880e-11,4.612256e-13,4.011900e-11,5.209520e-13,4.812849e-12,2.962570e-13
205.9000,2.112597e-11,4.535117e-13,3.988032e-11,5.190426e-13,5.453273e-12,3.090655e-13
205.9500,2.065801e-11,4.478961e-13,4.017939e-11,5.214352e-13,5.359489e-12,3.071898e-13
206.0000,2.094148e-11,4.512978e-13,4.033595e-11,5.226876e-13,5.396471e-12,3.079294e-13
206.0500,2.097180e-11,4.516616e-13,3.930007e-11,5.144005e-13,5.531928e-12,3.106386e-13
206.1000,2.143073e-11,4.571688e-13,4.059792e-11,5.247834e-13,4.989203e-12,2.997841e-13
206.1500,2.084602e-11,4.501522e-13,3.986450e-11,5.189160e-13,5.402346e-12,3.080469e-13
206.2000,2.183051e-11,4.619661e-13,4.036671e-11,5.229337e-13,5.217159e-12,3.043432e-13
206.2500,2.151765e-11,4.582118e-13,3.976569e-11,5.181255e-13,5.375074e-12,3.075015e-13
206.3000,2.105783e-11,4.526940e-13,3.978741e-11,5.182993e-13,5.868249e-12,3.173650e-13
206.3500,2.136000e-11,4.563200e-13,3.966377e-11,5.173101e-13,5.557496e-12,3.111499e-13
206.4000,2.196689e-11,4.636027e-13,4.013981e-11,5.211185e-13,5.347782e-12,3.069556e-13
206.4500,2.147658e-11,4.577189e-13,4.095879e-11,5.276703e-13,5.052432e-12,3.010486e-13
206.5000,2.133400e-11,4.560080e-13,3.987499e-11,5.189999e-13,5.635796e-12,3.127159e-13
206.5500,2.126018e-11,4.551221e-13,4.106079e-11,5.284863e-13,5.908788e-12,3.181758e-13
206.6000,2.194147e-11,4.632976e-13,3.990466e-11,5.192373e-13,5.595144e-12,3.119029e-13
206.6500,2.236296e-11,4.683555e-13,4.092088e-11,5.273670e-13,6.239357e-12,3.247871e-13
206.7000,2.177085e-11,4.612502e-13,3.985044e-11,5.188035e-13,5.428806e-12,3.085761e-13
206.7500,2.116019e-11,4.539223e-13,4.003137e-11,5.202510e-13,5.609842e-12,3.121968e-13
206.8000,2.185645e-11,4.622774e-13,3.985361e-11,5.188289e-13,5.866408e-12,3.173282e-13
206.8500,2.123701e-11,4.548442e-13,3.990719e-11,5.192575e-13,5.659363e-12,3.131873e-13
206.9000,2.168711e-11,4.602453e-13,3.905074e-11,5.124059e-13,5.680501e-12,3.136100e-13
206.9500,2.176761e-11,4.612113e-13,4.004344e-11,5.203475e-13,5.849755e-12,3.169951e-13
207.0000,2.165243e-11,4.598292e-13,4.011543e-11,5.209235e-13,5.363770e-12,3.072754e-13
207.0500,2.175855e-11,4.611026e-13,4.000491e-11,5.200393e-13,5.771751e-12,3.154350e-13
207.1000,2.170856e-11,4.605027e-13,3.954058e-11,5.163246e-13,5.977758e-12,3.195552e-13
207.1500,2.203830e-11,4.644595e-13,3.970683e-11,5.176546e-13,5.698732e-12,3.139746e-13
207.2000,2.225476e-11,4.670572e-13,3.984242e-11,5.187394e-13,5.750370e-12,3.150074e-13
207.2500,2.193498e-11,4.632197e-13,3.925165e-11,5.140132e-13,5.664091e-12,3.132818e-13
207.3000,2.100931e-11,4.521118e-13,3.969152e-11,5.175322e-13,5.863255e-12,3.172651e-13
207.3500,2.165805e-11,4.598966e-13,3.969209e-11,5.175368e-13,6.002267e-12,3.200453e-13
207.4000,2.206830e-11,4.648196e-13,3.999824e-11,5.199859e-13,5.559708e-12,3.111942e-13
207.4500,2.159315e-11,4.591177e-13,4.064261e-11,5.251409e-13,5.761643e-12,3.152329e-13
207.5000,2.151376e-11,4.581651e-13,3.935728e-11,5.148582e-13,6.048858e-12,3.209772e-13
207.5500,2.211323e-11,4.653588e-13,3.985244e-11,5.188195e-13,6.166161e-12,3.233232e-13
207.6000,2.139987e-11,4.567984e-13,4.004813e-11,5.203851e-13,5.812959e-12,3.162592e-13
207.6500,2.195866e-11,4.635039e-13,3.967141e-11,5.173713e-13,5.922037e-12,3.184407e-13
207.7000,2.176392e-11,4.611670e-13,3.952611e-11,5.162089e-13,5.682179e-12,3.136436e-13
207.7500,2.229960e-11,4.675951e-13,4.018503e-11,5.214802e-13,6.165243e-12,3.233049e-13
207.8000,2.105765e-11,4.526918e-13,3.979110e-11,5.183288e-13,5.904373e-12,3.180875e-13
207.8500,2.166875e-11,4.600250e-13,4.013481e-11,5.210785e-13,5.628811e-12,3.125762e-13
207.9000,2.190742e-11,4.628890e-13,3.980069e-11,5.184055e-13,6.156623e-12,3.231325e-13
207.9500,2.142659e-11,4.571191e-13,4.005337e-11,5.204269e-13,6.276767e-12,3.255353e-13
208.0000,2.124244e-11,4.549093e-13,3.991523e-11,5.193219e-13,6.121741e-12,3.224348e-13
208.0500,2.092081e-11,4.510497e-13,4.036253e-11,5.229002e-13,6.175681e-12,3.235136e-13
208.1000,2.030019e-11,4.436023e-13,4.093141e-11,5.274513e-13,6.556007e-12,3.311201e-13
208.1500,1.977323e-11,4.372787e-13,3.953775e-11,5.163020e-13,6.171923e-12,3.234385e-13
208.2000,1.912415e-11,4.294898e-13,3.983732e-11,5.186986e-13,6.507709e-12,3.301542e-13
208.2500,1.846968e-11,4.216362e-13,4.025605e-11,5.220484e-13,6.350408e-12,3.270082e-13
208.3000,1.831995e-11,4.198394e-13,3.999003e-11,5.199202e-13,6.498080e-12,3.299616e-13
208.3500,1.785726e-11,4.142871e-13,3.984918e-11,5.187934e-13,6.147546e-12,3.229509e-13
208.4000,1.705569e-11,4.046683e-13,3.991501e-11,5.193201e-13,6.340157e-12,3.268031e-13
208.4500,1.678658e-11,4.014390e-13,3.939011e-11,5.151209e-13,6.164687e-12,3.232937e-13
208.5000,1.639740e-11,3.967687e-13,4.038909e-11,5.231127e-13,5.784128e-12,3.156826e-13
208.5500,1.599771e-11,3.919725e-13,4.053205e-11,5.242564e-13,6.587267e-12,3.317453e-13
208.6000,1.571906e-11,3.886288e-13,3.984563e-11,5.187650e-13,6.300600e-12,3.260120e-13
208.6500,1.499121e-11,3.798945e-13,3.966980e-11,5.173584e-13,6.092410e-12,3.218482e-13
208.7000,1.493704e-11,3.792445e-13,4.049257e-11,5.239405e-13,6.008552e-12,3.201710e-13
208.7500,1.427194e-11,3.712633e-13,3.961718e-11,5.169375e-13,6.054325e-12,3.210865e-13
208.8000,1.408573e-11,3.690288e-13,3.951684e-11,5.161347e-13,5.751875e-12,3.150375e-13
208.8500,1.430687e-11,3.716825e-13,4.001640e-11,5.201312e-13,6.205337e-12,3.241067e-13
208.9000,1.342998e-11,3.611598e-13,3.966528e-11,5.173222e-13,5.919297e-12,3.183859e-13
208.9500,1.406511e-11,3.687813e-13,4.025893e-11,5.220714e-13,5.805232e-12,3.161046e-13
209.0000,1.249138e-11,3.498966e-13,4.025294e-11,5.220235e-13,6.116818e-12,3.223364e-13
209.0500,1.300824e-11,3.560988e-13,4.038562e-11,5.230850e-13,5.876203e-12,3.175241e-13
209.1000,1.312826e-11,3.575391e-13,4.029428e-11,5.223543e-13,5.921037e-12,3.184207e-13
209.1500,1.260530e-11,3.512636e-13,3.985635e-11,5.188508e-13,5.577696e-12,3.115539e-13
209.2000,1.227107e-11,3.472529e-13,3.972424e-11,5.177939e-13,5.667759e-12,3.133552e-13
209.2500,1.161858e-11,3.394229e-13,3.983241e-11,5.186593e-13,6.167767e-12,3.233553e-13
209.3000,1.147396e-11,3.376876e-13,3.985070e-11,5.188056e-13,5.745005e-12,3.149001e-13
209.3500,1.121388e-11,3.345665e-13,4.010806e-11,5.208645e-13,5.626415e-12,3.125283e-13
209.4000,1.068178e-11,3.281814e-13,3.989641e-11,5.191713e-13,5.408871e-12,3.081774e-13
209.4500,1.055517e-11,3.266620e-13,3.956051e-11,5.164841e-13,5.613054e-12,3.122611e-13
209.5000,1.111763e-11,3.334116e-13,3.958869e-11,5.167095e-13,6.068500e-12,3.213700e-13
209.5500,1.041983e-11,3.250380e-13,4.016114e-11,5.212892e-13,5.404529e-12,3.080906e-13
209.6000,1.053555e-11,3.264266e-13,4.053142e-11,5.242514e-13,5.483341e-12,3.096668e-13
209.6500,9.940360e-12,3.192843e-13,4.061991e-11,5.249592e-13,5.036554e-12,3.007311e-13
209.7000,9.555810e-12,3.146697e-13,4.023088e-11,5.218470e-13,5.258517e-12,3.051703e-13
209.7500,1.003560e-11,3.204272e-13,4.006859e-11,5.205488e-13,5.115714e-12,3.023143e-13
209.8000,9.989234e-12,3.198708e-13,3.956534e-11,5.165227e-13,5.485195e-12,3.097039e-13
209.8500,1.035598e-11,3.242717e-13,4.051004e-11,5.240804e-13,4.933655e-12,2.986731e-13
209.9000,9.466975e-12,3.136037e-13,4.061911e-11,5.249529e-13,5.128884e-12,3.025777e-13
209.9500,9.042483e-12,3.085098e-13,4.002966e-11,5.202373e-13,5.030024e-12,3.006005e-13
210.0000,9.911210e-12,3.189345e-13,4.066810e-11,5.253448e-13,5.157344e-12,3.031469e-13
210.0500,1.038729e-11,3.246474e-13,4.070908e-11,5.256727e-13,4.887687e-12,2.977537e-13
210.1000,1.085516e-11,3.302619e-13,3.943653e-11,5.154922e-13,4.989631e-12,2.997926e-13
210.1500,1.112275e-11,3.334730e-13,4.075110e-11,5.260088e-13,5.113213e-12,3.022643e-13
210.2000,1.125823e-11,3.350987e-13,4.108959e-11,5.287167e-13,4.890893e-12,2.978179e-13
210.2500,1.142013e-11,3.370416e-13,4.014742e-11,5.211794e-13,5.079300e-12,3.015860e-13
210.3000,1.219604e-11,3.463525e-13,4.039463e-11,5.231570e-13,4.549097e-12,2.909819e-13
210.3500,1.234648e-11,3.481578e-13,4.020158e-11,5.216126e-13,5.223291e-12,3.044658e-13
210.4000,1.260651e-11,3.512781e-13,3.967585e-11,5.174068e-13,5.204767e-12,3.040953e-13
210.4500,1.275728e-11,3.530874e-13,3.957949e-11,5.166359e-13,5.021061e-12,3.004212e-13
210.5000,1.343390e-11,3.612068e-13,3.963930e-11,5.171144e-13,5.021242e-12,3.004248e-13
210.5500,1.405491e-11,3.686589e-13,4.091248e-11,5.272998e-13,4.949490e-12,2.989898e-13
210.6000,1.332342e-11,3.598811e-13,4.036110e-11,5.228888e-13,4.907618e-12,2.981524e-13
210.6500,1.455142e-11,3.746170e-13,4.014640e-11,5.211712e-13,4.961426e-12,2.992285e-13
210.7000,1.448356e-11,3.738028e-13,4.058507e-11,5.246806e-13,4.598700e-12,2.919740e-13
210.7500,1.460505e-11,3.752606e-13,4.075785e-11,5.260628e-13,4.642491e-12,2.928498e-13
210.8000,1.512506e-11,3.815008e-13,4.027859e-11,5.222287e-13,4.576617e-12,2.915323e-13
210.8500,1.556772e-11,3.868127e-13,4.052396e-11,5.241916e-13,4.644382e-12,2.928876e-13
210.9000,1.548140e-11,3.857768e-13,4.019951e-11,5.215961e-13,4.837934e-12,2.967587e-13
210.9500,1.587997e-11,3.905596e-13,3.949287e-11,5.159429e-13,4.617072e-12,2.923414e-13
211.0000,1.596410e-11,3.915692e-13,4.031746e-11,5.225397e-13,4.839140e-12,2.967828e-13
211.0500,1.598771e-11,3.918526e-13,4.013068e-11,5.210454e-13,4.787279e-12,2.957456e-13
211.1000,1.671001e-11,4.005202e-13,3.974332e-11,5.179465e-13,4.665634e-12,2.933127e-13
211.1500,1.657548e-11,3.989058e-13,3.975267e-11,5.180214e-13,5.035353e-12,3.007071e-13
211.2000,1.682359e-11,4.018830e-13,4.041847e-11,5.233478e-13,4.701616e-12,2.940323e-13
211.2500,1.747661e-11,4.097193e-13,4.135947e-11,5.308757e-13,5.272680e-12,3.054536e-13
211.3000,1.722010e-11,4.066412e-13,3.989821e-11,5.191857e-13,4.521856e-12,2.904371e-13
211.3500,1.749433e-11,4.099320e-13,4.054901e-11,5.243921e-13,4.875844e-12,2.975169e-13
211.4000,1.762265e-11,4.114718e-13,4.006650e-11,5.205320e-13,4.984051e-12,2.996810e-13
211.4500,1.747197e-11,4.096637e-13,4.021691e-11,5.217352e-13,4.570441e-12,2.914088e-13
211.5000,1.758075e-11,4.109689e-13,3.942243e-11,5.153794e-13,4.585127e-12,2.917025e-13
211.5500,1.809948e-11,4.171938e-13,3.962608e-11,5.170086e-13,4.773672e-12,2.954734e-13
211.6000,1.812679e-11,4.175215e-13,4.045326e-11,5.236261e-13,4.934656e-12,2.986931e-13
211.6500,1.841527e-11,4.209832e-13,4.098144e-11,5.278515e-13,4.793375e-12,2.958675e-13
211.7000,1.807810e-11,4.169372e-13,4.040117e-11,5.232093e-13,4.616809e-12,2.923362e-13
211.7500,1.841280e-11,4.209536e-13,4.124897e-11,5.299918e-13,5.121884e-12,3.024377e-13
211.8000,1.876347e-11,4.251617e-13,4.062115e-11,5.249692e-13,4.803753e-12,2.960751e-13
211.8500,1.844120e-11,4.212944e-13,4.014281e-11,5.211425e-13,5.177270e-12,3.035454e-13
211.9000,1.920327e-11,4.304393e-13,4.085815e-11,5.268652e-13,5.041495e-12,3.008299e-13
211.9500,1.913626e-11,4.296352e-13,4.081618e-11,5.265294e-13,5.082649e-12,3.016530e-13
212.0000,1.945982e-11,4.335178e-13,4.021842e-11,5.217473e-13,4.762256e-12,2.952451e-13
212.0500,1.894374e-11,4.273249e-13,3.967211e-11,5.173769e-13,5.341011e-12,3.068202e-13
212.1000,1.924602e-11,4.309522e-13,3.988325e-11,5.190660e-13,5.294939e-12,3.058988e-13
212.1500,1.954325e-11,4.345190e-13,4.035909e-11,5.228728e-13,4.880694e-12,2.976139e-13
212.2000,1.972341e-11,4.366809e-13,3.998038e-11,5.198430e-13,4.885515e-12,2.977103e-13
212.2500,1.923355e-11,4.308026e-13,3.976343e-11,5.181075e-13,4.904509e-12,2.980902e-13
212.3000,1.974722e-11,4.369666e-13,4.025746e-11,5.220597e-13,5.240933e-12,3.048187e-13
212.3500,1.968919e-11,4.362702e-13,3.983846e-11,5.187077e-13,5.301794e-12,3.060359e-13
212.4000,1.999174e-11,4.399009e-13,4.011496e-11,5.209197e-13,5.343464e-12,3.068693e-13
212.4500,1.978650e-11,4.374380e-13,4.079144e-11,5.263315e-13,5.378300e-12,3.075660e-13
212.5000,2.018667e-11,4.422400e-13,3.983782e-11,5.187026e-13,5.319587e-12,3.063917e-13
212.5500,2.039544e-11,4.447453e-13,4.042305e-11,5.233844e-13,5.217035e-12,3.043407e-13
212.6000,1.909156e-11,4.290987e-13,3.948393e-11,5.158715e-13,4.967125e-12,2.993425e-13
212.6500,2.045960e-11,4.455152e-13,4.018629e-11,5.214903e-13,4.899041e-12,2.979808e-13
212.7000,2.018373e-11,4.422048e-13,4.023350e-11,5.218680e-13,5.046134e-12,3.009227e-13
212.7500,2.027614e-11,4.433136e-13,3.988441e-11,5.190753e-13,5.372931e-12,3.074586e-13
212.8000,2.018127e-11,4.421753e-13,4.001725e-11,5.201380e-13,5.387413e-12,3.077483e-13
212.8500,2.014688e-11,4.417625e-13,4.007833e-11,5.206267e-13,5.434832e-12,3.086966e-13
212.9000,2.015965e-11,4.419158e-13,4.021441e-11,5.217152e-13,5.384057e-12,3.076811e-13
212.9500,2.104107e-11,4.524929e-13,4.024008e-11,5.219207e-13,5.254667e-12,3.050933e-13
213.0000,2.064946e-11,4.477936e-13,4.000850e-11,5.200680e-13,5.419589e-12,3.083918e-13
213.0500,2.083278e-11,4.499933e-13,4.030591e-11,5.224473e-13,6.039196e-12,3.207839e-13
213.1000,2.033741e-11,4.440489e-13,4.072509e-11,5.258007e-13,5.325101e-12,3.065020e-13
213.1500,2.101639e-11,4.521966e-13,3.987679e-11,5.190143e-13,5.404611e-12,3.080922e-13
213.2000,2.064573e-11,4.477488e-13,4.021258e-11,5.217006e-13,6.034946e-12,3.206989e-13
213.2500,2.133420e-11,4.560104e-13,3.990165e-11,5.192132e-13,5.529320e-12,3.105864e-13
213.3000,2.095369e-11,4.514443e-13,4.031364e-11,5.225091e-13,5.635475e-12,3.127095e-13
213.3500,2.044760e-11,4.453712e-13,4.059916e-11,5.247933e-13,5.504765e-12,3.100953e-13
213.4000,2.084594e-11,4.501513e-13,4.020694e-11,5.216555e-13,5.765261e-12,3.153052e-13
213.4500,2.108800e-11,4.530560e-13,4.035033e-11,5.228026e-13,5.581445e-12,3.116289e-13
213.5000,2.128560e-11,4.554272e-13,3.973362e-11,5.178690e-13,5.875257e-12,3.175051e-13
213.5500,2.093510e-11,4.512212e-13,3.979520e-11,5.183616e-13,5.427521e-12,3.085504e-13
213.6000,2.070366e-11,4.484440e-13,4.101148e-11,5.280918e-13,5.561017e-12,3.112203e-13
213.6500,2.113727e-11,4.536472e-13,4.066216e-11,5.252973e-13,5.855411e-12,3.171082e-13
213.7000,2.152477e-11,4.582972e-13,3.994161e-11,5.195329e-13,5.582752e-12,3.116550e-13
213.7500,2.179054e-11,4.614865e-13,3.986049e-11,5.188839e-13,5.707440e-12,3.141488e-13
213.8000,2.084732e-11,4.501678e-13,4.061540e-11,5.249232e-13,5.854626e-12,3.170925e-13
213.8500,2.103764e-11,4.524516e-13,4.043120e-11,5.234496e-13,5.943192e-12,3.188638e-13
213.9000,2.111500e-11,4.533800e-13,3.962656e-11,5.170125e-13,5.847313e-12,3.169463e-13
213.9500,2.139712e-11,4.567655e-13,4.044345e-11,5.235476e-13,5.675077e-12,3.135015e-13
214.0000,2.113285e-11,4.535942e-13,3.983406e-11,5.186725e-13,5.553415e-12,3.110683e-13
214.0500,2.135278e-11,4.562334e-13,4.046660e-11,5.237328e-13,6.119794e-12,3.223959e-13
214.1000,2.138387e-11,4.566064e-13,4.041102e-11,5.232881e-13,5.831472e-12,3.166294e-13
214.1500,2.134624e-11,4.561549e-13,4.033093e-11,5.226475e-13,5.822731e-12,3.164546e-13
214.2000,2.126559e-11,4.551871e-13,4.072659e-11,5.258127e-13,5.836133e-12,3.167227e-13
214.2500,2.167285e-11,4.600742e-13,4.005480e-11,5.204384e-13,5.638149e-12,3.127630e-13
214.3000,2.137119e-11,4.564543e-13,4.050425e-11,5.240340e-13,5.987277e-12,3.197455e-13
214.3500,2.183391e-11,4.620069e-13,4.009498e-11,5.207598e-13,6.010918e-12,3.202184e-13
214.4000,2.191120e-11,4.629344e-13,3.981587e-11,5.185270e-13,5.970204e-12,3.194041e-13
214.4500,2.151841e-11,4.582209e-13,3.947157e-11,5.157725e-13,5.843720e-12,3.168744e-13
214.5000,2.221025e-11,4.665230e-13,3.965031e-11,5.172024e-13,5.954111e-12,3.190822e-13
214.5500,2.140110e-11,4.568133e-13,3.928561e-11,5.142849e-13,6.293560e-12,3.258712e-13
214.6000,2.172216e-11,4.606659e-13,3.987246e-11,5.189797e-13,5.917521e-12,3.183504e-13
214.6500,2.177127e-11,4.612552e-13,3.930376e-11,5.144301e-13,6.077860e-12,3.215572e-13
214.7000,2.160426e-11,4.592511e-13,3.979505e-11,5.183604e-13,5.947830e-12,3.189566e-13
214.7500,2.170695e-11,4.604834e-13,3.985732e-11,5.188586e-13,6.186903e-12,3.237381e-13
214.8000,2.182222e-11,4.618666e-13,3.987485e-11,5.189988e-13,5.941331e-12,3.188266e-13
214.8500,2.227394e-11,4.672872e-13,3.966160e-11,5.172928e-13,6.349095e-12,3.269819e-13
214.9000,2.158054e-11,4.589665e-13,3.943126e-11,5.154501e-13,6.039604e-12,3.207921e-13
214.9500,2.155282e-11,4.586339e-13,3.988308e-11,5.190647e-13,6.014865e-12,3.202973e-13
215.0000,2.171656e-11,4.605987e-13,3.979313e-11,5.183450e-13,6.311810e-12,3.262362e-13
215.0500,2.131080e-11,4.557295e-13,4.015191e-11,5.212153e-13,5.812862e-12,3.162572e-13
215.1000,2.160310e-11,4.592373e-13,4.012349e-11,5.209879e-13,5.954996e-12,3.190999e-13
215.1500,2.161610e-11,4.593932e-13,3.938133e-11,5.150507e-13,6.451466e-12,3.290293e-13
215.2000,2.175210e-11,4.610251e-13,3.963111e-11,5.170489e-13,6.095318e-12,3.219064e-13
215.2500,2.175536e-11,4.610643e-13,3.966609e-11,5.173287e-13,6.060700e-12,3.212140e-13
215.3000,2.196028e-11,4.635234e-13,3.985462e-11,5.188369e-13,6.147158e-12,3.229432e-13
215.3500,2.188699e-11,4.626439e-13,3.959092e-11,5.167274e-13,5.919010e-12,3.183802e-13
215.4000,2.151546e-11,4.581855e-13,3.943242e-11,5.154594e-13,6.100965e-12,3.220193e-13
215.4500,2.213666e-11,4.656399e-13,3.985475e-11,5.188380e-13,6.120198e-12,3.224040e-13
215.5000,2.156694e-11,4.588033e-13,3.954461e-11,5.163569e-13,6.240620e-12,3.248124e-13
215.5500,2.147899e-11,4.577478e-13,3.961896e-11,5.169517e-13,6.321028e-12,3.264206e-13
215.6000,2.185303e-11,4.622363e-13,4.022909e-11,5.218327e-13,6.465970e-12,3.293194e-13
215.6500,2.137464e-11,4.564957e-13,4.003048e-11,5.202438e-13,6.012118e-12,3.202424e-13
215.7000,2.167743e-11,4.601291e-13,3.976257e-11,5.181006e-13,6.175880e-12,3.235176e-13
215.7500,2.218704e-11,4.662444e-13,3.962864e-11,5.170291e-13,6.348862e-12,3.269772e-13
215.8000,2.188102e-11,4.625722e-13,3.985789e-11,5.188631e-13,6.668244e-12,3.333649e-13
215.8500,2.090596e-11,4.508715e-13,4.012232e-11,5.209786e-13,6.282382e-12,3.256476e-13
215.9000,2.142013e-11,4.570416e-13,3.992104e-11,5.193683e-13,6.351794e-12,3.270359e-13
215.9500,2.165903e-11,4.599084e-13,3.993676e-11,5.194941e-13,6.093664e-12,3.218733e-13
216.0000,2.137753e-11,4.565303e-13,4.020500e-11,5.216400e-13,6.154934e-12,3.230987e-13
216.0500,2.031972e-11,4.438366e-13,3.968909e-11,5.175127e-13,6.287056e-12,3.257411e-13
216.1000,1.939395e-11,4.327274e-13,4.070537e-11,5.256430e-13,6.393618e-12,3.278724e-13
216.1500,1.936752e-11,4.324103e-13,4.024643e-11,5.219714e-13,6.188778e-12,3.237756e-13
216.2000,1.888693e-11,4.266432e-13,3.958966e-11,5.167173e-13,6.497195e-12,3.299439e-13
216.2500,1.888518e-11,4.266222e-13,3.861729e-11,5.089384e-13,5.993610e-12,3.198722e-13
216.3000,1.803107e-11,4.163728e-13,3.977506e-11,5.182005e-13,6.295491e-12,3.259098e-13
216.3500,1.761806e-11,4.114168e-13,3.961043e-11,5.168834e-13,6.726376e-12,3.345275e-13
216.4000,1.682760e-11,4.019312e-13,3.954814e-11,5.163851e-13,6.371349e-12,3.274270e-13
216.4500,1.666344e-11,3.999613e-13,3.958665e-11,5.166932e-13,5.815118e-12,3.163024e-13
216.5000,1.675195e-11,4.010235e-13,3.989855e-11,5.191884e-13,5.848074e-12,3.169615e-13
216.5500,1.602508e-11,3.923010e-13,3.977164e-11,5.181732e-13,6.437517e-12,3.287503e-13
216.6000,1.618320e-11,3.941984e-13,3.969266e-11,5.175413e-13,6.275086e-12,3.255017e-13
216.6500,1.562861e-11,3.875434e-13,3.938545e-11,5.150836e-13,6.236236e-12,3.247247e-13
216.7000,1.483190e-11,3.779828e-13,4.025386e-11,5.220309e-13,5.974750e-12,3.194950e-13
216.7500,1.466114e-11,3.759336e-13,3.990951e-11,5.192761e-13,6.180897e-12,3.236179e-13
216.8000,1.428444e-11,3.714132e-13,3.975278e-11,5.180223e-13,6.314115e-12,3.262823e-13
216.8500,1.366444e-11,3.639733e-13,4.036482e-11,5.229186e-13,6.422751e-12,3.284550e-13
216.9000,1.353702e-11,3.624443e-13,3.951573e-11,5.161258e-13,6.411830e-12,3.282366e-13
216.9500,1.323083e-11,3.587699e-13,3.975852e-11,5.180682e-13,5.846916e-12,3.169383e-13
217.0000,1.302358e-11,3.562830e-13,3.977938e-11,5.182351e-13,5.784415e-12,3.156883e-13
217.0500,1.257776e-11,3.509331e-13,3.983890e-11,5.187112e-13,6.095676e-12,3.219135e-13
217.1000,1.259670e-11,3.511603e-13,4.003321e-11,5.202657e-13,5.645797e-12,3.129159e-13
217.1500,1.267608e-11,3.521130e-13,3.992332e-11,5.193865e-13,5.978153e-12,3.195631e-13
217.2000,1.233145e-11,3.479775e-13,3.952612e-11,5.162090e-13,5.798819e-12,3.159764e-13
217.2500,1.220764e-11,3.464917e-13,3.992101e-11,5.193681e-13,5.996819e-12,3.199364e-13
217.3000,1.154816e-11,3.385779e-13,3.955257e-11,5.164206e-13,5.453423e-12,3.090685e-13
217.3500,1.126303e-11,3.351564e-13,4.060504e-11,5.248403e-13,5.849954e-12,3.169991e-13
217.4000,1.154907e-11,3.385888e-13,4.032529e-11,5.226023e-13,5.535001e-12,3.107000e-13
217.4500,1.137914e-11,3.365496e-13,4.006944e-11,5.205555e-13,5.635985e-12,3.127197e-13
217.5000,1.103346e-11,3.324016e-13,3.996763e-11,5.197410e-13,5.902675e-12,3.180535e-13
217.5500,1.065575e-11,3.278690e-13,4.095832e-11,5.276665e-13,5.564587e-12,3.112917e-13
217.6000,1.047778e-11,3.257334e-13,4.075206e-11,5.260165e-13,5.470428e-12,3.094086e-13
217.6500,1.024367e-11,3.229241e-13,3.979114e-11,5.183291e-13,5.758250e-12,3.151650e-13
217.7000,1.013504e-11,3.216205e-13,3.935614e-11,5.148491e-13,5.310021e-12,3.062004e-13
217.7500,9.822603e-12,3.178712e-13,4.034167e-11,5.227334e-13,5.509572e-12,3.101914e-13
217.8000,9.706107e-12,3.164733e-13,4.060310e-11,5.248248e-13,5.627908e-12,3.125582e-13
217.8500,8.969304e-12,3.076316e-13,3.970797e-11,5.176637e-13,5.287928e-12,3.057586e-13
217.9000,9.788031e-12,3.174564e-13,4.033571e-11,5.226857e-13,5.051169e-12,3.010234e-13
217.9500,9.431946e-12,3.131834e-13,4.096939e-11,5.277551e-13,5.301132e-12,3.060226e-13
218.0000,9.069815e-12,3.088378e-13,4.026042e-11,5.220834e-13,5.422179e-12,3.084436e-13
218.0500,9.186690e-12,3.102403e-13,4.066395e-11,5.253116e-13,5.257839e-12,3.051568e-13
218.1000,8.419977e-12,3.010397e-13,3.983717e-11,5.186974e-13,5.132429e-12,3.026486e-13
218.1500,8.777566e-12,3.053308e-13,4.014776e-11,5.211821e-13,5.237668e-12,3.047534e-13
218.2000,8.591588e-12,3.030991e-13,4.020412e-11,5.216329e-13,4.793336e-12,2.958667e-13
218.2500,8.221441e-12,2.986573e-13,3.986141e-11,5.188913e-13,4.996935e-12,2.999387e-13
218.3000,8.294561e-12,2.995347e-13,4.023910e-11,5.219128e-13,4.751855e-12,2.950371e-13
218.3500,8.520833e-12,3.022500e-13,4.057918e-11,5.246334e-13,4.781060e-12,2.956212e-13
218.4000,8.749971e-12,3.049997e-13,4.106034e-11,5.284827e-13,5.022765e-12,3.004553e-13
218.4500,8.141203e-12,2.976944e-13,3.978661e-11,5.182929e-13,4.721782e-12,2.944356e-13
218.5000,8.171521e-12,2.980583e-13,4.045106e-11,5.236085e-13,4.804225e-12,2.960845e-13
218.5500,8.253240e-12,2.990389e-13,3.983087e-11,5.186470e-13,4.845818e-12,2.969164e-13
218.6000,7.764149e-12,2.931698e-13,4.052732e-11,5.242185e-13,4.840324e-12,2.968065e-13
218.6500,7.637103e-12,2.916452e-13,4.027391e-11,5.221913e-13,4.939818e-12,2.987964e-13
218.7000,7.995507e-12,2.959461e-13,3.990719e-11,5.192575e-13,4.932704e-12,2.986541e-13
218.7500,7.441392e-12,2.892967e-13,3.950714e-11,5.160571e-13,4.580450e-12,2.916090e-13
218.8000,7.256646e-12,2.870798e-13,4.056759e-11,5.245407e-13,4.671072e-12,2.934214e-13
218.8500,7.144903e-12,2.857388e-13,4.032826e-11,5.226261e-13,4.705372e-12,2.941074e-13
218.9000,7.240181e-12,2.868822e-13,4.122114e-11,5.297691e-13,4.262680e-12,2.852536e-13
218.9500,7.609729e-12,2.913167e-13,4.046610e-11,5.237288e-13,4.597980e-12,2.919596e-13
219.0000,7.246054e-12,2.869526e-13,4.041135e-11,5.232908e-13,4.485490e-12,2.897098e-13
219.0500,7.164536e-12,2.859744e-13,4.061205e-11,5.248964e-13,4.297972e-12,2.859594e-13
219.1000,7.470978e-12,2.896517e-13,4.104760e-11,5.283808e-13,4.226979e-12,2.845396e-13
219.1500,7.198298e-12,2.863796e-13,4.008531e-11,5.206825e-13,3.995519e-12,2.799104e-13
219.2000,7.172613e-12,2.860714e-13,4.103663e-11,5.282930e-13,4.081613e-12,2.816323e-13
219.2500,6.885119e-12,2.826214e-13,4.072805e-11,5.258244e-13,3.925045e-12,2.785009e-13
219.3000,6.891808e-12,2.827017e-13,4.111339e-11,5.289071e-13,4.326390e-12,2.865278e-13
219.3500,6.724726e-12,2.806967e-13,4.030640e-11,5.224512e-13,4.109744e-12,2.821949e-13
219.4000,6.915239e-12,2.829829e-13,4.049507e-11,5.239605e-13,3.869855e-12,2.773971e-13
219.4500,6.583968e-12,2.790076e-13,4.010713e-11,5.208571e-13,4.055780e-12,2.811156e-13
219.5000,6.657117e-12,2.798854e-13,4.046869e-11,5.237495e-13,4.091068e-12,2.818214e-13
219.5500,6.387715e-12,2.766526e-13,4.026212e-11,5.220970e-13,4.095841e-12,2.819168e-13
219.6000,6.742056e-12,2.809047e-13,4.105667e-11,5.284534e-13,3.753849e-12,2.750770e-13
219.6500,6.685423e-12,2.802251e-13,4.102263e-11,5.281811e-13,4.029534e-12,2.805907e-13
219.7000,6.452688e-12,2.774323e-13,4.101645e-11,5.281316e-13,3.551218e-12,2.710244e-13
219.7500,6.801602e-12,2.816192e-13,4.094983e-11,5.275987e-13,3.839570e-12,2.767914e-13
219.8000,6.396825e-12,2.767619e-13,4.127285e-11,5.301828e-13,4.112342e-12,2.822468e-13
219.8500,6.283286e-12,2.753994e-13,4.046108e-11,5.236886e-13,4.120031e-12,2.824006e-13
219.9000,6.112872e-12,2.733545e-13,4.091848e-11,5.273479e-13,3.713375e-12,2.742675e-13
219.9500,7.029786e-12,2.843574e-13,4.105892e-11,5.284714e-13,3.693837e-12,2.738767e-13
220.0000,6.825545e-12,2.819065e-13,4.068905e-11,5.255124e-13,3.324291e-12,2.664858e-13
220.0500,7.451033e-12,2.894124e-13,4.047390e-11,5.237912e-13,3.423648e-12,2.684730e-13
220.1000,8.071939e-12,2.968633e-13,4.088235e-11,5.270588e-13,3.685238e-12,2.737048e-13
220.1500,8.216532e-12,2.985984e-13,4.042493e-11,5.233995e-13,3.709013e-12,2.741803e-13
220.2000,9.302897e-12,3.116348e-13,4.095661e-11,5.276529e-13,3.685875e-12,2.737175e-13
220.2500,9.268758e-12,3.112251e-13,4.062390e-11,5.249912e-13,3.256751e-12,2.651350e-13
220.3000,9.851393e-12,3.182167e-13,4.051840e-11,5.241472e-13,3.658416e-12,2.731683e-13
220.3500,1.039181e-11,3.247017e-13,4.064494e-11,5.251595e-13,3.145669e-12,2.629134e-13
220.4000,1.072454e-11,3.286945e-13,4.047855e-11,5.238284e-13,3.145347e-12,2.629069e-13
220.4500,1.136070e-11,3.363284e-13,4.096525e-11,5.277220e-13,3.681617e-12,2.736323e-13
220.5000,1.139423e-11,3.367308e-13,4.067395e-11,5.253916e-13,3.612052e-12,2.722410e-13
220.5500,1.177602e-11,3.413123e-13,4.019738e-11,5.215790e-13,3.311564e-12,2.662313e-13
220.6000,1.229626e-11,3.475551e-13,4.115342e-11,5.292273e-13,3.111280e-12,2.622256e-13
220.6500,1.258566e-11,3.510279e-13,4.033637e-11,5.226909e-13,3.121908e-12,2.624382e-13
220.7000,1.273260e-11,3.527912e-13,4.037794e-11,5.230235e-13,3.865427e-12,2.773085e-13
220.7500,1.296485e-11,3.555782e-13,4.057671e-11,5.246137e-13,3.183096e-12,2.636619e-13
220.8000,1.369246e-11,3.643095e-13,4.075070e-11,5.260056e-13,3.295680e-12,2.659136e-13
220.8500,1.373707e-11,3.648448e-13,4.066298e-11,5.253039e-13,3.280974e-12,2.656195e-13
220.9000,1.432791e-11,3.719350e-13,4.095503e-11,5.276403e-13,3.362189e-12,2.672438e-13
220.9500,1.447092e-11,3.736511e-13,4.074522e-11,5.259617e-13,3.439454e-12,2.687891e-13
221.0000,1.453740e-11,3.744488e-13,3.985424e-11,5.188339e-13,3.677879e-12,2.735576e-13
221.0500,1.502453e-11,3.802943e-13,4.101512e-11,5.281210e-13,3.698147e-12,2.739629e-13
221.1000,1.515135e-11,3.818162e-13,4.110377e-11,5.288302e-13,3.478627e-12,2.695725e-13
221.1500,1.565037e-11,3.878045e-13,4.071404e-11,5.257123e-13,3.395091e-12,2.679018e-13
221.2000,1.577942e-11,3.893531e-13,4.089485e-11,5.271588e-13,3.665472e-12,2.733094e-13
221.2500,1.608039e-11,3.929646e-13,4.039984e-11,5.231987e-13,3.745281e-12,2.749056e-13
221.3000,1.615526e-11,3.938631e-13,4.011372e-11,5.209098e-13,3.828466e-12,2.765693e-13
221.3500,1.624984e-11,3.949981e-13,4.069401e-11,5.255521e-13,3.765433e-12,2.753087e-13
221.4000,1.668038e-11,4.001646e-13,4.101919e-11,5.281535e-13,3.493830e-12,2.698766e-13
221.4500,1.648426e-11,3.978111e-13,4.092370e-11,5.273896e-13,3.629895e-12,2.725979e-13
221.5000,1.682831e-11,4.019398e-13,4.019987e-11,5.215990e-13,3.632619e-12,2.726524e-13
221.5500,1.720646e-11,4.064775e-13,4.114951e-11,5.291960e-13,3.841450e-12,2.768290e-13
221.6000,1.679086e-11,4.014903e-13,4.083120e-11,5.266496e-13,3.439689e-12,2.687938e-13
221.6500,1.761730e-11,4.114076e-13,4.098875e-11,5.279100e-13,3.953897e-12,2.790779e-13
221.7000,1.773792e-11,4.128550e-13,4.045952e-11,5.236762e-13,4.003183e-12,2.800637e-13
221.7500,1.723877e-11,4.068652e-13,4.068046e-11,5.254437e-13,4.027508e-12,2.805502e-13
221.8000,1.776192e-11,4.131431e-13,4.036189e-11,5.228951e-13,4.612347e-12,2.922469e-13
221.8500,1.809060e-11,4.170872e-13,4.053161e-11,5.242529e-13,3.751097e-12,2.750219e-13
221.9000,1.872059e-11,4.246471e-13,4.030082e-11,5.224066e-13,4.008829e-12,2.801766e-13
221.9500,1.799628e-11,4.159554e-13,4.100918e-11,5.280734e-13,3.879277e-12,2.775855e-13
222.0000,1.843237e-11,4.211884e-13,4.094611e-11,5.275689e-13,3.911703e-12,2.782341e-13
222.0500,1.856375e-11,4.227650e-13,4.056939e-11,5.245551e-13,3.883772e-12,2.776754e-13
222.1000,1.860907e-11,4.233088e-13,4.124834e-11,5.299867e-13,4.023761e-12,2.804752e-13
222.1500,1.931957e-11,4.318349e-13,4.007402e-11,5.205922e-13,3.951351e-12,2.790270e-13
222.2000,1.862327e-11,4.234792e-13,4.070359e-11,5.256287e-13,4.132438e-12,2.826488e-13
222.2500,1.928153e-11,4.313784e-13,4.054332e-11,5.243465e-13,4.233798e-12,2.846760e-13
222.3000,1.936830e-11,4.324196e-13,4.073296e-11,5.258637e-13,4.373934e-12,2.874787e-13
222.3500,1.898595e-11,4.278314e-13,3.969321e-11,5.175457e-13,4.163013e-12,2.832603e-13
222.4000,1.942906e-11,4.331488e-13,4.120843e-11,5.296674e-13,4.111407e-12,2.822281e-13
222.4500,1.948136e-11,4.337763e-13,4.044318e-11,5.235455e-13,4.296053e-12,2.859211e-13
222.5000,1.969483e-11,4.363379e-13,4.075202e-11,5.260162e-13,4.297297e-12,2.859459e-13
222.5500,1.999602e-11,4.399523e-13,4.065235e-11,5.252188e-13,4.705043e-12,2.941009e-13
222.6000,1.948467e-11,4.338160e-13,4.040736e-11,5.232589e-13,4.572710e-12,2.914542e-13
222.6500,1.950132e-11,4.340158e-13,4.046703e-11,5.237362e-13,4.385125e-12,2.877025e-13
222.7000,1.937686e-11,4.325223e-13,4.009995e-11,5.207996e-13,4.646386e-12,2.929277e-13
222.7500,1.966849e-11,4.360219e-13,4.023954e-11,5.219163e-13,4.544221e-12,2.908844e-13
222.8000,2.007720e-11,4.409264e-13,4.066358e-11,5.253086e-13,4.909261e-12,2.981852e-13
222.8500,1.946970e-11,4.336364e-13,4.056997e-11,5.245597e-13,5.012811e-12,3.002562e-13
222.9000,1.956483e-11,4.347780e-13,3.990661e-11,5.192529e-13,4.689610e-12,2.937922e-13
222.9500,2.032550e-11,4.439060e-13,4.062604e-11,5.250083e-13,4.844639e-12,2.968928e-13
223.0000,1.997092e-11,4.396511e-13,4.006719e-11,5.205376e-13,4.605070e-12,2.921014e-13
223.0500,2.064937e-11,4.477924e-13,4.069028e-11,5.255222e-13,4.918517e-12,2.983703e-13
223.1000,2.011760e-11,4.414112e-13,4.116061e-11,5.292849e-13,4.667338e-12,2.933468e-13
223.1500,2.087805e-11,4.505366e-13,4.009964e-11,5.207972e-13,4.757990e-12,2.951598e-13
223.2000,2.021172e-11,4.425407e-13,4.001043e-11,5.200834e-13,4.847264e-12,2.969453e-13
223.2500,2.046057e-11,4.455268e-13,4.045889e-11,5.236711e-13,4.791544e-12,2.958309e-13
223.3000,2.099221e-11,4.519065e-13,4.072277e-11,5.257821e-13,4.836329e-12,2.967266e-13
223.3500,2.080181e-11,4.496217e-13,3.986277e-11,5.189021e-13,4.884214e-12,2.976843e-13
223.4000,2.055868e-11,4.467042e-13,4.060724e-11,5.248579e-13,5.157859e-12,3.031572e-13
223.4500,2.076314e-11,4.491577e-13,4.036478e-11,5.229182e-13,5.069003e-12,3.013801e-13
223.5000,2.053489e-11,4.464187e-13,4.009232e-11,5.207385e-13,4.676837e-12,2.935367e-13
223.5500,2.090760e-11,4.508912e-13,4.068975e-11,5.255180e-13,5.543444e-12,3.108689e-13
223.6000,2.100922e-11,4.521106e-13,4.075586e-11,5.260469e-13,5.090550e-12,3.018110e-13
223.6500,2.046132e-11,4.455358e-13,4.061170e-11,5.248936e-13,4.981104e-12,2.996221e-13
223.7000,2.120463e-11,4.544555e-13,4.060384e-11,5.248307e-13,4.939494e-12,2.987899e-13
223.7500,2.134226e-11,4.561071e-13,3.990985e-11,5.192788e-13,5.328212e-12,3.065642e-13
223.8000,2.096889e-11,4.516267e-13,3.954061e-11,5.163249e-13,4.826506e-12,2.965301e-13
223.8500,2.147225e-11,4.576670e-13,4.012912e-11,5.210329e-13,4.857737e-12,2.971547e-13
223.9000,2.082548e-11,4.499058e-13,4.097695e-11,5.278156e-13,5.202800e-12,3.040560e-13
223.9500,2.139934e-11,4.567921e-13,3.933322e-11,5.146658e-13,5.108338e-12,3.021668e-13
224.0000,2.040569e-11,4.448683e-13,4.084928e-11,5.267942e-13,5.204757e-12,3.040951e-13
224.0500,2.027402e-11,4.432882e-13,3.935428e-11,5.148342e-13,5.549991e-12,3.109998e-13
224.1000,1.936306e-11,4.323567e-13,4.097801e-11,5.278241e-13,5.025493e-12,3.005099e-13
224.1500,1.907458e-11,4.288950e-13,3.951568e-11,5.161255e-13,5.360958e-12,3.072192e-13
224.2000,1.872672e-11,4.247207e-13,3.996061e-11,5.196848e-13,5.031856e-12,3.006371e-13
224.2500,1.769777e-11,4.123732e-13,4.052761e-11,5.242209e-13,5.530551e-12,3.106110e-13
224.3000,1.781201e-11,4.137441e-13,4.057324e-11,5.245859e-13,5.100392e-12,3.020078e-13
224.3500,1.726133e-11,4.071360e-13,3.997800e-11,5.198240e-13,5.334157e-12,3.066831e-13
224.4000,1.670998e-11,4.005197e-13,3.999632e-11,5.199706e-13,5.206002e-12,3.041200e-13
224.4500,1.662022e-11,3.994426e-13,4.008796e-11,5.207036e-13,5.152226e-12,3.030445e-13
224.5000,1.599449e-11,3.919339e-13,3.978072e-11,5.182457e-13,5.422352e-12,3.084470e-13
224.5500,1.621876e-11,3.946252e-13,4.048337e-11,5.238670e-13,5.175932e-12,3.035186e-13
224.6000,1.545097e-11,3.854116e-13,3.996493e-11,5.197194e-13,5.286893e-12,3.057379e-13
224.6500,1.483433e-11,3.780120e-13,4.021837e-11,5.217469e-13,5.464484e-12,3.092897e-13
224.7000,1.466397e-11,3.759676e-13,4.119312e-11,5.295449e-13,5.349380e-12,3.069876e-13
224.7500,1.410415e-11,3.692498e-13,4.003598e-11,5.202879e-13,5.129306e-12,3.025861e-13
224.8000,1.400605e-11,3.680726e-13,3.979410e-11,5.183528e-13,5.153655e-12,3.030731e-13
224.8500,1.332003e-11,3.598404e-13,3.980843e-11,5.184674e-13,5.144349e-12,3.028870e-13
224.9000,1.327258e-11,3.592710e-13,4.091224e-11,5.272980e-13,5.065252e-12,3.013050e-13
224.9500,1.316285e-11,3.579542e-13,4.050090e-11,5.240072e-13,4.878785e-12,2.975757e-13
225.0000,1.269201e-11,3.523042e-13,3.946376e-11,5.157101e-13,5.228294e-12,3.045659e-13
225.0500,1.232136e-11,3.478563e-13,4.044028e-11,5.235222e-13,5.022489e-12,3.004498e-13
225.1000,1.264078e-11,3.516894e-13,4.012235e-11,5.209788e-13,4.842358e-12,2.968472e-13
225.1500,1.227274e-11,3.472729e-13,4.068928e-11,5.255143e-13,5.020390e-12,3.004078e-13
225.2000,1.176892e-11,3.412270e-13,3.984245e-11,5.187396e-13,5.104016e-12,3.020803e-13
225.2500,1.143974e-11,3.372768e-13,4.022776e-11,5.218221e-13,4.962720e-12,2.992544e-13
225.3000,1.108484e-11,3.330181e-13,4.083777e-11,5.267021e-13,5.245166e-12,3.049033e-13
225.3500,1.120988e-11,3.345186e-13,4.027159e-11,5.221727e-13,4.897919e-12,2.979584e-13
225.4000,1.060260e-11,3.272312e-13,4.062150e-11,5.249720e-13,4.779055e-12,2.955811e-13
225.4500,1.080434e-11,3.296520e-13,4.083640e-11,5.266912e-13,4.987027e-12,2.997405e-13
225.5000,1.032599e-11,3.239119e-13,4.080855e-11,5.264684e-13,4.783891e-12,2.956778e-13
225.5500,1.028967e-11,3.234760e-13,4.063209e-11,5.250567e-13,4.464279e-12,2.892856e-13
225.6000,1.005958e-11,3.207150e-13,4.064225e-11,5.251380e-13,4.945795e-12,2.989159e-13
225.6500,9.838292e-12,3.180595e-13,3.996706e-11,5.197364e-13,4.564483e-12,2.912897e-13
225.7000,9.666912e-12,3.160029e-13,3.991283e-11,5.193027e-13,4.596516e-12,2.919303e-13
225.7500,9.743317e-12,3.169198e-13,4.063393e-11,5.250714e-13,4.673395e-12,2.934679e-13
225.8000,9.645819e-12,3.157498e-13,4.111388e-11,5.289110e-13,4.810299e-12,2.962060e-13
225.8500,9.566421e-12,3.147970e-13,4.034988e-11,5.227990e-13,4.339685e-12,2.867937e-13
225.9000,9.368958e-12,3.124275e-13,4.055078e-11,5.244062e-13,4.217298e-12,2.843460e-13
225.9500,8.972039e-12,3.076645e-13,4.109669e-11,5.287735e-13,4.745077e-12,2.949015e-13
226.0000,8.829691e-12,3.059563e-13,4.012107e-11,5.209685e-13,4.572435e-12,2.914487e-13
226.0500,8.702677e-12,3.044321e-13,4.048886e-11,5.239109e-13,4.562167e-12,2.912433e-13
226.1000,9.140700e-12,3.096884e-13,4.093360e-11,5.274688e-13,4.194889e-12,2.838978e-13
226.1500,8.478877e-12,3.017465e-13,4.063415e-11,5.250732e-13,4.474458e-12,2.894892e-13
226.2000,8.390954e-12,3.006914e-13,3.979078e-11,5.183263e-13,4.430613e-12,2.886123e-13
226.2500,8.346692e-12,3.001603e-13,4.066879e-11,5.253503e-13,4.401858e-12,2.880372e-13
226.3000,8.151788e-12,2.978215e-13,4.113116e-11,5.290493e-13,4.328858e-12,2.865772e-13
226.3500,7.912686e-12,2.949522e-13,4.031436e-11,5.225148e-13,3.703519e-12,2.740704e-13
226.4000,8.191528e-12,2.982983e-13,4.059485e-11,5.247588e-13,4.234260e-12,2.846852e-13
226.4500,7.677486e-12,2.921298e-13,4.041739e-11,5.233391e-13,4.515361e-12,2.903072e-13
226.5000,8.052880e-12,2.966346e-13,4.088136e-11,5.270509e-13,4.258515e-12,2.851703e-13
226.5500,7.923128e-12,2.950775e-13,4.077536e-11,5.262029e-13,3.934190e-12,2.786838e-13
226.6000,7.762033e-12,2.931444e-13,4.004879e-11,5.203903e-13,4.209531e-12,2.841906e-13
226.6500,7.323086e-12,2.878770e-13,4.013812e-11,5.211050e-13,3.971064e-12,2.794213e-13
226.7000,7.468805e-12,2.896257e-13,4.081174e-11,5.264939e-13,4.419895e-12,2.883979e-13
226.7500,7.291787e-12,2.875014e-13,4.080023e-11,5.264018e-13,3.621390e-12,2.724278e-13
226.8000,7.419469e-12,2.890336e-13,4.067100e-11,5.253680e-13,4.273493e-12,2.854699e-13
226.8500,7.595472e-12,2.911457e-13,3.991972e-11,5.193577e-13,3.980693e-12,2.796139e-13
226.9000,7.422484e-12,2.890698e-13,4.062926e-11,5.250341e-13,4.098777e-12,2.819755e-13
226.9500,7.660609e-12,2.919273e-13,4.020254e-11,5.216203e-13,4.037977e-12,2.807595e-13
227.0000,7.263786e-12,2.871654e-13,4.095540e-11,5.276432e-13,3.879177e-12,2.775835e-13
227.0500,7.382612e-12,2.885913e-13,4.049323e-11,5.239458e-13,3.546389e-12,2.709278e-13
227.1000,7.135357e-12,2.856243e-13,4.137750e-11,5.310200e-13,3.906651e-12,2.781330e-13
227.1500,6.884422e-12,2.826131e-13,4.043069e-11,5.234456e-13,3.414773e-12,2.682955e-13
227.2000,6.789417e-12,2.814730e-13,4.087905e-11,5.270324e-13,3.960635e-12,2.792127e-13
227.2500,6.881249e-12,2.825750e-13,3.985773e-11,5.188618e-13,3.602747e-12,2.720549e-13
227.3000,6.632178e-12,2.795861e-13,4.080509e-11,5.264407e-13,3.699885e-12,2.739977e-13
227.3500,6.844922e-12,2.821391e-13,4.046129e-11,5.236904e-13,3.661471e-12,2.732294e-13
227.4000,6.989345e-12,2.838721e-13,4.074016e-11,5.259213e-13,3.987746e-12,2.797549e-13
227.4500,6.613437e-12,2.793612e-13,4.062954e-11,5.250363e-13,3.575663e-12,2.715133e-13
227.5000,6.669160e-12,2.800299e-13,4.126623e-11,5.301299e-13,3.272577e-12,2.654515e-13
227.5500,6.534713e-12,2.784166e-13,4.096523e-11,5.277218e-13,3.173344e-12,2.634669e-13
227.6000,6.690505e-12,2.802861e-13,4.090061e-11,5.272049e-13,3.498103e-12,2.699621e-13
227.6500,6.566418e-12,2.787970e-13,4.043790e-11,5.235032e-13,3.385375e-12,2.677075e-13
227.7000,6.149420e-12,2.737930e-13,4.044108e-11,5.235286e-13,3.747874e-12,2.749575e-13
227.7500,6.833151e-12,2.819978e-13,4.087376e-11,5.269901e-13,3.133874e-12,2.626775e-13
227.8000,6.650561e-12,2.798067e-13,4.037994e-11,5.230395e-13,3.290260e-12,2.658052e-13
227.8500,6.962724e-12,2.835527e-13,4.089156e-11,5.271325e-13,3.115510e-12,2.623102e-13
227.9000,6.103534e-12,2.732424e-13,4.058826e-11,5.247061e-13,2.976555e-12,2.595311e-13
227.9500,6.523676e-12,2.782841e-13,4.064548e-11,5.251639e-13,3.340740e-12,2.668148e-13
228.0000,7.292550e-12,2.875106e-13,4.054991e-11,5.243993e-13,3.320584e-12,2.664117e-13
228.0500,7.250982e-12,2.870118e-13,4.117374e-11,5.293899e-13,3.487835e-12,2.697567e-13
228.1000,7.960338e-12,2.955241e-13,4.076314e-11,5.261051e-13,3.064314e-12,2.612863e-13
228.1500,8.406642e-12,3.008797e-13,4.109302e-11,5.287442e-13,3.639421e-12,2.727884e-13
228.2000,9.331942e-12,3.119833e-13,4.061308e-11,5.249046e-13,2.845606e-12,2.569121e-13
228.2500,9.807674e-12,3.176921e-13,4.115696e-11,5.292557e-13,3.354069e-12,2.670814e-13
228.3000,1.012009e-11,3.214411e-13,4.112513e-11,5.290011e-13,3.087449e-12,2.617490e-13
228.3500,1.033993e-11,3.240791e-13,4.062161e-11,5.249729e-13,2.897920e-12,2.579584e-13
228.4000,1.060144e-11,3.272173e-13,4.119131e-11,5.295305e-13,3.116881e-12,2.623376e-13
228.4500,1.147710e-11,3.377252e-13,4.048188e-11,5.238550e-13,2.712234e-12,2.542447e-13
228.5000,1.162074e-11,3.394489e-13,4.098727e-11,5.278982e-13,3.108087e-12,2.621617e-13
228.5500,1.225167e-11,3.470201e-13,4.056895e-11,5.245516e-13,3.319214e-12,2.663843e-13
228.6000,1.231619e-11,3.477942e-13,4.065185e-11,5.252148e-13,3.399343e-12,2.679869e-13
228.6500,1.229047e-11,3.474857e-13,4.103292e-11,5.282633e-13,3.147274e-12,2.629455e-13
228.7000,1.361651e-11,3.633981e-13,4.013933e-11,5.211146e-13,3.338301e-12,2.667660e-13
228.7500,1.311814e-11,3.574177e-13,4.053265e-11,5.242612e-13,3.593393e-12,2.718679e-13
228.8000,1.332541e-11,3.599050e-13,4.093293e-11,5.274635e-13,2.980507e-12,2.596101e-13
228.8500,1.368384e-11,3.642061e-13,4.086904e-11,5.269523e-13,3.020766e-12,2.604153e-13
228.9000,1.430548e-11,3.716658e-13,4.055550e-11,5.244440e-13,2.897964e-12,2.579593e-13
228.9500,1.467096e-11,3.760515e-13,4.093390e-11,5.274712e-13,3.237562e-12,2.647512e-13
229.0000,1.504306e-11,3.805168e-13,4.103691e-11,5.282953e-13,3.031999e-12,2.606400e-13
229.0500,1.480951e-11,3.777141e-13,4.070223e-11,5.256178e-13,3.319560e-12,2.663912e-13
229.1000,1.505540e-11,3.806648e-13,4.135165e-11,5.308132e-13,3.475876e-12,2.695175e-13
229.1500,1.570420e-11,3.884504e-13,4.050613e-11,5.240490e-13,3.497475e-12,2.699495e-13
229.2000,1.580165e-11,3.896198e-13,4.119551e-11,5.295641e-13,3.255751e-12,2.651150e-13
229.2500,1.587316e-11,3.904780e-13,4.109822e-11,5.287858e-13,3.606830e-12,2.721366e-13
229.3000,1.642697e-11,3.971236e-13,4.114009e-11,5.291208e-13,3.152942e-12,2.630588e-13
229.3500,1.639885e-11,3.967862e-13,4.072934e-11,5.258347e-13,3.016727e-12,2.603345e-13
229.4000,1.639473e-11,3.967367e-13,4.118313e-11,5.294650e-13,3.449151e-12,2.689830e-13
229.4500,1.665535e-11,3.998642e-13,4.011089e-11,5.208871e-13,3.220650e-12,2.644130e-13
229.5000,1.715326e-11,4.058391e-13,4.047178e-11,5.237742e-13,3.454392e-12,2.690878e-13
229.5500,1.707900e-11,4.049480e-13,4.042642e-11,5.234113e-13,3.536311e-12,2.707262e-13
229.6000,1.754606e-11,4.105527e-13,4.064422e-11,5.251538e-13,3.462024e-12,2.692405e-13
229.6500,1.719296e-11,4.063156e-13,4.126914e-11,5.301531e-13,3.184481e-12,2.636896e-13
229.7000,1.763308e-11,4.115970e-13,4.127567e-11,5.302054e-13,3.774821e-12,2.754964e-13
229.7500,1.758306e-11,4.109968e-13,4.098060e-11,5.278448e-13,4.373688e-12,2.874738e-13
229.8000,1.763531e-11,4.116237e-13,4.068617e-11,5.254893e-13,3.309442e-12,2.661888e-13
229.8500,1.808332e-11,4.169999e-13,4.040971e-11,5.232777e-13,3.634789e-12,2.726958e-13
229.9000,1.808756e-11,4.170507e-13,4.062527e-11,5.250022e-13,3.785095e-12,2.757019e-13
229.9500,1.880887e-11,4.257065e-13,4.082850e-11,5.266280e-13,3.593630e-12,2.718726e-13
230.0000,1.755233e-11,4.106280e-13,4.021057e-11,5.216846e-13,4.084495e-12,2.816899e-13
230.0500,1.758549e-11,4.110259e-13,4.087016e-11,5.269613e-13,3.945678e-12,2.789136e-13
230.1000,1.662741e-11,3.995289e-13,4.086941e-11,5.269553e-13,4.060460e-12,2.812092e-13
230.1500,1.699760e-11,4.039712e-13,4.086561e-11,5.269249e-13,3.935582e-12,2.787116e-13
230.2000,1.592339e-11,3.910806e-13,4.088033e-11,5.270427e-13,3.818084e-12,2.763617e-13
230.2500,1.555196e-11,3.866236e-13,4.118034e-11,5.294427e-13,4.321035e-12,2.864207e-13
230.3000,1.565813e-11,3.878976e-13,4.047486e-11,5.237989e-13,3.932939e-12,2.786588e-13
230.3500,1.520977e-11,3.825173e-13,4.114364e-11,5.291491e-13,3.678524e-12,2.735705e-13
230.4000,1.488591e-11,3.786309e-13,4.106829e-11,5.285463e-13,4.218066e-12,2.843613e-13
230.4500,1.463480e-11,3.756176e-13,4.068417e-11,5.254734e-13,4.060296e-12,2.812059e-13
230.5000,1.389744e-11,3.667693e-13,4.065556e-11,5.252445e-13,3.924403e-12,2.784881e-13
230.5500,1.381591e-11,3.657909e-13,4.089596e-11,5.271677e-13,3.708459e-12,2.741692e-13
230.6000,1.395406e-11,3.674487e-13,4.052657e-11,5.242125e-13,3.819115e-12,2.763823e-13
230.6500,1.322824e-11,3.587389e-13,4.031693e-11,5.225354e-13,4.099036e-12,2.819807e-13
230.7000,1.314884e-11,3.577861e-13,4.077687e-11,5.262149e-13,4.292743e-12,2.858549e-13
230.7500,1.302186e-11,3.562623e-13,4.070158e-11,5.256127e-13,3.822106e-12,2.764421e-13
230.8000,1.237735e-11,3.485282e-13,4.075787e-11,5.260630e-13,4.258494e-12,2.851699e-13
230.8500,1.245535e-11,3.494642e-13,4.040718e-11,5.232574e-13,4.041117e-12,2.808223e-13
230.9000,1.216590e-11,3.459908e-13,4.048913e-11,5.239131e-13,4.006534e-12,2.801307e-13
230.9500,1.139443e-11,3.367332e-13,4.114169e-11,5.291335e-13,3.843391e-12,2.768678e-13
231.0000,1.142609e-11,3.371130e-13,4.100295e-11,5.280236e-13,4.259112e-12,2.851822e-13
231.0500,1.171145e-11,3.405374e-13,4.083708e-11,5.266966e-13,3.743502e-12,2.748700e-13
231.1000,1.119175e-11,3.343010e-13,4.016380e-11,5.213104e-13,3.742688e-12,2.748538e-13
231.1500,1.071844e-11,3.286213e-13,4.049344e-11,5.239475e-13,3.790943e-12,2.758189e-13
231.2000,1.046240e-11,3.255487e-13,4.102339e-11,5.281871e-13,3.531607e-12,2.706321e-13
231.2500,1.114269e-11,3.337122e-13,4.055190e-11,5.244152e-13,3.617789e-12,2.723558e-13
231.3000,1.056110e-11,3.267332e-13,4.146709e-11,5.317367e-13,3.900871e-12,2.780174e-13
231.3500,9.920136e-12,3.190416e-13,4.026477e-11,5.221182e-13,3.709486e-12,2.741897e-13
231.4000,9.875951e-12,3.185114e-13,4.071686e-11,5.257349e-13,3.644071e-12,2.728814e-13
231.4500,9.618527e-12,3.154223e-13,4.081539e-11,5.265231e-13,3.453836e-12,2.690767e-13
231.5000,9.676097e-12,3.161132e-13,4.035037e-11,5.228030e-13,3.852196e-12,2.770439e-13
231.5500,9.165848e-12,3.099902e-13,4.071360e-11,5.257088e-13,3.577845e-12,2.715569e-13
231.6000,9.387524e-12,3.126503e-13,4.073465e-11,5.258772e-13,3.433339e-12,2.686668e-13
231.6500,9.849910e-12,3.181989e-13,4.054500e-11,5.243600e-13,3.638874e-12,2.727775e-13
231.7000,9.133661e-12,3.096039e-13,4.123744e-11,5.298995e-13,4.158449e-12,2.831690e-13
231.7500,9.010456e-12,3.081255e-13,4.110886e-11,5.288709e-13,3.960885e-12,2.792177e-13
231.8000,8.803227e-12,3.056387e-13,4.153545e-11,5.322836e-13,3.936939e-12,2.787388e-13
231.8500,8.836998e-12,3.060440e-13,4.045398e-11,5.236319e-13,3.955792e-12,2.791158e-13
231.9000,8.506498e-12,3.020780e-13,4.011233e-11,5.208986e-13,3.586097e-12,2.717219e-13
231.9500,8.437764e-12,3.012532e-13,4.060755e-11,5.248604e-13,3.568941e-12,2.713788e-13
232.0000,9.055013e-12,3.086602e-13,4.111196e-11,5.288956e-13,3.392204e-12,2.678441e-13
232.0500,9.103196e-12,3.092384e-13,4.116943e-11,5.293554e-13,3.164248e-12,2.632850e-13
232.1000,9.825922e-12,3.179111e-13,4.079648e-11,5.263718e-13,3.421647e-12,2.684329e-13
232.1500,1.025315e-11,3.230378e-13,4.062469e-11,5.249975e-13,3.456912e-12,2.691382e-13
232.2000,1.030835e-11,3.237002e-13,3.979219e-11,5.183376e-13,3.513374e-12,2.702675e-13
232.2500,1.111338e-11,3.333605e-13,4.118325e-11,5.294660e-13,3.496025e-12,2.699205e-13
232.3000,1.179244e-11,3.415093e-13,4.052955e-11,5.242364e-13,3.475107e-12,2.695021e-13
232.3500,1.214222e-11,3.457067e-13,4.125322e-11,5.300258e-13,3.598241e-12,2.719648e-13
232.4000,1.236925e-11,3.484310e-13,4.063498e-11,5.250798e-13,3.567168e-12,2.713434e-13
232.4500,1.243675e-11,3.492410e-13,3.961199e-11,5.168959e-13,3.518812e-12,2.703762e-13
232.5000,1.210876e-11,3.453052e-13,4.138302e-11,5.310641e-13,3.823632e-12,2.764726e-13
232.5500,1.329852e-11,3.595822e-13,4.073388e-11,5.258710e-13,3.564611e-12,2.712922e-13
232.6000,1.340963e-11,3.609156e-13,4.033300e-11,5.226640e-13,3.330682e-12,2.666136e-13
232.6500,1.383779e-11,3.660535e-13,4.090550e-11,5.272440e-13,3.471650e-12,2.694330e-13
232.7000,1.428052e-11,3.713662e-13,4.108615e-11,5.286892e-13,3.793009e-12,2.758602e-13
232.7500,1.443095e-11,3.731714e-13,4.080930e-11,5.264744e-13,3.652131e-12,2.730426e-13
232.8000,1.457588e-11,3.749105e-13,4.074949e-11,5.259959e-13,3.728973e-12,2.745795e-13
232.8500,1.507953e-11,3.809544e-13,4.093897e-11,5.275117e-13,3.610077e-12,2.722015e-13
232.9000,1.494088e-11,3.792906e-13,4.101590e-11,5.281272e-13,4.321556e-12,2.864311e-13
232.9500,1.492118e-11,3.790541e-13,4.145557e-11,5.316446e-13,3.847722e-12,2.769544e-13
233.0000,1.550901e-11,3.861081e-13,4.062233e-11,5.249787e-13,3.376610e-12,2.675322e-13
233.0500,1.526390e-11,3.831668e-13,4.068980e-11,5.255184e-13,3.691115e-12,2.738223e-13
233.1000,1.581258e-11,3.897509e-13,4.118283e-11,5.294626e-13,3.683201e-12,2.736640e-13
233.1500,1.647471e-11,3.976965e-13,4.077347e-11,5.261878e-13,3.706766e-12,2.741353e-13
233.2000,1.659175e-11,3.991011e-13,3.998502e-11,5.198802e-13,3.935807e-12,2.787161e-13
233.2500,1.662375e-11,3.994850e-13,4.047758e-11,5.238206e-13,3.599714e-12,2.719943e-13
233.3000,1.674149e-11,4.008979e-13,3.992548e-11,5.194039e-13,3.753223e-12,2.750645e-13
233.3500,1.719308e-11,4.063170e-13,4.110291e-11,5.288233e-13,3.541051e-12,2.708210e-13
233.4000,1.740033e-11,4.088040e-13,4.064824e-11,5.251859e-13,3.667098e-12,2.733420e-13
233.4500,1.691574e-11,4.029888e-13,4.118700e-11,5.294960e-13,3.699451e-12,2.739890e-13
233.5000,1.804814e-11,4.165777e-13,4.105467e-11,5.284374e-13,3.781888e-12,2.756378e-13
233.5500,1.750457e-11,4.100548e-13,4.110992e-11,5.288794e-13,4.064498e-12,2.812900e-13
233.6000,1.820710e-11,4.184852e-13,4.081990e-11,5.265592e-13,4.166734e-12,2.833347e-13
233.6500,1.768470e-11,4.122164e-13,4.054842e-11,5.243874e-13,3.532864e-12,2.706573e-13
233.7000,1.825212e-11,4.190254e-13,4.058532e-11,5.246825e-13,4.342376e-12,2.868475e-13
233.7500,1.843081e-11,4.211697e-13,4.083272e-11,5.266617e-13,3.852290e-12,2.770458e-13
233.8000,1.836406e-11,4.203688e-13,4.038284e-11,5.230627e-13,4.146083e-12,2.829217e-13
233.8500,1.829848e-11,4.195817e-13,4.029053e-11,5.223242e-13,4.318878e-12,2.863776e-13
233.9000,1.914324e-11,4.297188e-13,4.070683e-11,5.256547e-13,3.919810e-12,2.783962e-13
233.9500,1.887770e-11,4.265323e-13,4.068008e-11,5.254406e-13,4.323380e-12,2.864676e-13
234.0000,1.816745e-11,4.180094e-13,4.004945e-11,5.203956e-13,4.149749e-12,2.829950e-13
234.0500,1.787591e-11,4.145109e-13,4.147855e-11,5.318284e-13,3.943151e-12,2.788630e-13
234.1000,1.747563e-11,4.097076e-13,4.038209e-11,5.230567e-13,4.046894e-12,2.809379e-13
234.1500,1.741679e-11,4.090015e-13,4.039683e-11,5.231746e-13,4.105905e-12,2.821181e-13
234.2000,1.685159e-11,4.022191e-13,4.043224e-11,5.234579e-13,4.372900e-12,2.874580e-13
234.2500,1.607284e-11,3.928741e-13,4.033532e-11,5.226826e-13,4.099635e-12,2.819927e-13
234.3000,1.584715e-11,3.901658e-13,4.047331e-11,5.237865e-13,3.951919e-12,2.790384e-13
234.3500,1.538738e-11,3.846486e-13,4.034419e-11,5.227535e-13,4.323148e-12,2.864630e-13
234.4000,1.503287e-11,3.803944e-13,4.071096e-11,5.256877e-13,4.355319e-12,2.871064e-13
234.4500,1.435511e-11,3.722613e-13,4.084708e-11,5.267767e-13,4.367976e-12,2.873595e-13
234.5000,1.454852e-11,3.745823e-13,4.084092e-11,5.267274e-13,4.396141e-12,2.879228e-13
234.5500,1.397050e-11,3.676460e-13,4.045586e-11,5.236469e-13,4.027091e-12,2.805418e-13
234.6000,1.415006e-11,3.698007e-13,4.119305e-11,5.295444e-13,4.460072e-12,2.892014e-13
234.6500,1.365621e-11,3.638746e-13,3.937514e-11,5.150011e-13,4.131362e-12,2.826272e-13
234.7000,1.309294e-11,3.571152e-13,4.000770e-11,5.200616e-13,4.218932e-12,2.843786e-13
234.7500,1.324663e-11,3.589596e-13,4.086965e-11,5.269572e-13,4.354718e-12,2.870944e-13
234.8000,1.297028e-11,3.556434e-13,4.068746e-11,5.254996e-13,4.391946e-12,2.878389e-13
234.8500,1.193732e-11,3.432479e-13,4.042064e-11,5.233651e-13,4.546696e-12,2.909339e-13
234.9000,1.246498e-11,3.495797e-13,4.109799e-11,5.287839e-13,3.716086e-12,2.743217e-13
234.9500,1.225668e-11,3.470802e-13,4.072983e-11,5.258386e-13,4.489612e-12,2.897922e-13
235.0000,1.154585e-11,3.385502e-13,4.064773e-11,5.251818e-13,4.394690e-12,2.878938e-13
235.0500,1.160686e-11,3.392823e-13,4.042156e-11,5.233724e-13,4.231022e-12,2.846204e-13
235.1000,1.139600e-11,3.367520e-13,4.048012e-11,5.238409e-13,3.967111e-12,2.793422e-13
235.1500,1.127108e-11,3.352530e-13,4.077100e-11,5.261680e-13,4.227666e-12,2.845533e-13
235.2000,1.089482e-11,3.307378e-13,4.081266e-11,5.265013e-13,4.390177e-12,2.878035e-13
235.2500,1.079873e-11,3.295847e-13,3.987473e-11,5.189978e-13,3.549751e-12,2.709950e-13
235.3000,1.038815e-11,3.246578e-13,4.154317e-11,5.323453e-13,3.928417e-12,2.785683e-13
235.3500,1.032945e-11,3.239534e-13,4.048213e-11,5.238571e-13,4.103102e-12,2.820620e-13
235.4000,1.005187e-11,3.206225e-13,4.095360e-11,5.276288e-13,4.279863e-12,2.855973e-13
235.4500,1.000659e-11,3.200791e-13,4.080752e-11,5.264601e-13,3.937025e-12,2.787405e-13
235.5000,9.961760e-12,3.195411e-13,4.082498e-11,5.265998e-13,4.427919e-12,2.885584e-13
235.5500,9.402188e-12,3.128263e-13,4.054856e-11,5.243885e-13,3.608039e-12,2.721608e-13
235.6000,9.421886e-12,3.130626e-13,4.060296e-11,5.248237e-13,4.027480e-12,2.805496e-13
235.6500,9.035968e-12,3.084316e-13,4.109422e-11,5.287538e-13,3.964944e-12,2.792989e-13
235.7000,9.487845e-12,3.138541e-13,4.115741e-11,5.292593e-13,3.572136e-12,2.714427e-13
235.7500,8.905889e-12,3.068707e-13,4.051251e-11,5.241001e-13,3.610314e-12,2.722063e-13
235.8000,8.761316e-12,3.051358e-13,4.082232e-11,5.265785e-13,3.480557e-12,2.696111e-13
235.8500,9.094086e-12,3.091290e-13,4.090110e-11,5.272088e-13,3.779796e-12,2.755959e-13
235.9000,8.873262e-12,3.064791e-13,4.170373e-11,5.336299e-13,3.651703e-12,2.730341e-13
235.9500,8.453102e-12,3.014372e-13,4.064705e-11,5.251764e-13,3.926987e-12,2.785397e-13
236.0000,9.239214e-12,3.108706e-13,4.016778e-11,5.213422e-13,3.669185e-12,2.733837e-13
236.0500,9.812588e-12,3.177511e-13,4.112885e-11,5.290308e-13,3.939238e-12,2.787848e-13
236.1000,9.950212e-12,3.194025e-13,4.043393e-11,5.234714e-13,3.657959e-12,2.731592e-13
236.1500,1.032924e-11,3.239508e-13,4.105662e-11,5.284530e-13,3.981739e-12,2.796348e-13
236.2000,1.072571e-11,3.287085e-13,4.087479e-11,5.269983e-13,3.438215e-12,2.687643e-13
236.2500,1.102266e-11,3.322720e-13,4.075114e-11,5.260091e-13,3.687423e-12,2.737485e-13
236.3000,1.158541e-11,3.390250e-13,4.098181e-11,5.278545e-13,3.380692e-12,2.676138e-13
236.3500,1.196524e-11,3.435829e-13,4.114361e-11,5.291488e-13,3.734069e-12,2.746814e-13
236.4000,1.214510e-11,3.457412e-13,4.050844e-11,5.240675e-13,3.564360e-12,2.712872e-13
236.4500,1.301346e-11,3.561616e-13,4.076374e-11,5.261100e-13,3.530337e-12,2.706067e-13
236.5000,1.333686e-11,3.600424e-13,4.033060e-11,5.226448e-13,3.897155e-12,2.779431e-13
236.5500,1.336477e-11,3.603772e-13,4.075434e-11,5.260347e-13,3.903090e-12,2.780618e-13
236.6000,1.358958e-11,3.630750e-13,3.985480e-11,5.188384e-13,3.875897e-12,2.775179e-13
236.6500,1.401157e-11,3.681389e-13,4.097811e-11,5.278249e-13,3.932688e-12,2.786538e-13
236.7000,1.400416e-11,3.680499e-13,4.061520e-11,5.249216e-13,3.696000e-12,2.739200e-13
236.7500,1.476674e-11,3.772008e-13,4.087628e-11,5.270102e-13,3.529696e-12,2.705939e-13
236.8000,1.475812e-11,3.770974e-13,4.110020e-11,5.288016e-13,4.109737e-12,2.821947e-13
236.8500,1.502980e-11,3.803576e-13,4.047141e-11,5.237713e-13,4.259650e-12,2.851930e-13
236.9000,1.522870e-11,3.827445e-13,4.096888e-11,5.277511e-13,3.811128e-12,2.762226e-13
236.9500,1.608598e-11,3.930317e-13,4.078057e-11,5.262445e-13,3.546758e-12,2.709352e-13
237.0000,1.542767e-11,3.851321e-13,4.106726e-11,5.285381e-13,3.757278e-12,2.751456e-13
237.0500,1.590195e-11,3.908234e-13,4.057983e-11,5.246386e-13,3.818875e-12,2.763775e-13
237.1000,1.643604e-11,3.972325e-13,4.102195e-11,5.281756e-13,3.903116e-12,2.780623e-13
237.1500,1.650603e-11,3.980724e-13,4.007012e-11,5.205609e-13,3.746773e-12,2.749355e-13
237.2000,1.623531e-11,3.948237e-13,3.998512e-11,5.198809e-13,4.089570e-12,2.817914e-13
237.2500,1.676944e-11,4.012333e-13,4.018474e-11,5.214779e-13,3.979996e-12,2.795999e-13
237.3000,1.687991e-11,4.025589e-13,4.064236e-11,5.251389e-13,3.746478e-12,2.749296e-13
237.3500,1.748004e-11,4.097604e-13,4.050292e-11,5.240234e-13,4.054079e-12,2.810816e-13
237.4000,1.706908e-11,4.048289e-13,4.044403e-11,5.235522e-13,4.060053e-12,2.812011e-13
237.4500,1.747639e-11,4.097166e-13,4.028021e-11,5.222416e-13,4.134263e-12,2.826853e-13
237.5000,1.769781e-11,4.123737e-13,4.085234e-11,5.268187e-13,4.133657e-12,2.826731e-13
237.5500,1.832106e-11,4.198528e-13,4.076097e-11,5.260878e-13,4.268686e-12,2.853737e-13
237.6000,1.784649e-11,4.141579e-13,4.069190e-11,5.255352e-13,4.458075e-12,2.891615e-13
237.6500,1.843833e-11,4.212599e-13,4.103684e-11,5.282947e-13,4.372124e-12,2.874425e-13
237.7000,1.818194e-11,4.181833e-13,4.004257e-11,5.203406e-13,4.241744e-12,2.848349e-13
237.7500,1.832991e-11,4.199589e-13,4.065513e-11,5.252410e-13,4.287371e-12,2.857474e-13
237.8000,1.852155e-11,4.222585e-13,4.053632e-11,5.242905e-13,3.931970e-12,2.786394e-13
237.8500,1.881441e-11,4.257729e-13,4.004373e-11,5.203498e-13,3.934876e-12,2.786975e-13
237.9000,1.876094e-11,4.251312e-13,4.070965e-11,5.256772e-13,4.344220e-12,2.868844e-13
237.9500,1.886792e-11,4.264150e-13,4.120298e-11,5.296238e-13,4.182818e-12,2.836564e-13
238.0000,1.837712e-11,4.205254e-13,4.010203e-11,5.208162e-13,4.656620e-12,2.931324e-13
238.0500,1.764739e-11,4.117687e-13,4.024049e-11,5.219239e-13,4.615040e-12,2.923008e-13
238.1000,1.723271e-11,4.067925e-13,4.056269e-11,5.245015e-13,4.331006e-12,2.866201e-13
238.1500,1.744624e-11,4.093549e-13,4.024143e-11,5.219314e-13,4.201284e-12,2.840257e-13
238.2000,1.667206e-11,4.000647e-13,4.109915e-11,5.287932e-13,4.417049e-12,2.883410e-13
238.2500,1.582136e-11,3.898563e-13,4.069323e-11,5.255458e-13,4.402713e-12,2.880543e-13
238.3000,1.532675e-11,3.839210e-13,3.978099e-11,5.182479e-13,4.599666e-12,2.919933e-13
238.3500,1.566582e-11,3.879899e-13,4.024257e-11,5.219405e-13,4.517692e-12,2.903538e-13
238.4000,1.538331e-11,3.845997e-13,4.099406e-11,5.279525e-13,4.562398e-12,2.912480e-13
238.4500,1.529438e-11,3.835325e-13,4.000352e-11,5.200281e-13,4.214573e-12,2.842915e-13
238.5000,1.444652e-11,3.733582e-13,4.025600e-11,5.220480e-13,4.204596e-12,2.840919e-13
238.5500,1.391415e-11,3.669698e-13,4.078519e-11,5.262815e-13,3.949966e-12,2.789993e-13
238.6000,1.370158e-11,3.644189e-13,4.098728e-11,5.278982e-13,4.893485e-12,2.978697e-13
238.6500,1.336231e-11,3.603477e-13,4.070872e-11,5.256697e-13,4.102044e-12,2.820409e-13
238.7000,1.300097e-11,3.560117e-13,4.055166e-11,5.244133e-13,4.586644e-12,2.917329e-13
238.7500,1.314486e-11,3.577383e-13,3.998554e-11,5.198843e-13,4.367412e-12,2.873482e-13
238.8000,1.275091e-11,3.530109e-13,4.108824e-11,5.287059e-13,4.609007e-12,2.921801e-13
238.8500,1.224712e-11,3.469654e-13,4.108915e-11,5.287132e-13,4.109126e-12,2.821825e-13
238.9000,1.240761e-11,3.488913e-13,4.077879e-11,5.262303e-13,4.841288e-12,2.968258e-13
238.9500,1.169471e-11,3.403365e-13,4.023984e-11,5.219187e-13,4.332948e-12,2.866590e-13
239.0000,1.185942e-11,3.423131e-13,4.018464e-11,5.214771e-13,3.869210e-12,2.773842e-13
239.0500,1.132879e-11,3.359455e-13,4.072663e-11,5.258130e-13,4.057933e-12,2.811587e-13
239.1000,1.141151e-11,3.369381e-13,4.146842e-11,5.317474e-13,3.783933e-12,2.756787e-13
239.1500,1.090094e-11,3.308113e-13,3.998186e-11,5.198549e-13,4.365799e-12,2.873160e-13
239.2000,1.091228e-11,3.309474e-13,4.027290e-11,5.221832e-13,4.202975e-12,2.840595e-13
239.2500,1.040545e-11,3.248653e-13,4.092697e-11,5.274158e-13,4.078095e-12,2.815619e-13
239.3000,1.016410e-11,3.219692e-13,4.025706e-11,5.220565e-13,3.932700e-12,2.786540e-13
239.3500,1.061284e-11,3.273540e-13,4.017099e-11,5.213679e-13,4.269578e-12,2.853916e-13
239.4000,1.038824e-11,3.246588e-13,4.009050e-11,5.207240e-13,4.391787e-12,2.878357e-13
239.4500,1.026201e-11,3.231441e-13,4.051742e-11,5.241394e-13,4.062113e-12,2.812423e-13
239.5000,9.457045e-12,3.134845e-13,4.084109e-11,5.267287e-13,4.175258e-12,2.835052e-13
239.5500,9.875585e-12,3.185070e-13,4.024968e-11,5.219974e-13,4.151122e-12,2.830224e-13
239.6000,9.603472e-12,3.152417e-13,4.079797e-11,5.263837e-13,3.902687e-12,2.780537e-13
239.6500,9.358591e-12,3.123031e-13,4.049264e-11,5.239411e-13,4.045767e-12,2.809153e-13
239.7000,9.228950e-12,3.107474e-13,4.083366e-11,5.266693e-13,3.569183e-12,2.713837e-13
239.7500,8.882196e-12,3.065864e-13,4.025395e-11,5.220316e-13,4.140130e-12,2.828026e-13
239.8000,9.151905e-12,3.098229e-13,4.089729e-11,5.271783e-13,3.894713e-12,2.778943e-13
239.8500,9.079354e-12,3.089522e-13,4.058986e-11,5.247189e-13,4.007665e-12,2.801533e-13
239.9000,8.934024e-12,3.072083e-13,4.032439e-11,5.225951e-13,3.784918e-12,2.756984e-13
239.9500,8.579178e-12,3.029501e-13,4.080396e-11,5.264317e-13,3.954952e-12,2.790990e-13
240.0000,9.059942e-12,3.087193e-13,4.119578e-11,5.295662e-13,3.799236e-12,2.759847e-13
240.0500,9.594412e-12,3.151329e-13,4.062361e-11,5.249889e-13,3.832022e-12,2.766404e-13
240.1000,1.046866e-11,3.256240e-13,4.055577e-11,5.244462e-13,3.811354e-12,2.762271e-13
240.1500,1.062903e-11,3.275484e-13,4.092450e-11,5.273960e-13,3.629589e-12,2.725918e-13
240.2000,1.103724e-11,3.324468e-13,4.096407e-11,5.277126e-13,3.746980e-12,2.749396e-13
240.2500,1.116054e-11,3.339265e-13,4.061867e-11,5.249494e-13,3.758040e-12,2.751608e-13
240.3000,1.177951e-11,3.413541e-13,4.088465e-11,5.270772e-13,3.793661e-12,2.758732e-13
240.3500,1.213950e-11,3.456740e-13,4.069331e-11,5.255465e-13,3.865861e-12,2.773172e-13
240.4000,1.201661e-11,3.441993e-13,4.032460e-11,5.225968e-13,3.919025e-12,2.783805e-13
240.4500,1.239933e-11,3.487920e-13,4.078084e-11,5.262467e-13,3.477531e-12,2.695506e-13
240.5000,1.304501e-11,3.565401e-13,4.081941e-11,5.265552e-13,3.737057e-12,2.747411e-13
240.5500,1.323902e-11,3.588682e-13,4.040457e-11,5.232366e-13,3.752610e-12,2.750522e-13
240.6000,1.364500e-11,3.637400e-13,4.092859e-11,5.274287e-13,3.847479e-12,2.769496e-13
240.6500,1.386118e-11,3.663341e-13,4.119263e-11,5.295411e-13,3.640843e-12,2.728169e-13
240.7000,1.453560e-11,3.744272e-13,4.103481e-11,5.282785e-13,4.212021e-12,2.842404e-13
240.7500,1.521124e-11,3.825348e-13,4.066889e-11,5.253511e-13,4.093711e-12,2.818742e-13
240.8000,1.516239e-11,3.819486e-13,4.055821e-11,5.244657e-13,4.133056e-12,2.826611e-13
240.8500,1.489124e-11,3.786948e-13,4.054689e-11,5.243751e-13,3.652852e-12,2.730570e-13
240.9000,1.452472e-11,3.742967e-13,4.004648e-11,5.203719e-13,3.480021e-12,2.696004e-13
240.9500,1.551658e-11,3.861989e-13,4.072474e-11,5.257979e-13,3.862411e-12,2.772482e-13
241.0000,1.542233e-11,3.850679e-13,4.050309e-11,5.240247e-13,3.830763e-12,2.766153e-13
241.0500,1.576808e-11,3.892169e-13,4.156342e-11,5.325074e-13,4.016135e-12,2.803227e-13
241.1000,1.613638e-11,3.936366e-13,4.098823e-11,5.279058e-13,3.696249e-12,2.739250e-13
241.1500,1.687707e-11,4.025248e-13,4.093497e-11,5.274798e-13,3.549522e-12,2.709904e-13
241.2000,1.659280e-11,3.991136e-13,4.070999e-11,5.256799e-13,4.055134e-12,2.811027e-13
241.2500,1.630072e-11,3.956087e-13,4.015488e-11,5.212390e-13,3.790372e-12,2.758074e-13
241.3000,1.672680e-11,4.007216e-13,4.115529e-11,5.292424e-13,4.051978e-12,2.810396e-13
241.3500,1.719970e-11,4.063964e-13,4.096788e-11,5.277431e-13,4.284359e-12,2.856872e-13
241.4000,1.710961e-11,4.053154e-13,4.081752e-11,5.265402e-13,3.827176e-12,2.765435e-13
241.4500,1.740520e-11,4.088624e-13,4.111298e-11,5.289039e-13,4.437308e-12,2.887462e-13
241.5000,1.820861e-11,4.185033e-13,3.995026e-11,5.196020e-13,3.920682e-12,2.784136e-13
241.5500,1.803949e-11,4.164739e-13,4.004127e-11,5.203301e-13,4.449796e-12,2.889959e-13
241.6000,1.822870e-11,4.187443e-13,4.053683e-11,5.242947e-13,4.135105e-12,2.827021e-13
241.6500,1.736727e-11,4.084072e-13,4.028264e-11,5.222611e-13,3.658896e-12,2.731779e-13
241.7000,1.786384e-11,4.143660e-13,4.013786e-11,5.211028e-13,4.543001e-12,2.908600e-13
241.7500,1.850457e-11,4.220549e-13,4.063462e-11,5.250770e-13,3.966430e-12,2.793286e-13
241.8000,1.838313e-11,4.205976e-13,4.053219e-11,5.242575e-13,4.206533e-12,2.841307e-13
241.8500,1.877537e-11,4.253045e-13,4.069333e-11,5.255467e-13,4.140435e-12,2.828087e-13
241.9000,1.865658e-11,4.238790e-13,4.056418e-11,5.245135e-13,4.594887e-12,2.918977e-13
241.9500,1.923061e-11,4.307673e-13,3.982194e-11,5.185755e-13,4.393001e-12,2.878600e-13
242.0000,1.903327e-11,4.283992e-13,4.118549e-11,5.294839e-13,4.089688e-12,2.817938e-13
242.0500,1.933203e-11,4.319843e-13,4.162599e-11,5.330079e-13,4.036115e-12,2.807223e-13
242.1000,1.951974e-11,4.342369e-13,4.103057e-11,5.282446e-13,4.522331e-12,2.904466e-13
242.1500,1.921588e-11,4.305906e-13,4.038891e-11,5.231113e-13,4.705772e-12,2.941154e-13
242.2000,1.956025e-11,4.347231e-13,4.065165e-11,5.252132e-13,4.357891e-12,2.871578e-13
242.2500,2.000459e-11,4.400550e-13,4.076180e-11,5.260944e-13,4.600569e-12,2.920114e-13
242.3000,1.953650e-11,4.344380e-13,4.050481e-11,5.240385e-13,4.681101e-12,2.936220e-13
242.3500,1.963581e-11,4.356298e-13,3.965076e-11,5.172061e-13,4.512652e-12,2.902530e-13
242.4000,1.946456e-11,4.335748e-13,4.070216e-11,5.256173e-13,4.776439e-12,2.955288e-13
242.4500,2.027356e-11,4.432827e-13,4.102564e-11,5.282052e-13,4.606077e-12,2.921215e-13
242.5000,1.986270e-11,4.383524e-13,4.055236e-11,5.244189e-13,4.070623e-12,2.814125e-13
242.5500,1.964839e-11,4.357807e-13,4.062856e-11,5.250284e-13,4.936150e-12,2.987230e-13
242.6000,1.987283e-11,4.384739e-13,4.040405e-11,5.232324e-13,4.826090e-12,2.965218e-13
242.6500,2.025136e-11,4.430163e-13,4.043036e-11,5.234429e-13,4.555088e-12,2.911018e-13
242.7000,2.036569e-11,4.443882e-13,4.033488e-11,5.226790e-13,4.925569e-12,2.985114e-13
242.7500,1.983389e-11,4.380067e-13,4.067064e-11,5.253651e-13,4.842457e-12,2.968491e-13
242.8000,2.044882e-11,4.453858e-13,4.015212e-11,5.212170e-13,4.608291e-12,2.921658e-13
242.8500,1.967072e-11,4.360486e-13,4.056623e-11,5.245299e-13,5.148436e-12,3.029687e-13
242.9000,2.074157e-11,4.488988e-13,4.052087e-11,5.241669e-13,5.111303e-12,3.022261e-13
242.9500,2.084036e-11,4.500844e-13,4.059337e-11,5.247470e-13,5.027420e-12,3.005484e-13
243.0000,2.031798e-11,4.438158e-13,3.989930e-11,5.191944e-13,4.871048e-12,2.974210e-13
243.0500,2.041726e-11,4.450071e-13,4.014902e-11,5.211922e-13,4.613764e-12,2.922753e-13
243.1000,2.063792e-11,4.476551e-13,4.050166e-11,5.240133e-13,4.870606e-12,2.974121e-13
243.1500,2.071886e-11,4.486263e-13,4.035015e-11,5.228012e-13,5.324335e-12,3.064867e-13
243.2000,2.102317e-11,4.522780e-13,4.041400e-11,5.233120e-13,5.342455e-12,3.068491e-13
243.2500,2.061192e-11,4.473430e-13,3.999331e-11,5.199465e-13,5.633359e-12,3.126672e-13
243.3000,2.073292e-11,4.487950e-13,4.025257e-11,5.220205e-13,5.078355e-12,3.015671e-13
243.3500,2.113437e-11,4.536125e-13,4.107243e-11,5.285794e-13,4.703177e-12,2.940635e-13
243.4000,2.070793e-11,4.484952e-13,4.026262e-11,5.221010e-13,4.999299e-12,2.999860e-13
243.4500,2.067778e-11,4.481334e-13,4.064140e-11,5.251312e-13,5.273432e-12,3.054686e-13
243.5000,2.060877e-11,4.473052e-13,4.029575e-11,5.223660e-13,5.542267e-12,3.108453e-13
243.5500,2.100830e-11,4.520996e-13,4.046203e-11,5.236962e-13,5.472823e-12,3.094565e-13
243.6000,2.076517e-11,4.491820e-13,4.073962e-11,5.259170e-13,5.384055e-12,3.076811e-13
243.6500,2.075915e-11,4.491098e-13,4.018443e-11,5.214754e-13,5.345373e-12,3.069075e-13
243.7000,2.082374e-11,4.498848e-13,4.044005e-11,5.235204e-13,5.515998e-12,3.103200e-13
243.7500,2.060049e-11,4.472059e-13,4.082184e-11,5.265748e-13,5.168426e-12,3.033685e-13
243.8000,2.179857e-11,4.615829e-13,4.014224e-11,5.211379e-13,5.131720e-12,3.026344e-13
243.8500,2.142432e-11,4.570919e-13,3.988457e-11,5.190766e-13,5.123941e-12,3.024788e-13
243.9000,2.078690e-11,4.494428e-13,4.045396e-11,5.236317e-13,5.508444e-12,3.101689e-13
243.9500,2.089759e-11,4.507711e-13,3.989768e-11,5.191815e-13,5.284298e-12,3.056860e-13
244.0000,2.100479e-11,4.520574e-13,4.012342e-11,5.209874e-13,5.664482e-12,3.132896e-13
244.0500,2.132366e-11,4.558839e-13,4.057926e-11,5.246341e-13,5.387023e-12,3.077405e-13
244.1000,2.123127e-11,4.547752e-13,4.038196e-11,5.230557e-13,5.403879e-12,3.080776e-13
244.1500,2.161351e-11,4.593622e-13,4.005716e-11,5.204573e-13,5.225374e-12,3.045075e-13
244.2000,2.101454e-11,4.521745e-13,3.998495e-11,5.198796e-13,5.403896e-12,3.080779e-13
244.2500,2.110739e-11,4.532886e-13,4.071150e-11,5.256920e-13,5.249467e-12,3.049893e-13
244.3000,2.164922e-11,4.597907e-13,4.038616e-11,5.230892e-13,5.599460e-12,3.119892e-13
244.3500,2.187601e-11,4.625121e-13,4.063403e-11,5.250722e-13,5.563586e-12,3.112717e-13
244.4000,2.141722e-11,4.570066e-13,3.915038e-11,5.132030e-13,5.656831e-12,3.131366e-13
244.4500,2.107013e-11,4.528415e-13,4.045738e-11,5.236591e-13,5.383631e-12,3.076726e-13
244.5000,2.102842e-11,4.523411e-13,4.019961e-11,5.215969e-13,5.719288e-12,3.143858e-13
244.5500,2.159590e-11,4.591508e-13,4.058210e-11,5.246568e-13,5.729569e-12,3.145914e-13
244.6000,2.227953e-11,4.673544e-13,4.003134e-11,5.202507e-13,5.762993e-12,3.152599e-13
244.6500,2.225623e-11,4.670748e-13,3.996635e-11,5.197308e-13,5.591113e-12,3.118223e-13
244.7000,2.198939e-11,4.638727e-13,3.928455e-11,5.142764e-13,5.817427e-12,3.163485e-13
244.7500,2.140623e-11,4.568747e-13,3.950712e-11,5.160570e-13,5.799011e-12,3.159802e-13
244.8000,2.142957e-11,4.571549e-13,3.993717e-11,5.194974e-13,5.845757e-12,3.169151e-13
244.8500,2.180346e-11,4.616415e-13,4.009393e-11,5.207515e-13,5.614003e-12,3.122801e-13
244.9000,2.155851e-11,4.587021e-13,3.953538e-11,5.162830e-13,5.968587e-12,3.193717e-13
244.9500,2.153185e-11,4.583821e-13,3.996203e-11,5.196962e-13,5.845758e-12,3.169152e-13
245.0000,2.204847e-11,4.645816e-13,3.994794e-11,5.195835e-13,5.951098e-12,3.190220e-13
245.0500,2.176468e-11,4.611761e-13,4.063305e-11,5.250644e-13,5.561937e-12,3.112387e-13
245.1000,2.170532e-11,4.604639e-13,3.974950e-11,5.179960e-13,6.233487e-12,3.246697e-13
245.1500,2.224807e-11,4.669769e-13,3.979625e-11,5.183700e-13,6.360602e-12,3.272120e-13
245.2000,2.179090e-11,4.614908e-13,4.004696e-11,5.203757e-13,6.018805e-12,3.203761e-13
245.2500,2.208429e-11,4.650115e-13,4.041296e-11,5.233037e-13,5.939857e-12,3.187971e-13
245.3000,2.139795e-11,4.567754e-13,3.992769e-11,5.194215e-13,5.841518e-12,3.168304e-13
245.3500,2.130389e-11,4.556467e-13,3.970941e-11,5.176753e-13,5.404470e-12,3.080894e-13
245.4000,2.180884e-11,4.617061e-13,4.009185e-11,5.207348e-13,6.164944e-12,3.232989e-13
245.4500,2.239622e-11,4.687547e-13,3.972731e-11,5.178185e-13,6.081991e-12,3.216398e-13
245.5000,2.191948e-11,4.630337e-13,4.005035e-11,5.204028e-13,6.262991e-12,3.252598e-13
245.5500,2.118824e-11,4.542588e-13,3.969189e-11,5.175351e-13,6.174916e-12,3.234983e-13
245.6000,2.160188e-11,4.592226e-13,4.025629e-11,5.220503e-13,6.163316e-12,3.232663e-13
245.6500,2.179044e-11,4.614853e-13,4.026768e-11,5.221414e-13,6.179689e-12,3.235938e-13
245.7000,2.159621e-11,4.591545e-13,3.998401e-11,5.198721e-13,5.776701e-12,3.155340e-13
245.7500,2.186757e-11,4.624108e-13,3.920802e-11,5.136642e-13,6.011962e-12,3.202392e-13
245.8000,2.178241e-11,4.613889e-13,3.974054e-11,5.179243e-13,6.392917e-12,3.278583e-13
245.8500,2.189357e-11,4.627228e-13,4.027571e-11,5.222056e-13,5.930861e-12,3.186172e-13
245.9000,2.162762e-11,4.595314e-13,4.008739e-11,5.206992e-13,5.939441e-12,3.187888e-13
245.9500,2.169823e-11,4.603787e-13,4.040948e-11,5.232758e-13,6.151489e-12,3.230298e-13
246.0000,2.246672e-11,4.696006e-13,3.929695e-11,5.143756e-13,6.313571e-12,3.262714e-13
246.0500,2.142328e-11,4.570794e-13,3.968751e-11,5.175001e-13,6.116166e-12,3.223233e-13
246.1000,2.171685e-11,4.606022e-13,4.011289e-11,5.209032e-13,6.682408e-12,3.336482e-13
246.1500,2.183876e-11,4.620651e-13,4.053427e-11,5.242742e-13,6.240619e-12,3.248124e-13
246.2000,2.180068e-11,4.616081e-13,4.037488e-11,5.229991e-13,6.360019e-12,3.272004e-13
246.2500,2.182340e-11,4.618808e-13,3.990353e-11,5.192282e-13,6.344883e-12,3.268977e-13
246.3000,2.153242e-11,4.583890e-13,3.973719e-11,5.178976e-13,6.665712e-12,3.333142e-13
246.3500,2.180097e-11,4.616117e-13,3.982092e-11,5.185674e-13,6.068862e-12,3.213772e-13
246.4000,2.174629e-11,4.609555e-13,3.932492e-11,5.145994e-13,6.421677e-12,3.284335e-13
246.4500,2.242631e-11,4.691157e-13,3.981181e-11,5.184945e-13,6.495454e-12,3.299091e-13
246.5000,2.228552e-11,4.674262e-13,4.040883e-11,5.232707e-13,6.738908e-12,3.347782e-13
246.5500,2.170788e-11,4.604946e-13,3.956910e-11,5.165528e-13,6.349010e-12,3.269802e-13
246.6000,2.220447e-11,4.664536e-13,3.932184e-11,5.145747e-13,6.524328e-12,3.304866e-13
246.6500,2.222765e-11,4.667317e-13,3.966814e-11,5.173452e-13,6.700843e-12,3.340169e-13
246.7000,2.199606e-11,4.639527e-13,3.973720e-11,5.178976e-13,6.280033e-12,3.256007e-13
246.7500,2.201870e-11,4.642244e-13,3.981048e-11,5.184838e-13,6.677448e-12,3.335490e-13
246.8000,2.215517e-11,4.658621e-13,4.020029e-11,5.216023e-13,6.411315e-12,3.282263e-13
246.8500,2.226387e-11,4.671665e-13,4.032401e-11,5.225921e-13,6.385846e-12,3.277169e-13
246.9000,2.212328e-11,4.654793e-13,3.971210e-11,5.176968e-13,6.468260e-12,3.293652e-13
246.9500,2.230022e-11,4.676027e-13,4.025546e-11,5.220437e-13,6.146815e-12,3.229363e-13
247.0000,2.198405e-11,4.638086e-13,3.958315e-11,5.166652e-13,6.507528e-12,3.301506e-13
247.0500,2.200651e-11,4.640781e-13,3.946101e-11,5.156881e-13,6.338343e-12,3.267669e-13
247.1000,2.210825e-11,4.652990e-13,3.999726e-11,5.199781e-13,6.493794e-12,3.298759e-13
247.1500,2.237777e-11,4.685332e-13,3.978349e-11,5.182679e-13,6.368462e-12,3.273692e-13
247.2000,2.119220e-11,4.543064e-13,3.957669e-11,5.166135e-13,6.767912e-12,3.353582e-13
247.2500,2.243916e-11,4.692699e-13,3.925896e-11,5.140717e-13,6.485204e-12,3.297041e-13
247.3000,2.263932e-11,4.716719e-13,3.989958e-11,5.191966e-13,6.643863e-12,3.328773e-13
247.3500,2.148902e-11,4.578682e-13,3.999233e-11,5.199386e-13,6.686128e-12,3.337226e-13
247.4000,2.228943e-11,4.674732e-13,3.988403e-11,5.190722e-13,6.644822e-12,3.328964e-13
247.4500,2.163282e-11,4.595938e-13,3.985672e-11,5.188538e-13,6.688008e-12,3.337602e-13
247.5000,2.205937e-11,4.647124e-13,3.930861e-11,5.144688e-13,6.968888e-12,3.393778e-13
247.5500,2.205448e-11,4.646537e-13,4.011350e-11,5.209080e-13,6.590992e-12,3.318198e-13
247.6000,2.203610e-11,4.644332e-13,3.986728e-11,5.189382e-13,6.604959e-12,3.320992e-13
247.6500,2.187580e-11,4.625097e-13,3.965427e-11,5.172341e-13,6.310563e-12,3.262113e-13
247.7000,2.234682e-11,4.681619e-13,3.951396e-11,5.161117e-13,7.110834e-12,3.422167e-13
247.7500,2.199667e-11,4.639601e-13,3.917420e-11,5.133936e-13,6.903877e-12,3.380775e-13
247.8000,2.233063e-11,4.679676e-13,3.976936e-11,5.181548e-13,6.981442e-12,3.396288e-13
247.8500,2.215609e-11,4.658731e-13,3.965782e-11,5.172625e-13,6.182654e-12,3.236531e-13
247.9000,2.211502e-11,4.653803e-13,3.964064e-11,5.171251e-13,6.851240e-12,3.370248e-13
247.9500,2.186722e-11,4.624067e-13,3.958291e-11,5.166633e-13,6.590049e-12,3.318010e-13
248.0000,2.229649e-11,4.675579e-13,3.889434e-11,5.111547e-13,7.080755e-12,3.416151e-13
248.0500,2.164080e-11,4.596896e-13,3.996516e-11,5.197213e-13,6.961484e-12,3.392297e-13
248.1000,2.118199e-11,4.541839e-13,3.976498e-11,5.181199e-13,6.773691e-12,3.354738e-13
248.1500,2.187752e-11,4.625302e-13,4.031983e-11,5.225587e-13,6.740786e-12,3.348157e-13
248.2000,2.152311e-11,4.582773e-13,4.053426e-11,5.242741e-13,6.658689e-12,3.331738e-13
248.2500,2.227505e-11,4.673006e-13,3.982371e-11,5.185897e-13,6.180980e-12,3.236196e-13
248.3000,2.157184e-11,4.588621e-13,3.993361e-11,5.194689e-13,6.862050e-12,3.372410e-13
248.3500,2.113017e-11,4.535621e-13,3.986641e-11,5.189313e-13,6.736111e-12,3.347222e-13
248.4000,2.179536e-11,4.615443e-13,3.901363e-11,5.121090e-13,6.405548e-12,3.281110e-13
248.4500,2.238491e-11,4.686190e-13,3.983141e-11,5.186513e-13,6.424497e-12,3.284899e-13
248.5000,2.204772e-11,4.645727e-13,3.916343e-11,5.133074e-13,6.698692e-12,3.339738e-13
248.5500,2.151941e-11,4.582329e-13,3.998066e-11,5.198453e-13,6.393669e-12,3.278734e-13
248.6000,2.225318e-11,4.670382e-13,3.907352e-11,5.125881e-13,6.544826e-12,3.308965e-13
248.6500,2.236718e-11,4.684061e-13,3.965933e-11,5.172746e-13,6.663537e-12,3.332707e-13
248.7000,2.183818e-11,4.620582e-13,3.935848e-11,5.148679e-13,6.999789e-12,3.399958e-13
248.7500,2.207078e-11,4.648494e-13,3.933621e-11,5.146896e-13,7.140207e-12,3.428041e-13
248.8000,2.281617e-11,4.737941e-13,4.050470e-11,5.240376e-13,6.664396e-12,3.332879e-13
248.8500,2.269793e-11,4.723751e-13,3.963976e-11,5.171180e-13,6.180656e-12,3.236131e-13
248.9000,2.205723e-11,4.646868e-13,4.022457e-11,5.217965e-13,6.989288e-12,3.397858e-13
248.9500,2.168546e-11,4.602255e-13,3.992935e-11,5.194348e-13,6.782434e-12,3.356487e-13
249.0000,2.195573e-11,4.634687e-13,3.900985e-11,5.120788e-13,6.773210e-12,3.354642e-13
249.0500,2.194151e-11,4.632981e-13,3.964762e-11,5.171810e-13,7.193008e-12,3.438602e-13
249.1000,2.207451e-11,4.648942e-13,3.912494e-11,5.129995e-13,6.798669e-12,3.359734e-13
249.1500,2.178653e-11,4.614384e-13,3.994261e-11,5.195408e-13,6.643858e-12,3.328772e-13
249.2000,2.183407e-11,4.620089e-13,3.955332e-11,5.164265e-13,7.384920e-12,3.476984e-13
249.2500,2.218861e-11,4.662634e-13,3.980194e-11,5.184155e-13,6.922214e-12,3.384443e-13
249.3000,2.180341e-11,4.616409e-13,3.970453e-11,5.176362e-13,6.572168e-12,3.314434e-13
249.3500,2.143153e-11,4.571783e-13,3.946854e-11,5.157483e-13,6.587048e-12,3.317410e-13
249.4000,2.182046e-11,4.618455e-13,3.980527e-11,5.184422e-13,6.996228e-12,3.399246e-13
249.4500,2.110532e-11,4.532639e-13,3.983193e-11,5.186555e-13,6.818908e-12,3.363782e-13
249.5000,2.143366e-11,4.572039e-13,3.958041e-11,5.166433e-13,6.746269e-12,3.349254e-13
249.5500,2.193269e-11,4.631923e-13,3.967314e-11,5.173851e-13,6.885556e-12,3.377111e-13
249.6000,2.233355e-11,4.680025e-13,3.983322e-11,5.186658e-13,6.572573e-12,3.314515e-13
249.6500,2.188135e-11,4.625762e-13,3.958889e-11,5.167112e-13,6.688594e-12,3.337719e-13
249.7000,2.210088e-11,4.652106e-13,3.972421e-11,5.177936e-13,7.075828e-12,3.415166e-13
249.7500,2.161992e-11,4.594390e-13,3.986291e-11,5.189032e-13,7.044802e-12,3.408960e-13
249.8000,2.243413e-11,4.692096e-13,3.986795e-11,5.189436e-13,7.446163e-12,3.489233e-13
249.8500,2.195474e-11,4.634568e-13,3.991066e-11,5.192853e-13,7.125119e-12,3.425024e-13
249.9000,2.209690e-11,4.651628e-13,3.932631e-11,5.146105e-13,6.695691e-12,3.339138e-13
249.9500,2.152930e-11,4.583516e-13,4.025637e-11,5.220509e-13,7.208063e-12,3.441613e-13
250.0000,2.226197e-11,4.671436e-13,3.959884e-11,5.167907e-13,7.530190e-12,3.506038e-13
250.0500,2.152933e-11,4.583520e-13,3.993895e-11,5.195116e-13,6.637706e-12,3.327541e-13
250.1000,2.176170e-11,4.611405e-13,3.959333e-11,5.167467e-13,7.016159e-12,3.403232e-13
250.1500,2.195477e-11,4.634572e-13,3.951233e-11,5.160987e-13,7.147168e-12,3.429434e-13
250.2000,2.174435e-11,4.609322e-13,3.968514e-11,5.174811e-13,7.199696e-12,3.439939e-13
250.2500,2.223782e-11,4.668538e-13,4.001624e-11,5.201299e-13,6.814479e-12,3.362896e-13
250.3000,2.170265e-11,4.604318e-13,3.929668e-11,5.143734e-13,6.907440e-12,3.381488e-13
250.3500,2.141832e-11,4.570198e-13,4.011204e-11,5.208963e-13,6.873502e-12,3.374700e-13
250.4000,2.206537e-11,4.647844e-13,4.055327e-11,5.244262e-13,6.638926e-12,3.327785e-13
250.4500,2.224132e-11,4.668958e-13,3.988964e-11,5.191171e-13,7.446309e-12,3.489262e-13
250.5000,2.185560e-11,4.622672e-13,3.986355e-11,5.189084e-13,7.132761e-12,3.426552e-13
250.5500,2.179734e-11,4.615680e-13,3.929800e-11,5.143840e-13,7.241869e-12,3.448374e-13
250.6000,2.218643e-11,4.662371e-13,3.984739e-11,5.187791e-13,7.037769e-12,3.407554e-13
250.6500,2.207191e-11,4.648629e-13,3.975672e-11,5.180538e-13,6.930013e-12,3.386003e-13
250.7000,2.191062e-11,4.629274e-13,4.050214e-11,5.240172e-13,7.010408e-12,3.402082e-13
250.7500,2.223839e-11,4.668607e-13,3.997060e-11,5.197648e-13,6.816835e-12,3.363367e-13
250.8000,2.230425e-11,4.676510e-13,3.951993e-11,5.161594e-13,7.361314e-12,3.472263e-13
250.8500,2.265658e-11,4.718790e-13,3.983247e-11,5.186597e-13,6.913738e-12,3.382748e-13
250.9000,2.201365e-11,4.641638e-13,3.941423e-11,5.153139e-13,6.848338e-12,3.369668e-13
250.9500,2.197502e-11,4.637002e-13,3.984524e-11,5.187620e-13,7.150623e-12,3.430125e-13
251.0000,2.158395e-11,4.590073e-13,3.926196e-11,5.140957e-13,6.940724e-12,3.388145e-13
251.0500,2.218826e-11,4.662592e-13,3.940158e-11,5.152126e-13,6.504917e-12,3.300983e-13
251.1000,2.189965e-11,4.627958e-13,3.937527e-11,5.150022e-13,7.458479e-12,3.491696e-13
251.1500,2.181252e-11,4.617503e-13,3.933862e-11,5.147090e-13,7.096422e-12,3.419284e-13
251.2000,2.221897e-11,4.666276e-13,3.945050e-11,5.156040e-13,7.262350e-12,3.452470e-13
251.2500,2.205316e-11,4.646379e-13,3.966894e-11,5.173515e-13,6.588272e-12,3.317654e-13
251.3000,2.149846e-11,4.579815e-13,3.967549e-11,5.174039e-13,6.991985e-12,3.398397e-13
251.3500,2.239063e-11,4.686875e-13,3.933318e-11,5.146654e-13,7.228419e-12,3.445684e-13
251.4000,2.176499e-11,4.611799e-13,4.017706e-11,5.214165e-13,6.881113e-12,3.376223e-13
251.4500,2.194303e-11,4.633163e-13,3.979502e-11,5.183601e-13,6.940707e-12,3.388141e-13
251.5000,2.255554e-11,4.706665e-13,3.987156e-11,5.189725e-13,6.670848e-12,3.334170e-13
251.5500,2.223056e-11,4.667667e-13,3.958166e-11,5.166533e-13,7.115494e-12,3.423099e-13
251.6000,2.194936e-11,4.633923e-13,3.948900e-11,5.159120e-13,7.612159e-12,3.522432e-13
251.6500,2.227268e-11,4.672721e-13,3.941032e-11,5.152825e-13,7.212648e-12,3.442530e-13
251.7000,2.200238e-11,4.640285e-13,3.940602e-11,5.152482e-13,7.140758e-12,3.428152e-13
251.7500,2.194645e-11,4.633574e-13,3.921337e-11,5.137070e-13,7.009679e-12,3.401936e-13
251.8000,2.151694e-11,4.582033e-13,3.911852e-11,5.129482e-13,7.483196e-12,3.496639e-13
251.8500,2.191123e-11,4.629347e-13,3.974739e-11,5.179791e-13,7.120581e-12,3.424116e-13
251.9000,2.202550e-11,4.643060e-13,3.995460e-11,5.196368e-13,6.814268e-12,3.362854e-13
251.9500,2.284021e-11,4.740825e-13,4.040991e-11,5.232793e-13,7.468724e-12,3.493745e-13
252.0000,2.203230e-11,4.643876e-13,3.967757e-11,5.174206e-13,7.313936e-12,3.462787e-13
252.0500,2.162267e-11,4.594721e-13,3.882722e-11,5.106178e-13,7.296302e-12,3.459260e-13
252.1000,2.205215e-11,4.646258e-13,3.990248e-11,5.192198e-13,6.793237e-12,3.358647e-13
252.1500,2.213324e-11,4.655989e-13,3.939743e-11,5.151795e-13,7.224388e-12,3.444878e-13
252.2000,2.185626e-11,4.622752e-13,3.978934e-11,5.183148e-13,7.454095e-12,3.490819e-13
252.2500,2.206755e-11,4.648106e-13,3.983082e-11,5.186466e-13,7.217513e-12,3.443503e-13
252.3000,2.203239e-11,4.643887e-13,3.858202e-11,5.086562e-13,6.892666e-12,3.378533e-13
252.3500,2.208741e-11,4.650489e-13,3.884492e-11,5.107594e-13,7.068427e-12,3.413685e-13
252.4000,2.276104e-11,4.731324e-13,3.988246e-11,5.190597e-13,7.447876e-12,3.489575e-13
252.4500,2.195494e-11,4.634593e-13,3.928630e-11,5.142904e-13,6.970476e-12,3.394095e-13
252.5000,2.143380e-11,4.572056e-13,3.944479e-11,5.155583e-13,7.059004e-12,3.411801e-13
252.5500,2.265519e-11,4.718623e-13,3.970911e-11,5.176729e-13,6.868991e-12,3.373798e-13
252.6000,2.163929e-11,4.596714e-13,3.930800e-11,5.144640e-13,6.850074e-12,3.370015e-13
252.6500,2.221575e-11,4.665890e-13,3.998135e-11,5.198508e-13,7.555251e-12,3.511050e-13
252.7000,2.207756e-11,4.649307e-13,3.980648e-11,5.184518e-13,7.190437e-12,3.438087e-13
252.7500,2.242902e-11,4.691482e-13,3.993215e-11,5.194572e-13,7.247549e-12,3.449510e-13
252.8000,2.213021e-11,4.655625e-13,3.929033e-11,5.143227e-13,7.402293e-12,3.480459e-13
252.8500,2.276413e-11,4.731696e-13,3.938588e-11,5.150870e-13,7.233812e-12,3.446762e-13
252.9000,2.233538e-11,4.680245e-13,4.010242e-11,5.208193e-13,7.521614e-12,3.504323e-13
252.9500,2.224890e-11,4.669868e-13,3.966308e-11,5.173046e-13,6.938203e-12,3.387641e-13
253.0000,2.214676e-11,4.657611e-13,4.003819e-11,5.203055e-13,7.427935e-12,3.485587e-13
253.0500,2.193252e-11,4.631902e-13,3.919998e-11,5.135998e-13,7.300239e-12,3.460048e-13
253.1000,2.208146e-11,4.649775e-13,3.922954e-11,5.138363e-13,7.520498e-12,3.504100e-13
253.1500,2.214844e-11,4.657813e-13,3.969484e-11,5.175587e-13,7.371411e-12,3.474282e-13
253.2000,2.230789e-11,4.676947e-13,3.991524e-11,5.193219e-13,7.130552e-12,3.426110e-13
253.2500,2.175840e-11,4.611008e-13,3.892435e-11,5.113948e-13,7.370261e-12,3.474052e-13
253.3000,2.176902e-11,4.612282e-13,4.015286e-11,5.212229e-13,7.219620e-12,3.443924e-13
253.3500,2.182526e-11,4.619032e-13,3.979717e-11,5.183774e-13,6.967740e-12,3.393548e-13
253.4000,2.210924e-11,4.653109e-13,3.928498e-11,5.142798e-13,7.309123e-12,3.461825e-13
253.4500,2.154505e-11,4.585406e-13,3.905736e-11,5.124589e-13,7.067645e-12,3.413529e-13
253.5000,2.225180e-11,4.670216e-13,3.950943e-11,5.160755e-13,7.098329e-12,3.419666e-13
253.5500,2.180002e-11,4.616002e-13,3.913163e-11,5.130530e-13,6.900709e-12,3.380142e-13
253.6000,2.235924e-11,4.683109e-13,3.984791e-11,5.187833e-13,6.867416e-12,3.373483e-13
253.6500,2.195921e-11,4.635106e-13,3.925970e-11,5.140776e-13,7.342150e-12,3.468430e-13
253.7000,2.206702e-11,4.648043e-13,3.972359e-11,5.177887e-13,7.211024e-12,3.442205e-13
253.7500,2.168107e-11,4.601728e-13,3.930350e-11,5.144280e-13,6.882894e-12,3.376579e-13
253.8000,2.173404e-11,4.608085e-13,3.988201e-11,5.190561e-13,7.348038e-12,3.469608e-13
253.8500,2.205976e-11,4.647171e-13,3.979838e-11,5.183870e-13,6.924224e-12,3.384845e-13
253.9000,2.175131e-11,4.610157e-13,3.952621e-11,5.162097e-13,7.025074e-12,3.405015e-13
253.9500,2.159384e-11,4.591261e-13,3.957933e-11,5.166346e-13,7.100160e-12,3.420032e-13
